
> la-posta-cine@0.0.1 build
> astro build

10:03:23 [content] Syncing content
10:03:23 [content] Synced content
10:03:23 [types] Generated 94ms
10:03:23 [build] output: "static"
10:03:23 [build] mode: "static"
10:03:23 [build] directory: C:\WebsitePeliculas\dist\
10:03:23 [build] Collecting build info...
10:03:23 [build] ✓ Completed in 131ms.
10:03:27 [build] Building static entrypoints...
10:03:29 [vite] ✓ built in 1.98s
10:03:35 [vite] ✓ built in 5.83s
10:03:35 [build] Rearranging server assets...

 generating static routes
10:03:36   ├─ /como-funciona/index.html (+10ms)
10:03:36   ├─ /comunidad/peliculas/animales-ben-affleck-2026/index.html (+4ms)
10:03:36   ├─ /comunidad/peliculas/annemarie-2026/index.html (+2ms)
10:03:36   ├─ /comunidad/peliculas/mandaadi-2026/index.html (+2ms)
10:03:36   ├─ /comunidad/peliculas/matchbox-la-pelicula-2026/index.html (+2ms)
10:03:36   ├─ /comunidad/peliculas/project-baby-2026/index.html (+2ms)
10:03:36   ├─ /comunidad/peliculas/a-cualquier-precio-2026/index.html (+2ms)
10:03:36   ├─ /comunidad/peliculas/drags-to-riches-2026/index.html (+2ms)
10:03:36   ├─ /comunidad/peliculas/el-tren-fluvial-2026/index.html (+2ms)
10:03:36   ├─ /comunidad/peliculas/hope-el-primer-impacto-2026/index.html (+2ms)
10:03:36   ├─ /comunidad/peliculas/la-ultima-bala-2026/index.html (+1ms)
10:03:36   ├─ /comunidad/peliculas/lo-dejamos-aca-2026/index.html (+1ms)
10:03:36   ├─ /comunidad/peliculas/madre-siniestra-2026/index.html (+1ms)
10:03:36   ├─ /comunidad/peliculas/socias-por-accidente-2026/index.html (+1ms)
10:03:36   ├─ /comunidad/peliculas/la-casa-2025/index.html (+1ms)
10:03:36   ├─ /comunidad/peliculas/la-vida-es-asi-2025/index.html (+1ms)
10:03:36   ├─ /comunidad/peliculas/cars-2006/index.html (+1ms)
10:03:36   ├─ /comunidad/peliculas/quien-es-martin-mull-2026/index.html (+1ms)
10:03:36   ├─ /comunidad/peliculas/cada-vez-menos-extrano-2026/index.html (+1ms)
10:03:36   ├─ /comunidad/peliculas/pulp-que-harias-por-una-cancion-mas-2026/index.html (+1ms)
10:03:36   ├─ /comunidad/peliculas/vigilante-2026/index.html (+1ms)
10:03:36   ├─ /comunidad/peliculas/una-pelicula-de-parque-chas-2025/index.html (+1ms)
10:03:36   ├─ /comunidad/peliculas/el-ultimo-desafio-k2-en-invierno-2026/index.html (+1ms)
10:03:36   ├─ /comunidad/peliculas/las-cartas-de-la-vida-2026/index.html (+1ms)
10:03:36   ├─ /comunidad/peliculas/schumacher-94-nace-una-leyenda-2026/index.html (+1ms)
10:03:36   ├─ /comunidad/peliculas/cable-mortal-2026/index.html (+1ms)
10:03:36   ├─ /comunidad/peliculas/digger-2026/index.html (+1ms)
10:03:36   ├─ /comunidad/peliculas/disney-creadores-de-mundos-2026/index.html (+1ms)
10:03:36   ├─ /comunidad/peliculas/escondida-en-mi-cabeza-2026/index.html (+2ms)
10:03:36   ├─ /comunidad/peliculas/guardianes-del-museo-2-2026/index.html (+1ms)
10:03:36   ├─ /comunidad/peliculas/hangar-rojo-2026/index.html (+1ms)
10:03:36   ├─ /comunidad/peliculas/midnight-girls-2026/index.html (+1ms)
10:03:36   ├─ /comunidad/peliculas/ninja-wars-blackfox-vs-shoguns-ninja-2026/index.html (+1ms)
10:03:36   ├─ /comunidad/peliculas/papa-a-cargo-2026/index.html (+1ms)
10:03:36   ├─ /comunidad/peliculas/puella-magi-madoka-magica-walpurgisnacht-rising-2026/index.html (+2ms)
10:03:36   ├─ /comunidad/peliculas/relajadas-y-muy-peligrosas-2026/index.html (+1ms)
10:03:36   ├─ /comunidad/peliculas/ricos-sin-dinero-2026/index.html (+1ms)
10:03:36   ├─ /comunidad/peliculas/soulm8te-2026/index.html (+1ms)
10:03:36   ├─ /comunidad/peliculas/verity-la-sombra-de-un-engano-2026/index.html (+1ms)
10:03:36   ├─ /comunidad/peliculas/vertigo-2-punto-muerto-2026/index.html (+1ms)
10:03:36   ├─ /comunidad/peliculas/cuentos-del-jardin-magico-2025/index.html (+1ms)
10:03:36   ├─ /comunidad/peliculas/retrato-de-un-pianista-2025/index.html (+1ms)
10:03:36   ├─ /comunidad/peliculas/ay-mi-perro-2026/index.html (+1ms)
10:03:36   ├─ /comunidad/peliculas/linkin-park-unshatter-2026/index.html (+1ms)
10:03:36   ├─ /comunidad/peliculas/mononoke-iii-la-maldicion-de-la-serpiente-2026/index.html (+1ms)
10:03:36   ├─ /comunidad/peliculas/the-swan-el-reality-mas-extremo-2026/index.html (+1ms)
10:03:36   ├─ /comunidad/peliculas/the-furious-pertaruhan-maruah-2026/index.html (+2ms)
10:03:36   ├─ /comunidad/peliculas/furia-de-los-thunderman-2026/index.html (+1ms)
10:03:36   ├─ /comunidad/peliculas/el-diario-de-pilar-en-amazonas-2026/index.html (+1ms)
10:03:36   ├─ /comunidad/peliculas/stray-kids-the-dominate-experience-2026/index.html (+2ms)
10:03:36   ├─ /comunidad/peliculas/unabomber-2026/index.html (+1ms)
10:03:36   ├─ /comunidad/peliculas/el-corazon-de-la-bestia-2026/index.html (+1ms)
10:03:36   ├─ /comunidad/peliculas/el-ultimo-gran-golpe-2026/index.html (+1ms)
10:03:36   ├─ /comunidad/peliculas/hospital-britanico-2026/index.html (+1ms)
10:03:36   ├─ /comunidad/peliculas/la-isla-olvidada-2026/index.html (+2ms)
10:03:36   ├─ /comunidad/peliculas/su-propio-infierno-2026/index.html (+2ms)
10:03:36   ├─ /comunidad/peliculas/bajo-tus-pies-2025/index.html (+1ms)
10:03:36   ├─ /comunidad/peliculas/encantador-2025/index.html (+1ms)
10:03:36   ├─ /comunidad/peliculas/sinagtala-2025/index.html (+1ms)
10:03:36   ├─ /comunidad/peliculas/los-calvos-2024/index.html (+1ms)
10:03:36   ├─ /comunidad/peliculas/baby-do-die-do-2026/index.html (+1ms)
10:03:36   ├─ /comunidad/peliculas/la-hipotesis-del-amor-2026/index.html (+1ms)
10:03:36   ├─ /comunidad/peliculas/autos-mota-y-rocanrol-2025/index.html (+1ms)
10:03:36   ├─ /comunidad/peliculas/sin-rastro-2025/index.html (+1ms)
10:03:36   ├─ /comunidad/peliculas/sombras-del-pasado-2024/index.html (+1ms)
10:03:36   ├─ /comunidad/peliculas/cuatro-historias-de-deseo-3-2026/index.html (+1ms)
10:03:36   ├─ /comunidad/peliculas/irumudi-2026/index.html (+2ms)
10:03:36   ├─ /comunidad/peliculas/modha-rathri-2026/index.html (+1ms)
10:03:36   ├─ /comunidad/peliculas/tiburon-blanco-la-bestia-del-mar-2025/index.html (+1ms)
10:03:36   ├─ /comunidad/peliculas/desobediente-2026/index.html (+1ms)
10:03:36   ├─ /comunidad/peliculas/el-arbol-magico-2026/index.html (+1ms)
10:03:36   ├─ /comunidad/peliculas/panda-plan-2-la-tribu-magica-2026/index.html (+1ms)
10:03:36   ├─ /comunidad/peliculas/resident-evil-noche-cero-2026/index.html (+1ms)
10:03:36   ├─ /comunidad/peliculas/incognito-2025/index.html (+2ms)
10:03:36   ├─ /comunidad/peliculas/tres-adioses-2025/index.html (+1ms)
10:03:36   ├─ /comunidad/peliculas/septiembre-5-2024/index.html (+2ms)
10:03:36   ├─ /comunidad/peliculas/puella-magi-madoka-magica-la-rebelion-2013/index.html (+1ms)
10:03:36   ├─ /comunidad/peliculas/one-piece-la-pelicula-2000/index.html (+1ms)
10:03:36   ├─ /comunidad/peliculas/la-apuesta-mas-alta-2026/index.html (+1ms)
10:03:36   ├─ /comunidad/peliculas/gracias-equipo-2026/index.html (+1ms)
10:03:36   ├─ /comunidad/peliculas/libang-libu-2026/index.html (+1ms)
10:03:36   ├─ /comunidad/peliculas/islandia-2025/index.html (+1ms)
10:03:36   ├─ /comunidad/peliculas/el-maestro-del-crimen-2024/index.html (+1ms)
10:03:36   ├─ /comunidad/peliculas/pintor-at-paraluman-2024/index.html (+1ms)
10:03:36   ├─ /comunidad/peliculas/pibas-superpoderosas-2023/index.html (+1ms)
10:03:36   ├─ /comunidad/peliculas/tickets-2023/index.html (+1ms)
10:03:36   ├─ /comunidad/peliculas/tu-forma-de-ver-el-mundo-2022/index.html (+1ms)
10:03:36   ├─ /comunidad/peliculas/de-aca-a-la-china-2020/index.html (+1ms)
10:03:36   ├─ /comunidad/peliculas/game-of-death-2017/index.html (+1ms)
10:03:36   ├─ /comunidad/peliculas/sequia-2017/index.html (+1ms)
10:03:36   ├─ /comunidad/peliculas/caza-bajo-el-sol-2014/index.html (+1ms)
10:03:36   ├─ /comunidad/peliculas/aunque-me-cueste-la-vida-2008/index.html (+1ms)
10:03:36   ├─ /comunidad/peliculas/v-de-vendetta-2005/index.html (+1ms)
10:03:36   ├─ /comunidad/peliculas/la-momia-1999/index.html (+1ms)
10:03:36   ├─ /comunidad/peliculas/star-trek-vi-aquel-pais-desconocido-1991/index.html (+1ms)
10:03:36   ├─ /comunidad/peliculas/star-trek-v-la-ultima-frontera-1989/index.html (+1ms)
10:03:36   ├─ /comunidad/peliculas/star-trek-iv-mision-salvar-la-tierra-1986/index.html (+1ms)
10:03:36   ├─ /comunidad/peliculas/star-trek-iii-en-busca-de-spock-1984/index.html (+1ms)
10:03:36   ├─ /comunidad/peliculas/llama-a-mi-agente-la-pelicula-2026/index.html (+1ms)
10:03:36   ├─ /comunidad/peliculas/ballena-asesina-2026/index.html (+1ms)
10:03:36   ├─ /comunidad/peliculas/besar-es-facil-2026/index.html (+1ms)
10:03:36   ├─ /comunidad/peliculas/codigo-venganza-2026/index.html (+1ms)
10:03:36   ├─ /comunidad/peliculas/couture-vidas-entrelazadas-2026/index.html (+1ms)
10:03:36   ├─ /comunidad/peliculas/el-dia-de-la-revelacion-2026/index.html (+2ms)
10:03:36   ├─ /comunidad/peliculas/el-heladero-2026/index.html (+1ms)
10:03:36   ├─ /comunidad/peliculas/hasta-que-la-verdad-los-separe-2026/index.html (+1ms)
10:03:36   ├─ /comunidad/peliculas/hechizo-de-amor-la-magia-continua-2026/index.html (+1ms)
10:03:36   ├─ /comunidad/peliculas/italiana-2026/index.html (+1ms)
10:03:36   ├─ /comunidad/peliculas/la-ambicion-de-los-savage-2026/index.html (+1ms)
10:03:36   ├─ /comunidad/peliculas/los-archivos-perdidos-del-dr-romanoski-2026/index.html (+1ms)
10:03:36   ├─ /comunidad/peliculas/moscas-2026/index.html (+1ms)
10:03:36   ├─ /comunidad/peliculas/nosotros-al-final-2026/index.html (+1ms)
10:03:36   ├─ /comunidad/peliculas/oasis-don-t-look-back-in-anger-2026/index.html (+1ms)
10:03:36   ├─ /comunidad/peliculas/red-de-mentiras-2026/index.html (+1ms)
10:03:36   ├─ /comunidad/peliculas/supergirl-2026/index.html (+1ms)
10:03:36   ├─ /comunidad/peliculas/tadeo-el-explorador-y-la-lampara-maravillosa-2026/index.html (+1ms)
10:03:36   ├─ /comunidad/peliculas/8-2025/index.html (+1ms)
10:03:36   ├─ /comunidad/peliculas/aniversario-2025/index.html (+1ms)
10:03:36   ├─ /comunidad/peliculas/las-corrientes-2025/index.html (+1ms)
10:03:36   ├─ /comunidad/peliculas/las-malditas-2025/index.html (+1ms)
10:03:36   ├─ /comunidad/peliculas/lector-omnisciente-la-profecia-2025/index.html (+1ms)
10:03:36   ├─ /comunidad/peliculas/mi-mejor-escena-2025/index.html (+1ms)
10:03:36   ├─ /comunidad/peliculas/mirando-a-traves-del-agua-2025/index.html (+1ms)
10:03:36   ├─ /comunidad/peliculas/volcan-fuego-bajo-tierra-2025/index.html (+1ms)
10:03:36   ├─ /comunidad/peliculas/las-corredoras-2024/index.html (+1ms)
10:03:36   ├─ /comunidad/peliculas/raices-2024/index.html (+1ms)
10:03:36   ├─ /comunidad/peliculas/romeo-y-ofelia-2024/index.html (+1ms)
10:03:36   ├─ /comunidad/peliculas/alguien-esta-dentro-de-la-casa-2023/index.html (+1ms)
10:03:36   ├─ /comunidad/peliculas/baian-the-assassin-m-d-2023/index.html (+1ms)
10:03:36   ├─ /comunidad/peliculas/fragil-2023/index.html (+1ms)
10:03:36   ├─ /comunidad/peliculas/sociedad-de-honor-2022/index.html (+1ms)
10:03:36   ├─ /comunidad/peliculas/la-encomienda-2021/index.html (+1ms)
10:03:36   ├─ /comunidad/peliculas/una-navidad-de-locos-2021/index.html (+1ms)
10:03:36   ├─ /comunidad/peliculas/moneda-de-cambio-2020/index.html (+1ms)
10:03:36   ├─ /comunidad/peliculas/siberia-2020/index.html (+1ms)
10:03:36   ├─ /comunidad/peliculas/pistolero-2019/index.html (+1ms)
10:03:36   ├─ /comunidad/peliculas/lady-bloodfight-2016/index.html (+1ms)
10:03:36   ├─ /comunidad/peliculas/el-club-2015/index.html (+1ms)
10:03:36   ├─ /comunidad/peliculas/la-luz-incidente-2015/index.html (+1ms)
10:03:36   ├─ /comunidad/peliculas/extraterrestrial-2014/index.html (+1ms)
10:03:36   ├─ /comunidad/peliculas/puella-magi-madoka-magica-la-pelicula-parte-2-2012/index.html (+1ms)
10:03:36   ├─ /comunidad/peliculas/hermandad-de-sangre-2009/index.html (+1ms)
10:03:36   ├─ /comunidad/peliculas/atrapadas-por-la-mafia-2002/index.html (+1ms)
10:03:36   ├─ /comunidad/peliculas/el-americano-impasible-2002/index.html (+1ms)
10:03:36   ├─ /comunidad/peliculas/the-others-2001/index.html (+1ms)
10:03:36   ├─ /comunidad/peliculas/el-fin-de-los-dias-1999/index.html (+1ms)
10:03:36   ├─ /comunidad/peliculas/fargo-secuestro-voluntario-1996/index.html (+1ms)
10:03:36   ├─ /comunidad/peliculas/por-que-me-case-entonces-2026/index.html (+1ms)
10:03:36   ├─ /comunidad/peliculas/band-of-brothers-legacy-2026/index.html (+1ms)
10:03:36   ├─ /comunidad/peliculas/enfrentados-marfil-2026/index.html (+1ms)
10:03:36   ├─ /comunidad/peliculas/different-strokes-2023/index.html (+1ms)
10:03:36   ├─ /comunidad/peliculas/top-gun-maverick-2022/index.html (+1ms)
10:03:36   ├─ /comunidad/peliculas/alone-sola-2020/index.html (+1ms)
10:03:36   ├─ /comunidad/peliculas/shirley-2020/index.html (+1ms)
10:03:36   ├─ /comunidad/peliculas/las-ninas-bien-2019/index.html (+2ms)
10:03:36   ├─ /comunidad/peliculas/penelope-2018/index.html (+1ms)
10:03:36   ├─ /comunidad/peliculas/la-gran-apuesta-2015/index.html (+1ms)
10:03:36   ├─ /comunidad/peliculas/anaconda-3-la-amenaza-2008/index.html (+1ms)
10:03:36   ├─ /comunidad/peliculas/como-locos-a-por-el-oro-2008/index.html (+1ms)
10:03:36   ├─ /comunidad/peliculas/el-tren-de-las-3-10-2007/index.html (+1ms)
10:03:36   ├─ /comunidad/peliculas/una-hija-diferente-2004/index.html (+1ms)
10:03:36   ├─ /comunidad/peliculas/adaptation-el-ladron-de-orquideas-2002/index.html (+1ms)
10:03:36   ├─ /comunidad/peliculas/camino-de-guerra-2000/index.html (+1ms)
10:03:36   ├─ /comunidad/peliculas/copycat-1995/index.html (+1ms)
10:03:36   ├─ /comunidad/peliculas/batman-knightfall-part-1-knightfall-2026/index.html (+1ms)
10:03:36   ├─ /comunidad/peliculas/fukushima-una-pesadilla-nuclear-2026/index.html (+1ms)
10:03:36   ├─ /comunidad/peliculas/jack-ryan-de-tom-clancy-guerra-encubierta-2026/index.html (+1ms)
10:03:36   ├─ /comunidad/peliculas/secretos-del-deporte-mr-t-2026/index.html (+1ms)
10:03:36   ├─ /comunidad/peliculas/stavros-halkias-uncle-stav-2026/index.html (+1ms)
10:03:36   ├─ /comunidad/peliculas/the-medium-2021/index.html (+1ms)
10:03:36   ├─ /comunidad/peliculas/bumblebee-2018/index.html (+1ms)
10:03:36   ├─ /comunidad/peliculas/jack-reacher-nunca-vuelvas-atras-2016/index.html (+1ms)
10:03:36   ├─ /comunidad/peliculas/en-la-gama-de-los-grises-2015/index.html (+1ms)
10:03:36   ├─ /comunidad/peliculas/jack-reacher-bajo-la-mira-2012/index.html (+1ms)
10:03:36   ├─ /comunidad/peliculas/el-padre-de-los-inventos-2010/index.html (+1ms)
10:03:36   ├─ /comunidad/peliculas/alex-y-emma-2003/index.html (+1ms)
10:03:36   ├─ /comunidad/peliculas/the-godfather-part-ii-1974/index.html (+1ms)
10:03:36   ├─ /comunidad/peliculas/the-alto-knights-mafia-y-poder-2025/index.html (+1ms)
10:03:36   ├─ /comunidad/peliculas/pozos-de-ambicion-2007/index.html (+1ms)
10:03:36   ├─ /comunidad/peliculas/animal-factory-2000/index.html (+1ms)
10:03:36   ├─ /comunidad/peliculas/mayday-2026/index.html (+1ms)
10:03:36   ├─ /comunidad/peliculas/colony-zona-cero-2026/index.html (+1ms)
10:03:36   ├─ /comunidad/peliculas/fito-paez-el-mundo-cabe-en-una-cancion-2026/index.html (+1ms)
10:03:36   ├─ /comunidad/peliculas/gandhari-2026/index.html (+1ms)
10:03:36   ├─ /comunidad/peliculas/pepita-la-pistolera-2026/index.html (+1ms)
10:03:36   ├─ /comunidad/peliculas/esa-cosa-con-alas-2025/index.html (+1ms)
10:03:36   ├─ /comunidad/peliculas/la-negociacion-2025/index.html (+1ms)
10:03:36   ├─ /comunidad/peliculas/una-quinta-en-portugal-2025/index.html (+1ms)
10:03:36   ├─ /comunidad/peliculas/masha-y-los-osos-la-pelicula-2023/index.html (+1ms)
10:03:36   ├─ /comunidad/peliculas/puella-magi-madoka-magica-la-pelicula-parte-1-2012/index.html (+1ms)
10:03:36   ├─ /comunidad/peliculas/terminator-2-judgment-day-1991/index.html (+1ms)
10:03:36   ├─ /comunidad/peliculas/carrera-contra-el-tiempo-2026/index.html (+1ms)
10:03:36   ├─ /comunidad/peliculas/lego-star-wars-the-mandalorian-2026/index.html (+1ms)
10:03:36   ├─ /comunidad/peliculas/momentos-decisivos-generacion-11-s-2026/index.html (+1ms)
10:03:36   ├─ /comunidad/peliculas/the-mandalorian-and-grogu-2026/index.html (+1ms)
10:03:36   ├─ /comunidad/peliculas/el-falsario-2026/index.html (+1ms)
10:03:36   ├─ /comunidad/peliculas/afterburn-zona-cero-2025/index.html (+1ms)
10:03:36   ├─ /comunidad/peliculas/omni-loop-2024/index.html (+1ms)
10:03:36   ├─ /comunidad/peliculas/dracula-2025/index.html (+1ms)
10:03:36   ├─ /comunidad/peliculas/como-una-esposa-2022/index.html (+1ms)
10:03:36   ├─ /comunidad/peliculas/bull-2021/index.html (+1ms)
10:03:36   ├─ /comunidad/peliculas/barreda-2026/index.html (+1ms)
10:03:36   ├─ /comunidad/peliculas/gintama-la-pelicula-yoshiwara-en-llamas-2026/index.html (+1ms)
10:03:36   ├─ /comunidad/peliculas/la-ultima-escena-2026/index.html (+1ms)
10:03:36   ├─ /comunidad/peliculas/susurran-tu-nombre-2026/index.html (+1ms)
10:03:36   ├─ /comunidad/peliculas/te-extrano-te-amo-2026/index.html (+1ms)
10:03:36   ├─ /comunidad/peliculas/una-mujer-sin-pasado-2026/index.html (+1ms)
10:03:36   ├─ /comunidad/peliculas/llamame-madre-2025/index.html (+1ms)
10:03:36   ├─ /comunidad/peliculas/turbulencias-2025/index.html (+1ms)
10:03:36   ├─ /comunidad/peliculas/frente-al-tornado-2021/index.html (+1ms)
10:03:36   ├─ /comunidad/peliculas/otra-ronda-2020/index.html (+1ms)
10:03:36   ├─ /comunidad/peliculas/demonic-2015/index.html (+1ms)
10:03:36   ├─ /comunidad/peliculas/the-barkley-marathons-the-race-that-eats-its-young-2014/index.html (+1ms)
10:03:36   ├─ /comunidad/peliculas/el-gato-con-botas-2011/index.html (+1ms)
10:03:36   ├─ /comunidad/peliculas/shrek-tercero-2007/index.html (+1ms)
10:03:36   ├─ /comunidad/peliculas/cin3-fili4-2026/index.html (+1ms)
10:03:36   ├─ /comunidad/peliculas/coyote-vs-acme-2026/index.html (+1ms)
10:03:36   ├─ /comunidad/peliculas/impacto-mortal-2026/index.html (+1ms)
10:03:36   ├─ /comunidad/peliculas/la-asistente-de-la-morgue-2026/index.html (+1ms)
10:03:36   ├─ /comunidad/peliculas/la-guerra-de-los-ultimos-2026/index.html (+1ms)
10:03:36   ├─ /comunidad/peliculas/la-nina-del-azucar-2026/index.html (+1ms)
10:03:36   ├─ /comunidad/peliculas/lu-pau-2026/index.html (+1ms)
10:03:36   ├─ /comunidad/peliculas/solo-por-una-noche-2026/index.html (+1ms)
10:03:36   ├─ /comunidad/peliculas/tierra-de-crimen-2026/index.html (+1ms)
10:03:36   ├─ /comunidad/peliculas/cosas-pequenas-como-estas-2024/index.html (+1ms)
10:03:36   ├─ /comunidad/peliculas/la-inmersion-2023/index.html (+1ms)
10:03:36   ├─ /comunidad/peliculas/los-colonos-2023/index.html (+1ms)
10:03:36   ├─ /comunidad/peliculas/burke-and-hare-2010/index.html (+1ms)
10:03:36   ├─ /comunidad/peliculas/2012-2009/index.html (+1ms)
10:03:36   ├─ /comunidad/peliculas/la-matanza-de-texas-2003/index.html (+1ms)
10:03:36   ├─ /comunidad/peliculas/harry-potter-and-the-sorcerers-stone-2001/index.html (+1ms)
10:03:36   ├─ /comunidad/peliculas/sunrise-el-ultimo-amanecer-2026/index.html (+1ms)
10:03:36   ├─ /comunidad/peliculas/back-to-black-2024/index.html (+1ms)
10:03:36   ├─ /comunidad/peliculas/ella-dijo-2022/index.html (+1ms)
10:03:36   ├─ /comunidad/peliculas/american-assassin-2017/index.html (+1ms)
10:03:36   ├─ /comunidad/peliculas/venganza-nunca-subestimes-a-una-mujer-2017/index.html (+1ms)
10:03:36   ├─ /comunidad/peliculas/ricki-2015/index.html (+1ms)
10:03:36   ├─ /comunidad/peliculas/la-boda-de-rachel-2008/index.html (+1ms)
10:03:36   ├─ /comunidad/peliculas/dano-colateral-2002/index.html (+1ms)
10:03:36   ├─ /comunidad/peliculas/corre-lola-corre-1998/index.html (+1ms)
10:03:36   ├─ /comunidad/peliculas/babe-el-cerdito-valiente-1995/index.html (+1ms)
10:03:36   ├─ /comunidad/peliculas/bullitt-1968/index.html (+1ms)
10:03:36   ├─ /comunidad/peliculas/el-increible-hombre-menguante-1957/index.html (+1ms)
10:03:36   ├─ /comunidad/peliculas/secretos-del-deporte-el-testimonio-de-vince-young-2026/index.html (+1ms)
10:03:36   ├─ /comunidad/peliculas/noche-de-paz-noche-de-muerte-2025/index.html (+1ms)
10:03:36   ├─ /comunidad/peliculas/los-olvidados-cicatrices-2023/index.html (+1ms)
10:03:36   ├─ /comunidad/peliculas/ninja-turtles-caos-mutante-2023/index.html (+1ms)
10:03:36   ├─ /comunidad/peliculas/pokemon-detective-pikachu-2019/index.html (+1ms)
10:03:36   ├─ /comunidad/peliculas/good-time-viviendo-al-limite-2017/index.html (+1ms)
10:03:36   ├─ /comunidad/peliculas/posesion-infernal-2013/index.html (+1ms)
10:03:36   ├─ /comunidad/peliculas/17-otra-vez-2009/index.html (+1ms)
10:03:36   ├─ /comunidad/peliculas/resident-evil-el-huesped-maldito-2002/index.html (+1ms)
10:03:36   ├─ /comunidad/peliculas/practicamente-magia-1998/index.html (+1ms)
10:03:36   ├─ /comunidad/peliculas/la-maquina-the-smashing-machine-2025/index.html (+1ms)
10:03:36   ├─ /comunidad/peliculas/harold-y-el-lapiz-magico-2024/index.html (+1ms)
10:03:36   ├─ /comunidad/peliculas/la-trampa-2024/index.html (+1ms)
10:03:36   ├─ /comunidad/peliculas/no-odiaras-2020/index.html (+1ms)
10:03:36   ├─ /comunidad/peliculas/un-dia-en-el-haram-2017/index.html (+1ms)
10:03:36   ├─ /comunidad/peliculas/the-human-race-2013/index.html (+1ms)
10:03:36   ├─ /comunidad/peliculas/the-fall-guy-2024/index.html (+2ms)
10:03:36   ├─ /comunidad/peliculas/triple-9-2016/index.html (+1ms)
10:03:36   ├─ /comunidad/peliculas/fragmentada-2023/index.html (+1ms)
10:03:36   ├─ /comunidad/peliculas/rosebush-pruning-2026/index.html (+1ms)
10:03:36   ├─ /comunidad/peliculas/song-sung-blue-cancion-para-dos-2025/index.html (+1ms)
10:03:36   ├─ /comunidad/peliculas/la-muerte-de-robin-hood-2026/index.html (+1ms)
10:03:36   ├─ /comunidad/peliculas/la-noche-del-demonio-estan-entre-nosotros-2026/index.html (+1ms)
10:03:36   ├─ /comunidad/peliculas/tu-corazon-sera-destrozado-2026/index.html (+1ms)
10:03:36   ├─ /comunidad/peliculas/el-gran-falsificador-2025/index.html (+1ms)
10:03:36   ├─ /comunidad/peliculas/un-trago-de-infierno-2024/index.html (+1ms)
10:03:36   ├─ /comunidad/peliculas/my-neighbor-totoro-1988/index.html (+1ms)
10:03:36   ├─ /comunidad/peliculas/la-voluntad-de-dios-2026/index.html (+1ms)
10:03:36   ├─ /comunidad/peliculas/guerra-de-novias-2009/index.html (+1ms)
10:03:36   ├─ /comunidad/peliculas/camp-rock-3-2026/index.html (+1ms)
10:03:36   ├─ /comunidad/peliculas/el-turno-del-papa-2026/index.html (+1ms)
10:03:36   ├─ /comunidad/peliculas/my-best-friend-his-girlfriend-and-me-2026/index.html (+1ms)
10:03:36   ├─ /comunidad/peliculas/mystery-arena-2026/index.html (+1ms)
10:03:36   ├─ /comunidad/peliculas/no-se-desea-buena-suerte-2026/index.html (+1ms)
10:03:36   ├─ /comunidad/peliculas/bugonia-2025/index.html (+1ms)
10:03:36   ├─ /comunidad/peliculas/los-muertos-no-mueren-2019/index.html (+1ms)
10:03:36   ├─ /comunidad/peliculas/adolescencia-sexo-y-muerte-en-campamento-miasma-2026/index.html (+1ms)
10:03:36   ├─ /comunidad/peliculas/el-final-de-la-calle-oak-2026/index.html (+1ms)
10:03:36   ├─ /comunidad/peliculas/esto-aquello-y-todo-lo-demas-2026/index.html (+1ms)
10:03:36   ├─ /comunidad/peliculas/insaciable-2026/index.html (+1ms)
10:03:36   ├─ /comunidad/peliculas/paw-patrol-la-dino-pelicula-2026/index.html (+1ms)
10:03:36   ├─ /comunidad/peliculas/travis-barker-mas-alla-del-miedo-2026/index.html (+1ms)
10:03:36   ├─ /comunidad/peliculas/un-hijo-propio-2026/index.html (+1ms)
10:03:36   ├─ /comunidad/peliculas/yo-narciso-2026/index.html (+1ms)
10:03:36   ├─ /comunidad/peliculas/sin-ley-2025/index.html (+1ms)
10:03:36   ├─ /comunidad/peliculas/nando-entre-dos-mundos-2026/index.html (+1ms)
10:03:36   ├─ /comunidad/peliculas/la-heroina-del-lazo-2026/index.html (+1ms)
10:03:36   ├─ /comunidad/peliculas/main-vaapas-aaunga-2026/index.html (+1ms)
10:03:36   ├─ /comunidad/peliculas/animales-2026/index.html (+1ms)
10:03:36   ├─ /comunidad/peliculas/carrera-de-bestias-2026/index.html (+1ms)
10:03:36   ├─ /comunidad/peliculas/el-huesped-oculto-2026/index.html (+1ms)
10:03:36   ├─ /comunidad/peliculas/la-ultima-casa-2026/index.html (+23ms)
10:03:36   ├─ /comunidad/peliculas/escuadron-letal-2025/index.html (+2ms)
10:03:36   ├─ /comunidad/peliculas/los-aitas-2025/index.html (+1ms)
10:03:36   ├─ /comunidad/peliculas/los-mejores-de-manila-2025/index.html (+1ms)
10:03:36   ├─ /comunidad/peliculas/la-cura-siniestra-2017/index.html (+1ms)
10:03:36   ├─ /comunidad/peliculas/la-fuente-de-la-vida-2006/index.html (+1ms)
10:03:36   ├─ /comunidad/peliculas/ateez-light-the-way-in-cinemas-2026/index.html (+1ms)
10:03:36   ├─ /comunidad/peliculas/canelones-2026/index.html (+1ms)
10:03:36   ├─ /comunidad/peliculas/el-dia-d-bajo-presion-2026/index.html (+1ms)
10:03:36   ├─ /comunidad/peliculas/engendro-2026/index.html (+1ms)
10:03:36   ├─ /comunidad/peliculas/katseye-wild-hearts-2026/index.html (+1ms)
10:03:36   ├─ /comunidad/peliculas/la-invitacion-2026/index.html (+1ms)
10:03:36   ├─ /comunidad/peliculas/franz-2025/index.html (+1ms)
10:03:36   ├─ /comunidad/peliculas/nimrods-a-green-day-comedy-2025/index.html (+1ms)
10:03:36   ├─ /comunidad/peliculas/el-escandalo-de-trustor-desde-dentro-2026/index.html (+1ms)
10:03:36   ├─ /comunidad/peliculas/psycho-killer-2026/index.html (+1ms)
10:03:36   ├─ /comunidad/peliculas/jujutsu-kaisen-0-2021/index.html (+1ms)
10:03:36   ├─ /comunidad/peliculas/palm-springs-2020/index.html (+1ms)
10:03:36   ├─ /comunidad/peliculas/un-comeback-salvaje-2026/index.html (+1ms)
10:03:36   ├─ /comunidad/peliculas/clika-2026/index.html (+1ms)
10:03:36   ├─ /comunidad/peliculas/luchadores-2-2026/index.html (+1ms)
10:03:36   ├─ /comunidad/peliculas/five-nights-at-freddys-2-2025/index.html (+1ms)
10:03:36   ├─ /comunidad/peliculas/fantastico-sr-fox-2009/index.html (+1ms)
10:03:36   ├─ /comunidad/peliculas/la-tierra-explota-2026/index.html (+1ms)
10:03:36   ├─ /comunidad/peliculas/spider-man-brand-new-day-2026/index.html (+1ms)
10:03:36   ├─ /comunidad/peliculas/wham-10-days-in-china-2026/index.html (+1ms)
10:03:36   ├─ /comunidad/peliculas/los-domingos-2025/index.html (+1ms)
10:03:36   ├─ /comunidad/peliculas/marianela-y-el-cadaver-2024/index.html (+1ms)
10:03:36   ├─ /comunidad/peliculas/el-diablo-viste-a-la-moda-2-2026/index.html (+1ms)
10:03:36   ├─ /comunidad/peliculas/la-boca-del-diablo-2026/index.html (+1ms)
10:03:36   ├─ /comunidad/peliculas/guardianes-de-la-noche-la-fortaleza-infinita-2025/index.html (+1ms)
10:03:36   ├─ /comunidad/peliculas/avatar-la-leyenda-de-aang-2026/index.html (+1ms)
10:03:36   ├─ /comunidad/peliculas/barbarian-2022/index.html (+1ms)
10:03:36   ├─ /comunidad/peliculas/72-hours-2026/index.html (+1ms)
10:03:36   ├─ /comunidad/peliculas/dink-2026/index.html (+1ms)
10:03:36   ├─ /comunidad/peliculas/los-creyentes-2026/index.html (+1ms)
10:03:36   ├─ /comunidad/peliculas/elize-sombras-de-una-mujer-2026/index.html (+4ms)
10:03:36   ├─ /comunidad/peliculas/thelma-la-venganza-nunca-ha-sido-tan-dulce-2024/index.html (+3ms)
10:03:36   ├─ /comunidad/peliculas/el-ultimo-duelo-2021/index.html (+2ms)
10:03:36   ├─ /comunidad/peliculas/23-000-vidas-2026/index.html (+1ms)
10:03:36   ├─ /comunidad/peliculas/deseo-2026/index.html (+1ms)
10:03:36   ├─ /comunidad/peliculas/heartstopper-para-siempre-2026/index.html (+1ms)
10:03:36   ├─ /comunidad/peliculas/los-descendientes-viaje-al-mundo-oscuro-2026/index.html (+1ms)
10:03:36   ├─ /comunidad/peliculas/dias-extranos-1995/index.html (+1ms)
10:03:36   ├─ /comunidad/peliculas/la-odisea-2026/index.html (+1ms)
10:03:36   ├─ /comunidad/peliculas/golden-kamuy-the-abashiri-prison-raid-2026/index.html (+1ms)
10:03:36   ├─ /comunidad/peliculas/susana-y-elvira-sin-plan-b-2026/index.html (+1ms)
10:03:36   ├─ /comunidad/peliculas/evil-dead-en-llamas-2026/index.html (+1ms)
10:03:36   ├─ /comunidad/peliculas/los-caminantes-de-la-calle-2026/index.html (+1ms)
10:03:36   ├─ /comunidad/peliculas/moana-live-action-2026/index.html (+1ms)
10:03:36   ├─ /comunidad/peliculas/dos-pianos-2025/index.html (+1ms)
10:03:36   ├─ /comunidad/peliculas/hasta-el-final-2026/index.html (+1ms)
10:03:36   ├─ /comunidad/peliculas/el-afinador-2026/index.html (+1ms)
10:03:36   ├─ /comunidad/peliculas/minions-monstruos-2026/index.html (+1ms)
10:03:36   ├─ /comunidad/peliculas/enola-holmes-3-2026/index.html (+1ms)
10:03:36   ├─ /comunidad/peliculas/chris-y-martina-el-set-decisivo-2026/index.html (+1ms)
10:03:36   ├─ /comunidad/peliculas/bleach-thousand-year-blood-war-the-calamity-2026/index.html (+1ms)
10:03:36   ├─ /comunidad/peliculas/jackass-la-ultima-y-nos-vamos-2026/index.html (+1ms)
10:03:36   ├─ /comunidad/peliculas/leviticus-ritual-de-sangre-2026/index.html (+1ms)
10:03:36   ├─ /comunidad/peliculas/los-colores-del-tiempo-2026/index.html (+1ms)
10:03:36   ├─ /comunidad/peliculas/in-the-hand-of-dante-2026/index.html (+1ms)
10:03:36   ├─ /comunidad/peliculas/mensajes-de-voz-para-isabelle-2026/index.html (+1ms)
10:03:36   ├─ /comunidad/peliculas/kobayashi-san-chi-no-maid-dragon-samishigariya-no-ryuu-2025/index.html (+1ms)
10:03:36   ├─ /comunidad/peliculas/zombie-land-saga-yumeginga-paradise-2025/index.html (+1ms)
10:03:36   ├─ /comunidad/peliculas/color-book-2024/index.html (+1ms)
10:03:37   ├─ /comunidad/peliculas/toy-story-5-2026/index.html (+2ms)
10:03:37   ├─ /comunidad/peliculas/your-fault-london-2026/index.html (+1ms)
10:03:37   ├─ /comunidad/peliculas/letras-robadas-2026/index.html (+1ms)
10:03:37   ├─ /comunidad/peliculas/las-100-noches-del-deseo-2025/index.html (+1ms)
10:03:37   ├─ /comunidad/peliculas/tetracampeones-brasil-volvio-a-creer-2026/index.html (+1ms)
10:03:37   ├─ /comunidad/peliculas/scarlet-2025/index.html (+1ms)
10:03:37   ├─ /comunidad/peliculas/mexico-86-2026/index.html (+1ms)
10:03:37   ├─ /comunidad/peliculas/office-romance-2026/index.html (+1ms)
10:03:37   ├─ /comunidad/peliculas/rio-de-sangre-2026/index.html (+1ms)
10:03:37   ├─ /comunidad/peliculas/the-marked-woman-2026/index.html (+1ms)
10:03:37   ├─ /comunidad/peliculas/pillion-2025/index.html (+1ms)
10:03:37   ├─ /comunidad/peliculas/amos-del-universo-2026/index.html (+1ms)
10:03:37   ├─ /comunidad/peliculas/el-pequeno-ninja-el-origen-2026/index.html (+1ms)
10:03:37   ├─ /comunidad/peliculas/los-bobos-2026/index.html (+1ms)
10:03:37   ├─ /comunidad/peliculas/poldi-2026/index.html (+1ms)
10:03:37   ├─ /comunidad/peliculas/scary-movie-6-2026/index.html (+1ms)
10:03:37   ├─ /comunidad/peliculas/the-amazing-digital-circus-el-ultimo-acto-2026/index.html (+1ms)
10:03:37   ├─ /comunidad/peliculas/hoppers-2026/index.html (+1ms)
10:03:37   ├─ /comunidad/peliculas/risa-y-la-cabina-del-viento-2025/index.html (+1ms)
10:03:37   ├─ /comunidad/peliculas/topuria-matador-2024/index.html (+1ms)
10:03:37   ├─ /comunidad/peliculas/roofman-un-buen-ladron-2025/index.html (+1ms)
10:03:37   ├─ /comunidad/peliculas/ven-a-volar-conmigo-2026/index.html (+2ms)
10:03:37   ├─ /comunidad/peliculas/amarga-navidad-2026/index.html (+1ms)
10:03:37   ├─ /comunidad/peliculas/backrooms-2026/index.html (+1ms)
10:03:37   ├─ /comunidad/peliculas/alpha-2025/index.html (+1ms)
10:03:37   ├─ /comunidad/peliculas/dolly-juega-contigo-2025/index.html (+1ms)
10:03:37   ├─ /comunidad/peliculas/el-gran-arco-2025/index.html (+1ms)
10:03:37   ├─ /comunidad/peliculas/ella-y-su-hijo-2025/index.html (+1ms)
10:03:37   ├─ /comunidad/peliculas/zona-de-riesgo-2025/index.html (+1ms)
10:03:37   ├─ /comunidad/peliculas/howls-moving-castle-2004/index.html (+1ms)
10:03:37   ├─ /comunidad/peliculas/aida-y-vuelta-2026/index.html (+1ms)
10:03:37   ├─ /comunidad/peliculas/las-damas-primero-2026/index.html (+1ms)
10:03:37   ├─ /comunidad/peliculas/el-partido-2026/index.html (+1ms)
10:03:37   ├─ /comunidad/peliculas/el-pasajero-del-diablo-2026/index.html (+1ms)
10:03:37   ├─ /comunidad/peliculas/nada-entre-los-dos-2026/index.html (+1ms)
10:03:37   ├─ /comunidad/peliculas/en-la-zona-gris-2026/index.html (+1ms)
10:03:37   ├─ /comunidad/peliculas/obsesion-2026/index.html (+1ms)
10:03:37   ├─ /comunidad/peliculas/exit-8-2025/index.html (+1ms)
10:03:37   ├─ /comunidad/peliculas/umamusume-pretty-derby-2024/index.html (+1ms)
10:03:37   ├─ /comunidad/peliculas/the-punisher-one-last-kill-2026/index.html (+1ms)
10:03:37   ├─ /comunidad/peliculas/overlord-el-reino-sagrado-2024/index.html (+1ms)
10:03:37   ├─ /comunidad/peliculas/no-es-pais-para-solteros-2026/index.html (+1ms)
10:03:37   ├─ /comunidad/peliculas/remarkably-bright-creatures-2026/index.html (+1ms)
10:03:37   ├─ /comunidad/peliculas/marty-supreme-2025/index.html (+1ms)
10:03:37   ├─ /comunidad/peliculas/playa-de-lobos-2025/index.html (+1ms)
10:03:37   ├─ /comunidad/peliculas/hokum-la-maldicion-de-la-bruja-2026/index.html (+1ms)
10:03:37   ├─ /comunidad/peliculas/las-ovejas-detectives-2026/index.html (+1ms)
10:03:37   ├─ /comunidad/peliculas/lipan-2026/index.html (+1ms)
10:03:37   ├─ /comunidad/peliculas/mortal-kombat-ii-2026/index.html (+1ms)
10:03:37   ├─ /comunidad/peliculas/sangre-asesina-2026/index.html (+1ms)
10:03:37   ├─ /comunidad/peliculas/suenos-de-oslo-2024/index.html (+1ms)
10:03:37   ├─ /comunidad/peliculas/la-larga-marcha-2025/index.html (+2ms)
10:03:37   ├─ /comunidad/peliculas/el-yerno-2026/index.html (+1ms)
10:03:37   ├─ /comunidad/peliculas/mi-querida-senorita-2026/index.html (+1ms)
10:03:37   ├─ /comunidad/peliculas/swapped-2026/index.html (+1ms)
10:03:37   ├─ /comunidad/peliculas/apex-2026/index.html (+1ms)
10:03:37   ├─ /comunidad/peliculas/el-mago-de-kremlin-2026/index.html (+1ms)
10:03:37   ├─ /comunidad/peliculas/michael-2026/index.html (+1ms)
10:03:37   ├─ /comunidad/peliculas/yiya-murano-muerte-a-la-hora-del-te-2026/index.html (+1ms)
10:03:37   ├─ /comunidad/peliculas/companeras-de-cuarto-2026/index.html (+1ms)
10:03:37   ├─ /comunidad/peliculas/la-caja-azul-2026/index.html (+1ms)
10:03:37   ├─ /comunidad/peliculas/la-posesion-de-la-momia-2026/index.html (+1ms)
10:03:37   ├─ /comunidad/peliculas/sarahs-oil-el-oro-negro-2025/index.html (+1ms)
10:03:37   ├─ /comunidad/peliculas/outcome-2026/index.html (+1ms)
10:03:37   ├─ /comunidad/peliculas/buena-suerte-diviertete-no-mueras-2026/index.html (+1ms)
10:03:37   ├─ /comunidad/peliculas/the-drama-2026/index.html (+1ms)
10:03:37   ├─ /comunidad/peliculas/la-casaca-de-dios-2026/index.html (+1ms)
10:03:37   ├─ /comunidad/peliculas/torrente-presidente-2026/index.html (+1ms)
10:03:37   ├─ /comunidad/peliculas/padre-madre-hermana-hermano-2025/index.html (+1ms)
10:03:37   ├─ /comunidad/peliculas/la-vida-de-chuck-2025/index.html (+1ms)
10:03:37   ├─ /comunidad/peliculas/jugada-maestra-2026/index.html (+1ms)
10:03:37   ├─ /comunidad/peliculas/super-mario-galaxy-2026/index.html (+1ms)
10:03:37   ├─ /comunidad/peliculas/el-ultimo-gigante-2026/index.html (+1ms)
10:03:37   ├─ /comunidad/peliculas/53-domingos-2026/index.html (+1ms)
10:03:37   ├─ /comunidad/peliculas/te-van-a-matar-2026/index.html (+1ms)
10:03:37   ├─ /comunidad/peliculas/nuremberg-2025/index.html (+1ms)
10:03:37   ├─ /comunidad/peliculas/pretty-lethal-2026/index.html (+1ms)
10:03:37   ├─ /comunidad/peliculas/peaky-blinders-the-immortal-man-2026/index.html (+1ms)
10:03:37   ├─ /comunidad/peliculas/boda-sangrienta-2-2026/index.html (+1ms)
10:03:37   ├─ /comunidad/peliculas/project-hail-mary-2026/index.html (+1ms)
10:03:37   ├─ /comunidad/peliculas/undertone-frecuencia-maldita-2026/index.html (+1ms)
10:03:37   ├─ /comunidad/peliculas/a-new-dawn-2026/index.html (+1ms)
10:03:37   ├─ /comunidad/peliculas/war-machine-2026/index.html (+1ms)
10:03:37   ├─ /comunidad/peliculas/parque-lezama-2026/index.html (+1ms)
10:03:37   ├─ /comunidad/peliculas/protector-2026/index.html (+1ms)
10:03:37   ├─ /comunidad/peliculas/the-bride-2026/index.html (+1ms)
10:03:37   ├─ /comunidad/peliculas/othello-2026/index.html (+1ms)
10:03:37   ├─ /comunidad/peliculas/gente-que-conocemos-en-vacaciones-2026/index.html (+1ms)
10:03:37   ├─ /comunidad/peliculas/scream-7-2026/index.html (+1ms)
10:03:37   ├─ /comunidad/peliculas/that-time-i-got-reincarnated-as-a-slime-tears-of-the-azure-sea-2026/index.html (+1ms)
10:03:37   ├─ /comunidad/peliculas/el-agente-secreto-2025/index.html (+1ms)
10:03:37   ├─ /comunidad/peliculas/el-botin-the-rip-2026/index.html (+1ms)
10:03:37   ├─ /comunidad/peliculas/the-swedish-connection-2026/index.html (+1ms)
10:03:37   ├─ /comunidad/peliculas/crime-101-2026/index.html (+1ms)
10:03:37   ├─ /comunidad/peliculas/eternity-2026/index.html (+1ms)
10:03:37   ├─ /comunidad/peliculas/goat-2026/index.html (+1ms)
10:03:37   ├─ /comunidad/peliculas/cumbres-borrascosas-2026/index.html (+1ms)
10:03:37   ├─ /comunidad/peliculas/dracula-2026/index.html (+1ms)
10:03:37   ├─ /comunidad/peliculas/solo-mio-2026/index.html (+1ms)
10:03:37   ├─ /comunidad/peliculas/the-strangers-chapter-3-2026/index.html (+1ms)
10:03:37   ├─ /comunidad/peliculas/whistle-2026/index.html (+2ms)
10:03:37   ├─ /comunidad/peliculas/iron-lung-2026/index.html (+1ms)
10:03:37   ├─ /comunidad/peliculas/send-help-2026/index.html (+1ms)
10:03:37   ├─ /comunidad/peliculas/shelter-2026/index.html (+1ms)
10:03:37   ├─ /comunidad/peliculas/the-wrecking-crew-2026/index.html (+1ms)
10:03:37   ├─ /comunidad/peliculas/mercy-2026/index.html (+1ms)
10:03:37   ├─ /comunidad/peliculas/return-to-silent-hill-2026/index.html (+1ms)
10:03:37   ├─ /comunidad/peliculas/la-princesa-kaguya-del-cosmos-2026/index.html (+1ms)
10:03:37   ├─ /comunidad/peliculas/28-years-later-the-bone-temple-2026/index.html (+1ms)
10:03:37   ├─ /comunidad/peliculas/cortafuego-2026/index.html (+1ms)
10:03:37   ├─ /comunidad/peliculas/greenland-2-migration-2026/index.html (+1ms)
10:03:37   ├─ /comunidad/peliculas/primate-2026/index.html (+1ms)
10:03:37   ├─ /comunidad/peliculas/we-bury-the-dead-2026/index.html (+1ms)
10:03:37   ├─ /comunidad/peliculas/unmarry-2025/index.html (+1ms)
10:03:37   ├─ /comunidad/peliculas/the-plague-2025/index.html (+1ms)
10:03:37   ├─ /comunidad/peliculas/jay-kelly-2025/index.html (+1ms)
10:03:37   ├─ /comunidad/peliculas/christy-el-combate-de-su-vida-2025/index.html (+2ms)
10:03:37   ├─ /comunidad/peliculas/el-conjuro-4-ultimos-ritos-2025/index.html (+1ms)
10:03:37   ├─ /comunidad/peliculas/sintio-algo-verdadero-2025/index.html (+1ms)
10:03:37   ├─ /comunidad/peliculas/y-donde-esta-el-policia-2025/index.html (+1ms)
10:03:37   ├─ /comunidad/peliculas/happy-gilmore-2-2025/index.html (+1ms)
10:03:37   ├─ /comunidad/peliculas/los-tipos-malos-2-2025/index.html (+1ms)
10:03:37   ├─ /comunidad/peliculas/40-acres-2024/index.html (+1ms)
10:03:37   ├─ /comunidad/peliculas/agente-infiltrado-2025/index.html (+1ms)
10:03:37   ├─ /comunidad/peliculas/28-years-later-2025/index.html (+1ms)
10:03:37   ├─ /comunidad/peliculas/a-minecraft-movie-2025/index.html (+1ms)
10:03:37   ├─ /comunidad/peliculas/adios-june-2025/index.html (+1ms)
10:03:37   ├─ /comunidad/peliculas/avatar-fuego-y-cenizas-2025/index.html (+1ms)
10:03:37   ├─ /comunidad/peliculas/back-in-action-2025/index.html (+1ms)
10:03:37   ├─ /comunidad/peliculas/ballerina-2025/index.html (+1ms)
10:03:37   ├─ /comunidad/peliculas/belen-2025/index.html (+1ms)
10:03:37   ├─ /comunidad/peliculas/black-bag-2025/index.html (+1ms)
10:03:37   ├─ /comunidad/peliculas/captain-america-brave-new-world-2025/index.html (+1ms)
10:03:37   ├─ /comunidad/peliculas/chainsaw-man-the-movie-reze-arc-2025/index.html (+1ms)
10:03:37   ├─ /comunidad/peliculas/companion-2025/index.html (+1ms)
10:03:37   ├─ /comunidad/peliculas/demon-slayer-kimetsu-no-yaiba-infinity-castle-2025/index.html (+1ms)
10:03:37   ├─ /comunidad/peliculas/drop-2025/index.html (+1ms)
10:03:37   ├─ /comunidad/peliculas/echo-valley-2025/index.html (+1ms)
10:03:37   ├─ /comunidad/peliculas/elio-2025/index.html (+1ms)
10:03:37   ├─ /comunidad/peliculas/f1-the-movie-2025/index.html (+1ms)
10:03:37   ├─ /comunidad/peliculas/fear-street-prom-queen-2025/index.html (+1ms)
10:03:37   ├─ /comunidad/peliculas/final-destination-bloodlines-2025/index.html (+1ms)
10:03:37   ├─ /comunidad/peliculas/frankenstein-2025/index.html (+1ms)
10:03:37   ├─ /comunidad/peliculas/g20-2025/index.html (+1ms)
10:03:37   ├─ /comunidad/peliculas/hamnet-2025/index.html (+1ms)
10:03:37   ├─ /comunidad/peliculas/havoc-2025/index.html (+1ms)
10:03:37   ├─ /comunidad/peliculas/heart-eyes-2025/index.html (+1ms)
10:03:37   ├─ /comunidad/peliculas/homo-argentum-2025/index.html (+1ms)
10:03:37   ├─ /comunidad/peliculas/how-to-train-your-dragon-2025/index.html (+1ms)
10:03:37   ├─ /comunidad/peliculas/jurassic-world-rebirth-2025/index.html (+1ms)
10:03:37   ├─ /comunidad/peliculas/karate-kid-legends-2025/index.html (+2ms)
10:03:37   ├─ /comunidad/peliculas/kpop-demon-hunters-2025/index.html (+4ms)
10:03:37   ├─ /comunidad/peliculas/lilo-and-stitch-2025/index.html (+2ms)
10:03:37   ├─ /comunidad/peliculas/los-ilusionistas-3-2025/index.html (+1ms)
10:03:37   ├─ /comunidad/peliculas/m3gan-2-0-2025/index.html (+1ms)
10:03:37   ├─ /comunidad/peliculas/me-has-robado-el-corazon-2025/index.html (+1ms)
10:03:37   ├─ /comunidad/peliculas/mickey-17-2025/index.html (+1ms)
10:03:37   ├─ /comunidad/peliculas/mission-impossible-the-final-reckoning-2025/index.html (+1ms)
10:03:37   ├─ /comunidad/peliculas/mountainhead-2025/index.html (+1ms)
10:03:37   ├─ /comunidad/peliculas/novocaine-2025/index.html (+1ms)
10:03:37   ├─ /comunidad/peliculas/one-battle-after-another-2025/index.html (+1ms)
10:03:37   ├─ /comunidad/peliculas/opus-2025/index.html (+1ms)
10:03:37   ├─ /comunidad/peliculas/otro-viernes-de-locos-2025/index.html (+1ms)
10:03:37   ├─ /comunidad/peliculas/sinners-2025/index.html (+1ms)
10:03:37   ├─ /comunidad/peliculas/snow-white-2025/index.html (+1ms)
10:03:37   ├─ /comunidad/peliculas/superman-2025/index.html (+1ms)
10:03:37   ├─ /comunidad/peliculas/the-accountant-2-2025/index.html (+1ms)
10:03:37   ├─ /comunidad/peliculas/the-amateur-2025/index.html (+1ms)
10:03:37   ├─ /comunidad/peliculas/the-electric-state-2025/index.html (+1ms)
10:03:37   ├─ /comunidad/peliculas/the-fantastic-four-first-steps-2025/index.html (+1ms)
10:03:37   ├─ /comunidad/peliculas/the-gorge-2025/index.html (+1ms)
10:03:37   ├─ /comunidad/peliculas/the-housemaid-2025/index.html (+1ms)
10:03:37   ├─ /comunidad/peliculas/the-monkey-2025/index.html (+1ms)
10:03:37   ├─ /comunidad/peliculas/the-woman-in-the-yard-2025/index.html (+1ms)
10:03:37   ├─ /comunidad/peliculas/thunderbolts-2025/index.html (+1ms)
10:03:37   ├─ /comunidad/peliculas/together-juntos-hasta-la-muerte-2025/index.html (+1ms)
10:03:37   ├─ /comunidad/peliculas/tron-ares-2025/index.html (+1ms)
10:03:37   ├─ /comunidad/peliculas/until-dawn-2025/index.html (+1ms)
10:03:37   ├─ /comunidad/peliculas/valor-sentimental-2025/index.html (+1ms)
10:03:37   ├─ /comunidad/peliculas/weapons-2025/index.html (+1ms)
10:03:37   ├─ /comunidad/peliculas/wicked-for-good-2025/index.html (+1ms)
10:03:37   ├─ /comunidad/peliculas/wolf-man-2025/index.html (+1ms)
10:03:37   ├─ /comunidad/peliculas/zootopia-2-2025/index.html (+1ms)
10:03:37   ├─ /comunidad/peliculas/sonic-3-la-pelicula-2024/index.html (+1ms)
10:03:37   ├─ /comunidad/peliculas/aun-estoy-aqui-2024/index.html (+1ms)
10:03:37   ├─ /comunidad/peliculas/music-by-john-williams-2024/index.html (+1ms)
10:03:37   ├─ /comunidad/peliculas/la-luz-que-imaginamos-2024/index.html (+1ms)
10:03:37   ├─ /comunidad/peliculas/super-man-the-christopher-reeve-story-2024/index.html (+1ms)
10:03:37   ├─ /comunidad/peliculas/the-substance-2024/index.html (+1ms)
10:03:37   ├─ /comunidad/peliculas/will-y-harper-2024/index.html (+1ms)
10:03:37   ├─ /comunidad/peliculas/la-habitacion-de-al-lado-2024/index.html (+1ms)
10:03:37   ├─ /comunidad/peliculas/borderlands-el-destino-del-universo-esta-en-juego-2024/index.html (+1ms)
10:03:37   ├─ /comunidad/peliculas/los-justos-2024/index.html (+1ms)
10:03:37   ├─ /comunidad/peliculas/jim-henson-idea-man-2024/index.html (+1ms)
10:03:37   ├─ /comunidad/peliculas/frida-2024/index.html (+1ms)
10:03:37   ├─ /comunidad/peliculas/spaceman-2024/index.html (+1ms)
10:03:37   ├─ /comunidad/peliculas/a-quiet-place-day-one-2024/index.html (+1ms)
10:03:37   ├─ /comunidad/peliculas/a-real-pain-2024/index.html (+1ms)
10:03:37   ├─ /comunidad/peliculas/alien-romulus-2024/index.html (+1ms)
10:03:37   ├─ /comunidad/peliculas/am-i-ok-2024/index.html (+1ms)
10:03:37   ├─ /comunidad/peliculas/anora-2024/index.html (+1ms)
10:03:37   ├─ /comunidad/peliculas/bad-boys-ride-or-die-2024/index.html (+1ms)
10:03:37   ├─ /comunidad/peliculas/beetlejuice-beetlejuice-2024/index.html (+1ms)
10:03:37   ├─ /comunidad/peliculas/beverly-hills-cop-axel-f-2024/index.html (+1ms)
10:03:37   ├─ /comunidad/peliculas/carry-on-2024/index.html (+1ms)
10:03:37   ├─ /comunidad/peliculas/challengers-2024/index.html (+1ms)
10:03:37   ├─ /comunidad/peliculas/civil-war-2024/index.html (+1ms)
10:03:37   ├─ /comunidad/peliculas/conclave-2024/index.html (+1ms)
10:03:37   ├─ /comunidad/peliculas/deadpool-and-wolverine-2024/index.html (+1ms)
10:03:37   ├─ /comunidad/peliculas/dune-part-two-2024/index.html (+1ms)
10:03:37   ├─ /comunidad/peliculas/el-jockey-2024/index.html (+4ms)
10:03:37   ├─ /comunidad/peliculas/emilia-perez-2024/index.html (+2ms)
10:03:37   ├─ /comunidad/peliculas/furiosa-a-mad-max-saga-2024/index.html (+1ms)
10:03:37   ├─ /comunidad/peliculas/gladiator-ii-2024/index.html (+1ms)
10:03:37   ├─ /comunidad/peliculas/godzilla-x-kong-the-new-empire-2024/index.html (+1ms)
10:03:37   ├─ /comunidad/peliculas/despicable-me-4-2024/index.html (+1ms)
10:03:37   ├─ /comunidad/peliculas/haikyu-the-dumpster-battle-2024/index.html (+1ms)
10:03:37   ├─ /comunidad/peliculas/here-2024/index.html (+1ms)
10:03:37   ├─ /comunidad/peliculas/heretic-2024/index.html (+1ms)
10:03:37   ├─ /comunidad/peliculas/hit-man-2024/index.html (+1ms)
10:03:37   ├─ /comunidad/peliculas/i-saw-the-tv-glow-2024/index.html (+1ms)
10:03:37   ├─ /comunidad/peliculas/immaculate-2024/index.html (+1ms)
10:03:37   ├─ /comunidad/peliculas/inside-out-2-2024/index.html (+1ms)
10:03:37   ├─ /comunidad/peliculas/joker-folie-a-deux-2024/index.html (+1ms)
10:03:37   ├─ /comunidad/peliculas/kingdom-of-the-planet-of-the-apes-2024/index.html (+1ms)
10:03:37   ├─ /comunidad/peliculas/kraven-the-hunter-2024/index.html (+1ms)
10:03:37   ├─ /comunidad/peliculas/kung-fu-panda-4-2024/index.html (+1ms)
10:03:37   ├─ /comunidad/peliculas/la-semilla-del-fruto-sagrado-2024/index.html (+1ms)
10:03:37   ├─ /comunidad/peliculas/longlegs-2024/index.html (+1ms)
10:03:37   ├─ /comunidad/peliculas/look-back-2024/index.html (+1ms)
10:03:37   ├─ /comunidad/peliculas/los-chicos-de-la-nickel-2024/index.html (+1ms)
10:03:37   ├─ /comunidad/peliculas/love-lies-bleeding-2024/index.html (+1ms)
10:03:37   ├─ /comunidad/peliculas/madame-web-2024/index.html (+1ms)
10:03:37   ├─ /comunidad/peliculas/megalopolis-2024/index.html (+1ms)
10:03:37   ├─ /comunidad/peliculas/moana-2-2024/index.html (+1ms)
10:03:37   ├─ /comunidad/peliculas/monkey-man-2024/index.html (+1ms)
10:03:37   ├─ /comunidad/peliculas/my-hero-academia-youre-next-2024/index.html (+1ms)
10:03:37   ├─ /comunidad/peliculas/nosferatu-2024/index.html (+1ms)
10:03:37   ├─ /comunidad/peliculas/road-house-2024/index.html (+1ms)
10:03:37   ├─ /comunidad/peliculas/sing-sing-2024/index.html (+1ms)
10:03:37   ├─ /comunidad/peliculas/smile-2-2024/index.html (+1ms)
10:03:37   ├─ /comunidad/peliculas/terrifier-3-2024/index.html (+1ms)
10:03:37   ├─ /comunidad/peliculas/the-apprentice-2024/index.html (+1ms)
10:03:37   ├─ /comunidad/peliculas/the-beekeeper-2024/index.html (+1ms)
10:03:37   ├─ /comunidad/peliculas/the-brutalist-2024/index.html (+1ms)
10:03:37   ├─ /comunidad/peliculas/the-first-omen-2024/index.html (+1ms)
10:03:37   ├─ /comunidad/peliculas/the-idea-of-you-2024/index.html (+1ms)
10:03:37   ├─ /comunidad/peliculas/the-instigators-2024/index.html (+1ms)
10:03:37   ├─ /comunidad/peliculas/the-wild-robot-2024/index.html (+1ms)
10:03:37   ├─ /comunidad/peliculas/transformers-one-2024/index.html (+1ms)
10:03:37   ├─ /comunidad/peliculas/turtles-all-the-way-down-2024/index.html (+1ms)
10:03:37   ├─ /comunidad/peliculas/twisters-2024/index.html (+1ms)
10:03:37   ├─ /comunidad/peliculas/venom-the-last-dance-2024/index.html (+1ms)
10:03:37   ├─ /comunidad/peliculas/wicked-2024/index.html (+1ms)
10:03:37   ├─ /comunidad/peliculas/wolfs-2024/index.html (+1ms)
10:03:37   ├─ /comunidad/peliculas/desconocidos-2023/index.html (+1ms)
10:03:37   ├─ /comunidad/peliculas/pollitos-en-fuga-el-origen-2023/index.html (+1ms)
10:03:37   ├─ /comunidad/peliculas/migracion-un-viaje-patas-arriba-2023/index.html (+1ms)
10:03:37   ├─ /comunidad/peliculas/poor-things-2023/index.html (+1ms)
10:03:37   ├─ /comunidad/peliculas/el-mal-no-existe-2023/index.html (+1ms)
10:03:37   ├─ /comunidad/peliculas/el-hombre-de-los-suenos-2023/index.html (+1ms)
10:03:37   ├─ /comunidad/peliculas/the-holdovers-2023/index.html (+1ms)
10:03:37   ├─ /comunidad/peliculas/recuerdos-del-mal-2022/index.html (+1ms)
10:03:37   ├─ /comunidad/peliculas/trolls-3-todos-juntos-2023/index.html (+1ms)
10:03:37   ├─ /comunidad/peliculas/the-killer-2023/index.html (+1ms)
10:03:37   ├─ /comunidad/peliculas/leo-2023/index.html (+1ms)
10:03:37   ├─ /comunidad/peliculas/coup-de-chance-2023/index.html (+1ms)
10:03:37   ├─ /comunidad/peliculas/elementos-2023/index.html (+1ms)
10:03:37   ├─ /comunidad/peliculas/transformers-el-despertar-de-las-bestias-2023/index.html (+1ms)
10:03:37   ├─ /comunidad/peliculas/vidas-pasadas-2023/index.html (+2ms)
10:03:37   ├─ /comunidad/peliculas/secretos-de-un-escandalo-2023/index.html (+1ms)
10:03:37   ├─ /comunidad/peliculas/fast-x-2023/index.html (+1ms)
10:03:37   ├─ /comunidad/peliculas/murder-mystery-2-2023/index.html (+1ms)
10:03:37   ├─ /comunidad/peliculas/el-asesino-del-ritual-2023/index.html (+1ms)
10:03:37   ├─ /comunidad/peliculas/scream-vi-2023/index.html (+1ms)
10:03:37   ├─ /comunidad/peliculas/embaucadores-2023/index.html (+1ms)
10:03:37   ├─ /comunidad/peliculas/el-gato-con-botas-el-ultimo-deseo-2022/index.html (+1ms)
10:03:37   ├─ /comunidad/peliculas/air-2023/index.html (+1ms)
10:03:37   ├─ /comunidad/peliculas/anatomia-de-una-caida-2023/index.html (+1ms)
10:03:37   ├─ /comunidad/peliculas/ant-man-and-the-wasp-quantumania-2023/index.html (+1ms)
10:03:37   ├─ /comunidad/peliculas/aquaman-and-the-lost-kingdom-2023/index.html (+1ms)
10:03:37   ├─ /comunidad/peliculas/barbie-2023/index.html (+1ms)
10:03:37   ├─ /comunidad/peliculas/blue-beetle-2023/index.html (+1ms)
10:03:37   ├─ /comunidad/peliculas/creed-iii-2023/index.html (+1ms)
10:03:37   ├─ /comunidad/peliculas/cuando-acecha-la-maldad-2023/index.html (+1ms)
10:03:37   ├─ /comunidad/peliculas/dias-perfectos-2023/index.html (+1ms)
10:03:37   ├─ /comunidad/peliculas/el-clan-de-hierro-2023/index.html (+1ms)
10:03:37   ├─ /comunidad/peliculas/en-tierra-de-santos-y-pecadores-2023/index.html (+1ms)
10:03:37   ├─ /comunidad/peliculas/golda-2023/index.html (+1ms)
10:03:37   ├─ /comunidad/peliculas/guardians-of-the-galaxy-vol-3-2023/index.html (+1ms)
10:03:37   ├─ /comunidad/peliculas/indiana-jones-and-the-dial-of-destiny-2023/index.html (+1ms)
10:03:37   ├─ /comunidad/peliculas/john-wick-chapter-4-2023/index.html (+1ms)
10:03:37   ├─ /comunidad/peliculas/killers-of-the-flower-moon-2023/index.html (+1ms)
10:03:37   ├─ /comunidad/peliculas/los-delincuentes-2023/index.html (+1ms)
10:03:37   ├─ /comunidad/peliculas/maestro-2023/index.html (+1ms)
10:03:37   ├─ /comunidad/peliculas/mission-impossible-dead-reckoning-part-one-2023/index.html (+1ms)
10:03:37   ├─ /comunidad/peliculas/napoleon-2023/index.html (+1ms)
10:03:37   ├─ /comunidad/peliculas/oppenheimer-2023/index.html (+1ms)
10:03:37   ├─ /comunidad/peliculas/piscina-infinita-2023/index.html (+1ms)
10:03:37   ├─ /comunidad/peliculas/puan-2023/index.html (+1ms)
10:03:37   ├─ /comunidad/peliculas/rascal-does-not-dream-of-a-sister-venturing-out-2023/index.html (+1ms)
10:03:37   ├─ /comunidad/peliculas/resistencia-2023/index.html (+1ms)
10:03:37   ├─ /comunidad/peliculas/saltburn-2023/index.html (+1ms)
10:03:37   ├─ /comunidad/peliculas/saw-x-2023/index.html (+1ms)
10:03:37   ├─ /comunidad/peliculas/shazam-fury-of-the-gods-2023/index.html (+1ms)
10:03:37   ├─ /comunidad/peliculas/spider-man-across-the-spider-verse-2023/index.html (+1ms)
10:03:37   ├─ /comunidad/peliculas/spy-x-family-code-white-2023/index.html (+1ms)
10:03:37   ├─ /comunidad/peliculas/tetris-2023/index.html (+1ms)
10:03:37   ├─ /comunidad/peliculas/the-boy-and-the-heron-2023/index.html (+1ms)
10:03:37   ├─ /comunidad/peliculas/the-flash-2023/index.html (+1ms)
10:03:37   ├─ /comunidad/peliculas/the-marvels-2023/index.html (+1ms)
10:03:37   ├─ /comunidad/peliculas/the-super-mario-bros-movie-2023/index.html (+1ms)
10:03:37   ├─ /comunidad/peliculas/the-zone-of-interest-2023/index.html (+1ms)
10:03:37   ├─ /comunidad/peliculas/wish-2023/index.html (+1ms)
10:03:37   ├─ /comunidad/peliculas/wonka-2023/index.html (+1ms)
10:03:37   ├─ /comunidad/peliculas/mundo-extrano-2022/index.html (+1ms)
10:03:37   ├─ /comunidad/peliculas/the-first-slam-dunk-2022/index.html (+1ms)
10:03:37   ├─ /comunidad/peliculas/pinocho-de-guillermo-del-toro-2022/index.html (+1ms)
10:03:37   ├─ /comunidad/peliculas/saint-omer-el-pueblo-contra-laurence-coly-2022/index.html (+1ms)
10:03:37   ├─ /comunidad/peliculas/el-menu-2022/index.html (+1ms)
10:03:37   ├─ /comunidad/peliculas/suzume-2022/index.html (+1ms)
10:03:37   ├─ /comunidad/peliculas/aftersun-2022/index.html (+1ms)
10:03:37   ├─ /comunidad/peliculas/viaje-al-paraiso-2022/index.html (+1ms)
10:03:37   ├─ /comunidad/peliculas/el-hijo-2022/index.html (+1ms)
10:03:37   ├─ /comunidad/peliculas/halloween-ends-2022/index.html (+1ms)
10:03:37   ├─ /comunidad/peliculas/personality-crisis-one-night-only-2022/index.html (+1ms)
10:03:37   ├─ /comunidad/peliculas/amsterdam-2022/index.html (+1ms)
10:03:37   ├─ /comunidad/peliculas/el-triangulo-de-la-tristeza-2022/index.html (+1ms)
10:03:37   ├─ /comunidad/peliculas/one-piece-film-red-2022/index.html (+1ms)
10:03:37   ├─ /comunidad/peliculas/dc-liga-de-supermascotas-2022/index.html (+1ms)
10:03:37   ├─ /comunidad/peliculas/minions-nace-un-villano-2022/index.html (+1ms)
10:03:37   ├─ /comunidad/peliculas/buena-suerte-leo-grande-2022/index.html (+1ms)
10:03:37   ├─ /comunidad/peliculas/lightyear-2022/index.html (+1ms)
10:03:37   ├─ /comunidad/peliculas/hustle-2022/index.html (+1ms)
10:03:37   ├─ /comunidad/peliculas/bubble-2022/index.html (+1ms)
10:03:37   ├─ /comunidad/peliculas/los-tipos-malos-2022/index.html (+1ms)
10:03:37   ├─ /comunidad/peliculas/everything-everywhere-all-at-once-2022/index.html (+1ms)
10:03:37   ├─ /comunidad/peliculas/ambulance-plan-de-huida-2022/index.html (+1ms)
10:03:37   ├─ /comunidad/peliculas/red-2022/index.html (+1ms)
10:03:37   ├─ /comunidad/peliculas/scream-2022/index.html (+1ms)
10:03:37   ├─ /comunidad/peliculas/all-quiet-on-the-western-front-2022/index.html (+1ms)
10:03:37   ├─ /comunidad/peliculas/argentina-1985-2022/index.html (+1ms)
10:03:37   ├─ /comunidad/peliculas/avatar-the-way-of-water-2022/index.html (+1ms)
10:03:37   ├─ /comunidad/peliculas/black-adam-2022/index.html (+1ms)
10:03:37   ├─ /comunidad/peliculas/black-panther-wakanda-forever-2022/index.html (+1ms)
10:03:37   ├─ /comunidad/peliculas/decision-de-partir-2022/index.html (+1ms)
10:03:37   ├─ /comunidad/peliculas/doctor-strange-in-the-multiverse-of-madness-2022/index.html (+1ms)
10:03:37   ├─ /comunidad/peliculas/ego-2022/index.html (+1ms)
10:03:37   ├─ /comunidad/peliculas/el-hombre-del-norte-2022/index.html (+1ms)
10:03:37   ├─ /comunidad/peliculas/el-hombre-gris-2022/index.html (+1ms)
10:03:37   ├─ /comunidad/peliculas/el-sastre-de-la-mafia-2022/index.html (+1ms)
10:03:37   ├─ /comunidad/peliculas/el-suplente-2022/index.html (+1ms)
10:03:37   ├─ /comunidad/peliculas/elvis-2022/index.html (+1ms)
10:03:37   ├─ /comunidad/peliculas/fantastic-beasts-the-secrets-of-dumbledore-2022/index.html (+1ms)
10:03:37   ├─ /comunidad/peliculas/glass-onion-a-knives-out-mystery-2022/index.html (+1ms)
10:03:37   ├─ /comunidad/peliculas/jurassic-world-dominion-2022/index.html (+1ms)
10:03:37   ├─ /comunidad/peliculas/la-memoria-de-un-asesino-2022/index.html (+1ms)
10:03:37   ├─ /comunidad/peliculas/morbius-2022/index.html (+1ms)
10:03:37   ├─ /comunidad/peliculas/nope-2022/index.html (+1ms)
10:03:37   ├─ /comunidad/peliculas/pearl-2022/index.html (+1ms)
10:03:37   ├─ /comunidad/peliculas/pinocho-2022/index.html (+1ms)
10:03:37   ├─ /comunidad/peliculas/sonic-2-la-pelicula-2022/index.html (+1ms)
10:03:37   ├─ /comunidad/peliculas/tar-2022/index.html (+1ms)
10:03:37   ├─ /comunidad/peliculas/terrifier-2-2022/index.html (+1ms)
10:03:37   ├─ /comunidad/peliculas/the-banshees-of-inisherin-2022/index.html (+1ms)
10:03:37   ├─ /comunidad/peliculas/the-batman-2022/index.html (+1ms)
10:03:37   ├─ /comunidad/peliculas/the-fabelmans-2022/index.html (+1ms)
10:03:37   ├─ /comunidad/peliculas/the-whale-2022/index.html (+1ms)
10:03:37   ├─ /comunidad/peliculas/thor-love-and-thunder-2022/index.html (+1ms)
10:03:37   ├─ /comunidad/peliculas/trenque-lauquen-2022/index.html (+1ms)
10:03:37   ├─ /comunidad/peliculas/uncharted-2022/index.html (+1ms)
10:03:37   ├─ /comunidad/peliculas/volcanes-la-tragedia-de-katia-y-maurice-krafft-2022/index.html (+1ms)
10:03:37   ├─ /comunidad/peliculas/sing-2-ven-y-canta-de-nuevo-2021/index.html (+1ms)
10:03:37   ├─ /comunidad/peliculas/halloween-kills-2021/index.html (+1ms)
10:03:37   ├─ /comunidad/peliculas/la-peor-persona-del-mundo-2021/index.html (+1ms)
10:03:37   ├─ /comunidad/peliculas/memoria-2021/index.html (+1ms)
10:03:37   ├─ /comunidad/peliculas/culpable-2021/index.html (+1ms)
10:03:37   ├─ /comunidad/peliculas/c-mon-c-mon-siempre-adelante-2021/index.html (+1ms)
10:03:37   ├─ /comunidad/peliculas/drive-my-car-2021/index.html (+1ms)
10:03:37   ├─ /comunidad/peliculas/vivo-2021/index.html (+1ms)
10:03:37   ├─ /comunidad/peliculas/belle-2021/index.html (+1ms)
10:03:37   ├─ /comunidad/peliculas/titane-2021/index.html (+1ms)
10:03:37   ├─ /comunidad/peliculas/un-jefe-en-panales-2-negocios-de-familia-2021/index.html (+1ms)
10:03:37   ├─ /comunidad/peliculas/el-conjuro-3-el-diablo-me-obligo-a-hacerlo-2021/index.html (+1ms)
10:03:37   ├─ /comunidad/peliculas/los-mitchell-contra-las-maquinas-2021/index.html (+1ms)
10:03:37   ├─ /comunidad/peliculas/una-noche-de-venganza-2021/index.html (+1ms)
10:03:37   ├─ /comunidad/peliculas/raya-y-el-ultimo-dragon-2021/index.html (+1ms)
10:03:37   ├─ /comunidad/peliculas/el-mauritano-2021/index.html (+1ms)
10:03:37   ├─ /comunidad/peliculas/belfast-2021/index.html (+1ms)
10:03:37   ├─ /comunidad/peliculas/black-widow-2021/index.html (+1ms)
10:03:37   ├─ /comunidad/peliculas/censor-2021/index.html (+1ms)
10:03:37   ├─ /comunidad/peliculas/coda-2021/index.html (+1ms)
10:03:37   ├─ /comunidad/peliculas/competencia-oficial-2021/index.html (+1ms)
10:03:37   ├─ /comunidad/peliculas/cruella-2021/index.html (+1ms)
10:03:37   ├─ /comunidad/peliculas/dont-look-up-2021/index.html (+1ms)
10:03:37   ├─ /comunidad/peliculas/dune-2021/index.html (+1ms)
10:03:37   ├─ /comunidad/peliculas/el-caballero-verde-2021/index.html (+1ms)
10:03:37   ├─ /comunidad/peliculas/el-perro-que-no-calla-2021/index.html (+1ms)
10:03:37   ├─ /comunidad/peliculas/el-protector-2021/index.html (+1ms)
10:03:37   ├─ /comunidad/peliculas/encanto-2021/index.html (+1ms)
10:03:37   ├─ /comunidad/peliculas/eternals-2021/index.html (+1ms)
10:03:37   ├─ /comunidad/peliculas/f9-the-fast-saga-2021/index.html (+1ms)
10:03:37   ├─ /comunidad/peliculas/free-guy-2021/index.html (+1ms)
10:03:37   ├─ /comunidad/peliculas/fue-la-mano-de-dios-2021/index.html (+1ms)
10:03:37   ├─ /comunidad/peliculas/godzilla-vs-kong-2021/index.html (+1ms)
10:03:37   ├─ /comunidad/peliculas/home-sweet-home-alone-2021/index.html (+1ms)
10:03:37   ├─ /comunidad/peliculas/ice-road-2021/index.html (+1ms)
10:03:37   ├─ /comunidad/peliculas/juegos-inocentes-2021/index.html (+1ms)
10:03:37   ├─ /comunidad/peliculas/jungle-cruise-2021/index.html (+1ms)
10:03:37   ├─ /comunidad/peliculas/king-richard-2021/index.html (+1ms)
10:03:37   ├─ /comunidad/peliculas/la-purga-por-siempre-2021/index.html (+1ms)
10:03:37   ├─ /comunidad/peliculas/luca-2021/index.html (+1ms)
10:03:37   ├─ /comunidad/peliculas/macbeth-2021/index.html (+1ms)
10:03:37   ├─ /comunidad/peliculas/nightmare-alley-2021/index.html (+1ms)
10:03:37   ├─ /comunidad/peliculas/no-time-to-die-2021/index.html (+1ms)
10:03:37   ├─ /comunidad/peliculas/pequenos-detalles-2021/index.html (+1ms)
10:03:37   ├─ /comunidad/peliculas/red-notice-2021/index.html (+1ms)
10:03:37   ├─ /comunidad/peliculas/shang-chi-and-the-legend-of-the-ten-rings-2021/index.html (+1ms)
10:03:37   ├─ /comunidad/peliculas/space-jam-a-new-legacy-2021/index.html (+1ms)
10:03:37   ├─ /comunidad/peliculas/spider-man-no-way-home-2021/index.html (+1ms)
10:03:37   ├─ /comunidad/peliculas/spiral-from-the-book-of-saw-2021/index.html (+1ms)
10:03:37   ├─ /comunidad/peliculas/the-matrix-resurrections-2021/index.html (+1ms)
10:03:37   ├─ /comunidad/peliculas/the-power-of-the-dog-2021/index.html (+1ms)
10:03:37   ├─ /comunidad/peliculas/the-suicide-squad-2021/index.html (+1ms)
10:03:37   ├─ /comunidad/peliculas/thunder-force-2021/index.html (+1ms)
10:03:37   ├─ /comunidad/peliculas/venom-let-there-be-carnage-2021/index.html (+1ms)
10:03:37   ├─ /comunidad/peliculas/west-side-story-2021/index.html (+1ms)
10:03:37   ├─ /comunidad/peliculas/zack-snyder-s-justice-league-2021/index.html (+1ms)
10:03:37   ├─ /comunidad/peliculas/earwig-and-the-witch-2020/index.html (+1ms)
10:03:37   ├─ /comunidad/peliculas/soul-2020/index.html (+1ms)
10:03:37   ├─ /comunidad/peliculas/el-padre-2020/index.html (+1ms)
10:03:37   ├─ /comunidad/peliculas/amor-bodas-y-otros-desastres-2020/index.html (+1ms)
10:03:37   ├─ /comunidad/peliculas/los-croods-una-nueva-era-2020/index.html (+1ms)
10:03:37   ├─ /comunidad/peliculas/la-ultima-estafa-2020/index.html (+1ms)
10:03:37   ├─ /comunidad/peliculas/bienvenidos-a-villa-capri-2017/index.html (+1ms)
10:03:37   ├─ /comunidad/peliculas/wolfwalkers-espiritu-de-lobo-2020/index.html (+1ms)
10:03:37   ├─ /comunidad/peliculas/demon-slayer-kimetsu-no-yaiba-the-movie-mugen-train-2020/index.html (+1ms)
10:03:37   ├─ /comunidad/peliculas/hubie-halloween-2020/index.html (+1ms)
10:03:37   ├─ /comunidad/peliculas/rifkin-s-festival-2020/index.html (+1ms)
10:03:37   ├─ /comunidad/peliculas/trolls-2-gira-mundial-2020/index.html (+1ms)
10:03:37   ├─ /comunidad/peliculas/unidos-2020/index.html (+1ms)
10:03:37   ├─ /comunidad/peliculas/sonic-la-pelicula-2020/index.html (+1ms)
10:03:37   ├─ /comunidad/peliculas/el-robo-del-siglo-2020/index.html (+1ms)
10:03:37   ├─ /comunidad/peliculas/birds-of-prey-and-the-fantabulous-emancipation-of-one-harley-quinn-2020/index.html (+1ms)
10:03:37   ├─ /comunidad/peliculas/el-profugo-2020/index.html (+1ms)
10:03:37   ├─ /comunidad/peliculas/estoy-pensando-en-dejarlo-2020/index.html (+1ms)
10:03:37   ├─ /comunidad/peliculas/la-casa-oscura-2020/index.html (+1ms)
10:03:37   ├─ /comunidad/peliculas/las-siamesas-2020/index.html (+1ms)
10:03:37   ├─ /comunidad/peliculas/minari-historia-de-mi-familia-2020/index.html (+1ms)
10:03:37   ├─ /comunidad/peliculas/nomadland-2020/index.html (+1ms)
10:03:37   ├─ /comunidad/peliculas/tenet-2020/index.html (+1ms)
10:03:37   ├─ /comunidad/peliculas/the-new-mutants-2020/index.html (+1ms)
10:03:37   ├─ /comunidad/peliculas/wonder-woman-1984-2020/index.html (+1ms)
10:03:37   ├─ /comunidad/peliculas/star-wars-episode-ix-the-rise-of-skywalker-2019/index.html (+1ms)
10:03:37   ├─ /comunidad/peliculas/los-dos-papas-2019/index.html (+1ms)
10:03:37   ├─ /comunidad/peliculas/punales-por-la-espalda-2019/index.html (+1ms)
10:03:37   ├─ /comunidad/peliculas/the-irishman-2019/index.html (+1ms)
10:03:37   ├─ /comunidad/peliculas/terminator-dark-fate-2019/index.html (+1ms)
10:03:37   ├─ /comunidad/peliculas/huerfanos-de-brooklyn-2019/index.html (+1ms)
10:03:37   ├─ /comunidad/peliculas/abominable-2019/index.html (+1ms)
10:03:37   ├─ /comunidad/peliculas/it-chapter-two-2019/index.html (+4ms)
10:03:37   ├─ /comunidad/peliculas/uncut-gems-2019/index.html (+2ms)
10:03:37   ├─ /comunidad/peliculas/fast-and-furious-presents-hobbs-and-shaw-2019/index.html (+1ms)
10:03:37   ├─ /comunidad/peliculas/the-angry-birds-movie-2-2019/index.html (+1ms)
10:03:37   ├─ /comunidad/peliculas/a-rainy-day-in-new-york-2019/index.html (+1ms)
10:03:37   ├─ /comunidad/peliculas/el-tiempo-contigo-2019/index.html (+1ms)
10:03:37   ├─ /comunidad/peliculas/la-despedida-2019/index.html (+1ms)
10:03:37   ├─ /comunidad/peliculas/la-vida-secreta-de-tus-mascotas-2-2019/index.html (+1ms)
10:03:37   ├─ /comunidad/peliculas/las-buenas-intenciones-2019/index.html (+1ms)
10:03:37   ├─ /comunidad/peliculas/child-s-play-2019/index.html (+1ms)
10:03:37   ├─ /comunidad/peliculas/rolling-thunder-revue-a-bob-dylan-story-by-martin-scorsese-2019/index.html (+1ms)
10:03:37   ├─ /comunidad/peliculas/parasite-2019/index.html (+1ms)
10:03:37   ├─ /comunidad/peliculas/murder-mystery-2019/index.html (+1ms)
10:03:37   ├─ /comunidad/peliculas/gloria-bell-2019/index.html (+1ms)
10:03:37   ├─ /comunidad/peliculas/how-to-train-your-dragon-the-hidden-world-2019/index.html (+1ms)
10:03:37   ├─ /comunidad/peliculas/la-gran-aventura-lego-2-2019/index.html (+1ms)
10:03:37   ├─ /comunidad/peliculas/glass-cristal-2019/index.html (+1ms)
10:03:37   ├─ /comunidad/peliculas/aladdin-2019/index.html (+1ms)
10:03:37   ├─ /comunidad/peliculas/avengers-endgame-2019/index.html (+1ms)
10:03:37   ├─ /comunidad/peliculas/captain-marvel-2019/index.html (+1ms)
10:03:37   ├─ /comunidad/peliculas/cats-2019/index.html (+1ms)
10:03:37   ├─ /comunidad/peliculas/dark-phoenix-2019/index.html (+1ms)
10:03:37   ├─ /comunidad/peliculas/dumbo-2019/index.html (+1ms)
10:03:37   ├─ /comunidad/peliculas/el-cuento-de-las-comadrejas-2019/index.html (+1ms)
10:03:37   ├─ /comunidad/peliculas/el-faro-2019/index.html (+1ms)
10:03:37   ├─ /comunidad/peliculas/el-sonido-del-metal-2019/index.html (+1ms)
10:03:37   ├─ /comunidad/peliculas/john-wick-chapter-3-parabellum-2019/index.html (+1ms)
10:03:37   ├─ /comunidad/peliculas/joker-2019/index.html (+1ms)
10:03:37   ├─ /comunidad/peliculas/la-cabana-siniestra-2019/index.html (+1ms)
10:03:37   ├─ /comunidad/peliculas/la-odisea-de-los-giles-2019/index.html (+1ms)
10:03:37   ├─ /comunidad/peliculas/lazos-de-familia-2019/index.html (+1ms)
10:03:37   ├─ /comunidad/peliculas/los-sonambulos-2019/index.html (+1ms)
10:03:37   ├─ /comunidad/peliculas/midsommar-el-terror-no-espera-la-noche-2019/index.html (+1ms)
10:03:37   ├─ /comunidad/peliculas/once-upon-a-time-in-hollywood-2019/index.html (+1ms)
10:03:37   ├─ /comunidad/peliculas/retrato-de-una-mujer-en-llamas-2019/index.html (+1ms)
10:03:37   ├─ /comunidad/peliculas/shazam-2019/index.html (+1ms)
10:03:37   ├─ /comunidad/peliculas/spider-man-far-from-home-2019/index.html (+1ms)
10:03:37   ├─ /comunidad/peliculas/the-assistant-2019/index.html (+1ms)
10:03:37   ├─ /comunidad/peliculas/the-vast-of-night-2019/index.html (+1ms)
10:03:37   ├─ /comunidad/peliculas/toy-story-4-2019/index.html (+1ms)
10:03:37   ├─ /comunidad/peliculas/velvet-buzzsaw-2019/index.html (+1ms)
10:03:37   ├─ /comunidad/peliculas/venganza-bajo-cero-2019/index.html (+1ms)
10:03:37   ├─ /comunidad/peliculas/el-vicepresidente-mas-alla-del-poder-2018/index.html (+1ms)
10:03:37   ├─ /comunidad/peliculas/dragon-ball-super-broly-2018/index.html (+1ms)
10:03:37   ├─ /comunidad/peliculas/la-mula-2018/index.html (+1ms)
10:03:37   ├─ /comunidad/peliculas/la-favorita-2018/index.html (+1ms)
10:03:37   ├─ /comunidad/peliculas/green-book-2018/index.html (+1ms)
10:03:37   ├─ /comunidad/peliculas/fantastic-beasts-the-crimes-of-grindelwald-2018/index.html (+2ms)
10:03:37   ├─ /comunidad/peliculas/el-grinch-2018/index.html (+1ms)
10:03:37   ├─ /comunidad/peliculas/halloween-2018/index.html (+1ms)
10:03:37   ├─ /comunidad/peliculas/mission-impossible-fallout-2018/index.html (+1ms)
10:03:37   ├─ /comunidad/peliculas/hotel-transylvania-3-summer-vacation-2018/index.html (+1ms)
10:03:37   ├─ /comunidad/peliculas/jurassic-world-fallen-kingdom-2018/index.html (+1ms)
10:03:37   ├─ /comunidad/peliculas/los-increibles-2-2018/index.html (+2ms)
10:03:37   ├─ /comunidad/peliculas/hotel-de-criminales-2018/index.html (+1ms)
10:03:37   ├─ /comunidad/peliculas/ocean-s-8-las-estafadoras-2018/index.html (+1ms)
10:03:37   ├─ /comunidad/peliculas/solo-a-star-wars-story-2018/index.html (+1ms)
10:03:37   ├─ /comunidad/peliculas/burning-2018/index.html (+1ms)
10:03:37   ├─ /comunidad/peliculas/the-week-of-2018/index.html (+1ms)
10:03:37   ├─ /comunidad/peliculas/isla-de-perros-2018/index.html (+1ms)
10:03:37   ├─ /comunidad/peliculas/ready-player-one-2018/index.html (+1ms)
10:03:37   ├─ /comunidad/peliculas/aniquilacion-2018/index.html (+1ms)
10:03:37   ├─ /comunidad/peliculas/no-te-preocupes-no-llegara-lejos-a-pie-2018/index.html (+1ms)
10:03:37   ├─ /comunidad/peliculas/12-horas-para-sobrevivir-el-inicio-2018/index.html (+1ms)
10:03:37   ├─ /comunidad/peliculas/ant-man-and-the-wasp-2018/index.html (+1ms)
10:03:37   ├─ /comunidad/peliculas/aquaman-2018/index.html (+1ms)
10:03:37   ├─ /comunidad/peliculas/avengers-infinity-war-2018/index.html (+1ms)
10:03:37   ├─ /comunidad/peliculas/black-panther-2018/index.html (+1ms)
10:03:37   ├─ /comunidad/peliculas/climax-2018/index.html (+1ms)
10:03:37   ├─ /comunidad/peliculas/creed-ii-2018/index.html (+1ms)
10:03:37   ├─ /comunidad/peliculas/deadpool-2-2018/index.html (+1ms)
10:03:37   ├─ /comunidad/peliculas/el-angel-2018/index.html (+1ms)
10:03:37   ├─ /comunidad/peliculas/el-pasajero-2018/index.html (+1ms)
10:03:37   ├─ /comunidad/peliculas/el-primer-hombre-en-la-luna-2018/index.html (+1ms)
10:03:37   ├─ /comunidad/peliculas/hereditary-2018/index.html (+1ms)
10:03:37   ├─ /comunidad/peliculas/la-noche-de-12-anos-2018/index.html (+1ms)
10:03:37   ├─ /comunidad/peliculas/mandy-2018/index.html (+1ms)
10:03:37   ├─ /comunidad/peliculas/mi-obra-maestra-2018/index.html (+1ms)
10:03:37   ├─ /comunidad/peliculas/perdona-que-te-moleste-2018/index.html (+1ms)
10:03:37   ├─ /comunidad/peliculas/rojo-2018/index.html (+2ms)
10:03:37   ├─ /comunidad/peliculas/spider-man-into-the-spider-verse-2018/index.html (+1ms)
10:03:37   ├─ /comunidad/peliculas/venom-2018/index.html (+1ms)
10:03:37   ├─ /comunidad/peliculas/the-post-2017/index.html (+1ms)
10:03:37   ├─ /comunidad/peliculas/ferdinand-2017/index.html (+1ms)
10:03:37   ├─ /comunidad/peliculas/star-wars-episode-viii-the-last-jedi-2017/index.html (+1ms)
10:03:37   ├─ /comunidad/peliculas/the-shape-of-water-2017/index.html (+1ms)
10:03:37   ├─ /comunidad/peliculas/coco-2017/index.html (+1ms)
10:03:37   ├─ /comunidad/peliculas/the-breadwinner-el-pan-de-la-guerra-2017/index.html (+1ms)
10:03:37   ├─ /comunidad/peliculas/el-sacrificio-de-un-ciervo-sagrado-2017/index.html (+1ms)
10:03:37   ├─ /comunidad/peliculas/wonder-wheel-2017/index.html (+1ms)
10:03:37   ├─ /comunidad/peliculas/the-meyerowitz-stories-2017/index.html (+1ms)
10:03:37   ├─ /comunidad/peliculas/el-proyecto-florida-2017/index.html (+1ms)
10:03:37   ├─ /comunidad/peliculas/cult-of-chucky-2017/index.html (+1ms)
10:03:37   ├─ /comunidad/peliculas/mas-fuerte-que-el-destino-2017/index.html (+1ms)
10:03:37   ├─ /comunidad/peliculas/it-2017/index.html (+13ms)
10:03:37   ├─ /comunidad/peliculas/el-otro-guardaespaldas-2017/index.html (+9ms)
10:03:37   ├─ /comunidad/peliculas/fireworks-2017/index.html (+2ms)
10:03:37   ├─ /comunidad/peliculas/war-for-the-planet-of-the-apes-2017/index.html (+1ms)
10:03:37   ├─ /comunidad/peliculas/mary-and-the-witch-s-flower-2017/index.html (+2ms)
10:03:37   ├─ /comunidad/peliculas/cars-3-2017/index.html (+2ms)
10:03:37   ├─ /comunidad/peliculas/mi-villano-favorito-3-2017/index.html (+1ms)
10:03:37   ├─ /comunidad/peliculas/nunca-estaras-a-salvo-2017/index.html (+1ms)
10:03:37   ├─ /comunidad/peliculas/pirates-of-the-caribbean-dead-men-tell-no-tales-2017/index.html (+1ms)
10:03:37   ├─ /comunidad/peliculas/mi-vida-de-calabacin-2016/index.html (+1ms)
10:03:37   ├─ /comunidad/peliculas/sandy-wexler-2017/index.html (+1ms)
10:03:37   ├─ /comunidad/peliculas/the-fate-of-the-furious-2017/index.html (+1ms)
10:03:37   ├─ /comunidad/peliculas/un-golpe-con-estilo-2017/index.html (+1ms)
10:03:37   ├─ /comunidad/peliculas/un-jefe-en-panales-2017/index.html (+1ms)
10:03:37   ├─ /comunidad/peliculas/life-vida-2017/index.html (+1ms)
10:03:37   ├─ /comunidad/peliculas/get-out-2017/index.html (+1ms)
10:03:37   ├─ /comunidad/peliculas/lego-batman-la-pelicula-2017/index.html (+1ms)
10:03:37   ├─ /comunidad/peliculas/alien-covenant-2017/index.html (+1ms)
10:03:37   ├─ /comunidad/peliculas/blade-runner-2049-2017/index.html (+1ms)
10:03:37   ├─ /comunidad/peliculas/dunkirk-2017/index.html (+1ms)
10:03:37   ├─ /comunidad/peliculas/el-reverendo-2017/index.html (+1ms)
10:03:37   ├─ /comunidad/peliculas/el-ritual-2017/index.html (+1ms)
10:03:37   ├─ /comunidad/peliculas/guardians-of-the-galaxy-vol-2-2017/index.html (+2ms)
10:03:37   ├─ /comunidad/peliculas/jigsaw-2017/index.html (+1ms)
10:03:37   ├─ /comunidad/peliculas/john-wick-chapter-2-2017/index.html (+1ms)
10:03:37   ├─ /comunidad/peliculas/justice-league-2017/index.html (+1ms)
10:03:37   ├─ /comunidad/peliculas/la-cordillera-2017/index.html (+1ms)
10:03:37   ├─ /comunidad/peliculas/lady-bird-2017/index.html (+1ms)
10:03:37   ├─ /comunidad/peliculas/llega-de-noche-2017/index.html (+1ms)
10:03:37   ├─ /comunidad/peliculas/logan-2017/index.html (+1ms)
10:03:37   ├─ /comunidad/peliculas/pequena-gran-vida-2017/index.html (+1ms)
10:03:37   ├─ /comunidad/peliculas/spider-man-homecoming-2017/index.html (+1ms)
10:03:37   ├─ /comunidad/peliculas/suburbicon-2017/index.html (+1ms)
10:03:37   ├─ /comunidad/peliculas/the-disaster-artist-2017/index.html (+1ms)
10:03:37   ├─ /comunidad/peliculas/the-square-2017/index.html (+1ms)
10:03:37   ├─ /comunidad/peliculas/thor-ragnarok-2017/index.html (+1ms)
10:03:37   ├─ /comunidad/peliculas/wonder-woman-2017/index.html (+1ms)
10:03:37   ├─ /comunidad/peliculas/zama-2017/index.html (+1ms)
10:03:37   ├─ /comunidad/peliculas/silence-2016/index.html (+1ms)
10:03:37   ├─ /comunidad/peliculas/moana-2016/index.html (+1ms)
10:03:37   ├─ /comunidad/peliculas/rogue-one-a-star-wars-story-2016/index.html (+1ms)
10:03:37   ├─ /comunidad/peliculas/la-la-land-2016/index.html (+1ms)
10:03:37   ├─ /comunidad/peliculas/sing-ven-y-canta-2016/index.html (+1ms)
10:03:37   ├─ /comunidad/peliculas/fantastic-beasts-and-where-to-find-them-2016/index.html (+1ms)
10:03:37   ├─ /comunidad/peliculas/arrival-2016/index.html (+1ms)
10:03:37   ├─ /comunidad/peliculas/trolls-2016/index.html (+1ms)
10:03:37   ├─ /comunidad/peliculas/moonlight-2016/index.html (+1ms)
10:03:37   ├─ /comunidad/peliculas/a-silent-voice-2016/index.html (+1ms)
10:03:37   ├─ /comunidad/peliculas/kubo-y-la-busqueda-del-samurai-2016/index.html (+1ms)
10:03:37   ├─ /comunidad/peliculas/your-name-2016/index.html (+1ms)
10:03:37   ├─ /comunidad/peliculas/la-era-de-hielo-choque-de-mundos-2016/index.html (+1ms)
10:03:37   ├─ /comunidad/peliculas/la-vida-secreta-de-tus-mascotas-2016/index.html (+1ms)
10:03:37   ├─ /comunidad/peliculas/buscando-a-dory-2016/index.html (+1ms)
10:03:37   ├─ /comunidad/peliculas/el-conjuro-2-2016/index.html (+1ms)
10:03:37   ├─ /comunidad/peliculas/the-bfg-2016/index.html (+1ms)
10:03:37   ├─ /comunidad/peliculas/the-do-over-2016/index.html (+1ms)
10:03:37   ├─ /comunidad/peliculas/el-plan-de-maggie-2016/index.html (+1ms)
10:03:37   ├─ /comunidad/peliculas/el-maestro-del-dinero-2016/index.html (+1ms)
10:03:37   ├─ /comunidad/peliculas/the-angry-birds-movie-2016/index.html (+1ms)
10:03:37   ├─ /comunidad/peliculas/cafe-society-2016/index.html (+1ms)
10:03:37   ├─ /comunidad/peliculas/capitan-koblic-2016/index.html (+1ms)
10:03:37   ├─ /comunidad/peliculas/la-tortuga-roja-2016/index.html (+1ms)
10:03:37   ├─ /comunidad/peliculas/kung-fu-panda-3-2016/index.html (+1ms)
10:03:37   ├─ /comunidad/peliculas/mi-abuelo-es-un-peligro-2016/index.html (+1ms)
10:03:37   ├─ /comunidad/peliculas/snoopy-y-charlie-brown-peanuts-la-pelicula-2015/index.html (+1ms)
10:03:37   ├─ /comunidad/peliculas/12-horas-para-sobrevivir-el-ano-de-la-eleccion-2016/index.html (+1ms)
10:03:37   ├─ /comunidad/peliculas/batman-v-superman-dawn-of-justice-2016/index.html (+1ms)
10:03:37   ├─ /comunidad/peliculas/belleza-inesperada-2016/index.html (+1ms)
10:03:37   ├─ /comunidad/peliculas/captain-america-civil-war-2016/index.html (+1ms)
10:03:37   ├─ /comunidad/peliculas/crimenes-oscuros-2016/index.html (+1ms)
10:03:37   ├─ /comunidad/peliculas/deadpool-2016/index.html (+1ms)
10:03:37   ├─ /comunidad/peliculas/doctor-strange-2016/index.html (+1ms)
10:03:37   ├─ /comunidad/peliculas/el-ciudadano-ilustre-2016/index.html (+1ms)
10:03:37   ├─ /comunidad/peliculas/el-extrano-2016/index.html (+1ms)
10:03:37   ├─ /comunidad/peliculas/el-vacio-2016/index.html (+1ms)
10:03:37   ├─ /comunidad/peliculas/la-doncella-2016/index.html (+1ms)
10:03:37   ├─ /comunidad/peliculas/miss-peregrines-home-for-peculiar-children-2016/index.html (+1ms)
10:03:37   ├─ /comunidad/peliculas/suicide-squad-2016/index.html (+1ms)
10:03:37   ├─ /comunidad/peliculas/sully-2016/index.html (+1ms)
10:03:37   ├─ /comunidad/peliculas/swiss-army-man-2016/index.html (+1ms)
10:03:37   ├─ /comunidad/peliculas/terrifier-2016/index.html (+1ms)
10:03:37   ├─ /comunidad/peliculas/the-love-witch-2016/index.html (+1ms)
10:03:37   ├─ /comunidad/peliculas/x-men-apocalypse-2016/index.html (+1ms)
10:03:37   ├─ /comunidad/peliculas/anomalisa-2015/index.html (+1ms)
10:03:37   ├─ /comunidad/peliculas/star-wars-episode-vii-the-force-awakens-2015/index.html (+1ms)
10:03:37   ├─ /comunidad/peliculas/the-ridiculous-6-2015/index.html (+1ms)
10:03:37   ├─ /comunidad/peliculas/un-gran-dinosaurio-2015/index.html (+1ms)
10:03:37   ├─ /comunidad/peliculas/una-dama-sobre-ruedas-2015/index.html (+1ms)
10:03:37   ├─ /comunidad/peliculas/spotlight-2015/index.html (+1ms)
10:03:37   ├─ /comunidad/peliculas/la-habitacion-2015/index.html (+1ms)
10:03:37   ├─ /comunidad/peliculas/bridge-of-spies-2015/index.html (+1ms)
10:03:37   ├─ /comunidad/peliculas/el-becario-2015/index.html (+1ms)
10:03:37   ├─ /comunidad/peliculas/hotel-transylvania-2-2015/index.html (+1ms)
10:03:37   ├─ /comunidad/peliculas/everest-2015/index.html (+1ms)
10:03:37   ├─ /comunidad/peliculas/la-reina-del-desierto-2015/index.html (+1ms)
10:03:37   ├─ /comunidad/peliculas/mission-impossible-rogue-nation-2015/index.html (+1ms)
10:03:37   ├─ /comunidad/peliculas/pixels-2015/index.html (+1ms)
10:03:37   ├─ /comunidad/peliculas/minions-2015/index.html (+1ms)
10:03:37   ├─ /comunidad/peliculas/terminator-genisys-2015/index.html (+1ms)
10:03:37   ├─ /comunidad/peliculas/intensa-mente-2015/index.html (+1ms)
10:03:37   ├─ /comunidad/peliculas/jurassic-world-2015/index.html (+1ms)
10:03:37   ├─ /comunidad/peliculas/carol-2015/index.html (+1ms)
10:03:37   ├─ /comunidad/peliculas/furious-7-2015/index.html (+1ms)
10:03:37   ├─ /comunidad/peliculas/caballero-de-copas-2015/index.html (+1ms)
10:03:37   ├─ /comunidad/peliculas/el-francotirador-2015/index.html (+1ms)
10:03:37   ├─ /comunidad/peliculas/la-pelicula-de-bob-esponja-un-heroe-fuera-del-agua-2015/index.html (+1ms)
10:03:37   ├─ /comunidad/peliculas/la-bruja-2015/index.html (+1ms)
10:03:37   ├─ /comunidad/peliculas/ant-man-2015/index.html (+1ms)
10:03:37   ├─ /comunidad/peliculas/avengers-age-of-ultron-2015/index.html (+1ms)
10:03:37   ├─ /comunidad/peliculas/creed-2015/index.html (+1ms)
10:03:37   ├─ /comunidad/peliculas/el-clan-2015/index.html (+1ms)
10:03:37   ├─ /comunidad/peliculas/el-renacido-2015/index.html (+1ms)
10:03:37   ├─ /comunidad/peliculas/fantastic-four-2015/index.html (+1ms)
10:03:37   ├─ /comunidad/peliculas/irrational-man-2015/index.html (+1ms)
10:03:37   ├─ /comunidad/peliculas/la-dama-de-oro-2015/index.html (+1ms)
10:03:37   ├─ /comunidad/peliculas/la-invitacion-2015/index.html (+1ms)
10:03:37   ├─ /comunidad/peliculas/langosta-2015/index.html (+1ms)
10:03:37   ├─ /comunidad/peliculas/mad-max-fury-road-2015/index.html (+1ms)
10:03:37   ├─ /comunidad/peliculas/mision-rescate-2015/index.html (+1ms)
10:03:37   ├─ /comunidad/peliculas/spectre-2015/index.html (+1ms)
10:03:37   ├─ /comunidad/peliculas/the-hateful-eight-2015/index.html (+1ms)
10:03:37   ├─ /comunidad/peliculas/the-human-centipede-3-final-sequence-2015/index.html (+1ms)
10:03:37   ├─ /comunidad/peliculas/truman-2015/index.html (+1ms)
10:03:37   ├─ /comunidad/peliculas/una-noche-para-sobrevivir-2015/index.html (+1ms)
10:03:37   ├─ /comunidad/peliculas/los-pinguinos-de-madagascar-2014/index.html (+1ms)
10:03:37   ├─ /comunidad/peliculas/tonto-y-retonto-2-2014/index.html (+1ms)
10:03:37   ├─ /comunidad/peliculas/primicia-mortal-2014/index.html (+1ms)
10:03:37   ├─ /comunidad/peliculas/birdman-or-the-unexpected-virtue-of-ignorance-2014/index.html (+1ms)
10:03:37   ├─ /comunidad/peliculas/men-women-and-children-2014/index.html (+1ms)
10:03:37   ├─ /comunidad/peliculas/el-libro-de-la-vida-2014/index.html (+1ms)
10:03:37   ├─ /comunidad/peliculas/el-patron-radiografia-de-un-crimen-2014/index.html (+1ms)
10:03:37   ├─ /comunidad/peliculas/whiplash-2014/index.html (+1ms)
10:03:37   ├─ /comunidad/peliculas/vicio-propio-2014/index.html (+1ms)
10:03:37   ├─ /comunidad/peliculas/the-cobbler-2014/index.html (+1ms)
10:03:37   ├─ /comunidad/peliculas/los-boxtrolls-2014/index.html (+1ms)
10:03:37   ├─ /comunidad/peliculas/dawn-of-the-planet-of-the-apes-2014/index.html (+1ms)
10:03:37   ├─ /comunidad/peliculas/asi-nos-va-2014/index.html (+1ms)
10:03:37   ├─ /comunidad/peliculas/magic-in-the-moonlight-2014/index.html (+1ms)
10:03:37   ├─ /comunidad/peliculas/el-recuerdo-de-marnie-2014/index.html (+1ms)
10:03:37   ├─ /comunidad/peliculas/la-cancion-del-mar-2014/index.html (+1ms)
10:03:37   ├─ /comunidad/peliculas/the-50-year-argument-2014/index.html (+1ms)
10:03:37   ├─ /comunidad/peliculas/blended-2014/index.html (+1ms)
10:03:37   ├─ /comunidad/peliculas/boulevard-2014/index.html (+1ms)
10:03:37   ├─ /comunidad/peliculas/rio-2-2014/index.html (+1ms)
10:03:37   ├─ /comunidad/peliculas/noe-2014/index.html (+1ms)
10:03:37   ├─ /comunidad/peliculas/redada-asesina-2-2014/index.html (+1ms)
10:03:37   ├─ /comunidad/peliculas/the-grand-budapest-hotel-2014/index.html (+1ms)
10:03:37   ├─ /comunidad/peliculas/las-aventuras-de-peabody-y-sherman-2014/index.html (+1ms)
10:03:37   ├─ /comunidad/peliculas/operacion-monumento-2014/index.html (+1ms)
10:03:37   ├─ /comunidad/peliculas/la-gran-aventura-lego-2014/index.html (+1ms)
10:03:37   ├─ /comunidad/peliculas/12-horas-para-sobrevivir-2014/index.html (+1ms)
10:03:37   ├─ /comunidad/peliculas/babadook-2014/index.html (+1ms)
10:03:37   ├─ /comunidad/peliculas/betibu-2014/index.html (+1ms)
10:03:37   ├─ /comunidad/peliculas/big-eyes-2014/index.html (+1ms)
10:03:37   ├─ /comunidad/peliculas/big-hero-6-2014/index.html (+1ms)
10:03:37   ├─ /comunidad/peliculas/boyhood-2014/index.html (+1ms)
10:03:37   ├─ /comunidad/peliculas/caminando-entre-las-tumbas-2014/index.html (+5ms)
10:03:37   ├─ /comunidad/peliculas/captain-america-the-winter-soldier-2014/index.html (+2ms)
10:03:37   ├─ /comunidad/peliculas/corazones-de-hierro-2014/index.html (+1ms)
10:03:37   ├─ /comunidad/peliculas/ex-machina-2014/index.html (+1ms)
10:03:37   ├─ /comunidad/peliculas/guardians-of-the-galaxy-2014/index.html (+1ms)
10:03:37   ├─ /comunidad/peliculas/how-to-train-your-dragon-2-2014/index.html (+1ms)
10:03:37   ├─ /comunidad/peliculas/interstellar-2014/index.html (+1ms)
10:03:37   ├─ /comunidad/peliculas/john-wick-2014/index.html (+1ms)
10:03:37   ├─ /comunidad/peliculas/non-stop-sin-escalas-2014/index.html (+1ms)
10:03:37   ├─ /comunidad/peliculas/relatos-salvajes-2014/index.html (+1ms)
10:03:37   ├─ /comunidad/peliculas/the-amazing-spider-man-2-2014/index.html (+1ms)
10:03:37   ├─ /comunidad/peliculas/una-chica-vuelve-a-casa-sola-de-noche-2014/index.html (+1ms)
10:03:37   ├─ /comunidad/peliculas/what-we-do-in-the-shadows-2014/index.html (+1ms)
10:03:37   ├─ /comunidad/peliculas/x-men-days-of-future-past-2014/index.html (+1ms)
10:03:37   ├─ /comunidad/peliculas/the-wolf-of-wall-street-2013/index.html (+1ms)
10:03:37   ├─ /comunidad/peliculas/la-gran-revancha-2013/index.html (+1ms)
10:03:37   ├─ /comunidad/peliculas/her-2013/index.html (+1ms)
10:03:37   ├─ /comunidad/peliculas/escandalo-americano-2013/index.html (+1ms)
10:03:37   ├─ /comunidad/peliculas/lluvia-de-hamburguesas-2-2013/index.html (+1ms)
10:03:37   ├─ /comunidad/peliculas/frozen-2013/index.html (+1ms)
10:03:37   ├─ /comunidad/peliculas/the-tale-of-the-princess-kaguya-2013/index.html (+1ms)
10:03:37   ├─ /comunidad/peliculas/plan-en-las-vegas-2013/index.html (+1ms)
10:03:37   ├─ /comunidad/peliculas/12-years-a-slave-2013/index.html (+1ms)
10:03:37   ├─ /comunidad/peliculas/gravedad-2013/index.html (+1ms)
10:03:37   ├─ /comunidad/peliculas/prisioneros-2013/index.html (+1ms)
10:03:37   ├─ /comunidad/peliculas/malavita-2013/index.html (+1ms)
10:03:37   ├─ /comunidad/peliculas/el-conjuro-2013/index.html (+1ms)
10:03:37   ├─ /comunidad/peliculas/curse-of-chucky-2013/index.html (+1ms)
10:03:37   ├─ /comunidad/peliculas/blue-jasmine-2013/index.html (+1ms)
10:03:37   ├─ /comunidad/peliculas/se-levanta-el-viento-2013/index.html (+1ms)
10:03:37   ├─ /comunidad/peliculas/crystal-fairy-y-el-cactus-magico-2013/index.html (+1ms)
10:03:37   ├─ /comunidad/peliculas/grown-ups-2-2013/index.html (+1ms)
10:03:37   ├─ /comunidad/peliculas/mi-villano-favorito-2-2013/index.html (+1ms)
10:03:37   ├─ /comunidad/peliculas/monsters-university-2013/index.html (+1ms)
10:03:37   ├─ /comunidad/peliculas/fast-and-furious-6-2013/index.html (+1ms)
10:03:37   ├─ /comunidad/peliculas/epic-el-mundo-secreto-2013/index.html (+1ms)
10:03:37   ├─ /comunidad/peliculas/los-croods-2013/index.html (+1ms)
10:03:37   ├─ /comunidad/peliculas/los-miserables-2012/index.html (+1ms)
10:03:37   ├─ /comunidad/peliculas/rompe-ralph-2012/index.html (+1ms)
10:03:37   ├─ /comunidad/peliculas/bienvenidos-al-fin-del-mundo-2013/index.html (+1ms)
10:03:37   ├─ /comunidad/peliculas/coherencia-2013/index.html (+1ms)
10:03:37   ├─ /comunidad/peliculas/corazon-de-leon-2013/index.html (+1ms)
10:03:37   ├─ /comunidad/peliculas/dolor-y-dinero-2013/index.html (+1ms)
10:03:37   ├─ /comunidad/peliculas/el-gran-gatsby-2013/index.html (+1ms)
10:03:37   ├─ /comunidad/peliculas/el-increible-burt-wonderstone-2013/index.html (+1ms)
10:03:37   ├─ /comunidad/peliculas/el-unico-superviviente-2013/index.html (+1ms)
10:03:37   ├─ /comunidad/peliculas/elysium-2013/index.html (+1ms)
10:03:37   ├─ /comunidad/peliculas/enemy-2013/index.html (+1ms)
10:03:37   ├─ /comunidad/peliculas/fuerza-antigangster-2013/index.html (+1ms)
10:03:37   ├─ /comunidad/peliculas/iron-man-3-2013/index.html (+1ms)
10:03:37   ├─ /comunidad/peliculas/la-noche-de-la-expiacion-2013/index.html (+1ms)
10:03:37   ├─ /comunidad/peliculas/man-of-steel-2013/index.html (+1ms)
10:03:37   ├─ /comunidad/peliculas/oblivion-2013/index.html (+1ms)
10:03:37   ├─ /comunidad/peliculas/red-2-2013/index.html (+1ms)
10:03:37   ├─ /comunidad/peliculas/septimo-2013/index.html (+1ms)
10:03:37   ├─ /comunidad/peliculas/sharknado-2013/index.html (+1ms)
10:03:37   ├─ /comunidad/peliculas/solo-dios-perdona-2013/index.html (+1ms)
10:03:37   ├─ /comunidad/peliculas/tesis-sobre-un-homicidio-2013/index.html (+1ms)
10:03:37   ├─ /comunidad/peliculas/the-wolverine-2013/index.html (+1ms)
10:03:37   ├─ /comunidad/peliculas/thor-the-dark-world-2013/index.html (+1ms)
10:03:37   ├─ /comunidad/peliculas/under-the-skin-2013/index.html (+1ms)
10:03:37   ├─ /comunidad/peliculas/hitchcock-2012/index.html (+1ms)
10:03:37   ├─ /comunidad/peliculas/el-origen-de-los-guardianes-2012/index.html (+1ms)
10:03:37   ├─ /comunidad/peliculas/lincoln-2012/index.html (+1ms)
10:03:37   ├─ /comunidad/peliculas/paranorman-2012/index.html (+1ms)
10:03:37   ├─ /comunidad/peliculas/argo-2012/index.html (+1ms)
10:03:37   ├─ /comunidad/peliculas/hotel-transylvania-2012/index.html (+1ms)
10:03:37   ├─ /comunidad/peliculas/sin-tregua-2012/index.html (+1ms)
10:03:37   ├─ /comunidad/peliculas/wolf-children-2012/index.html (+1ms)
10:03:37   ├─ /comunidad/peliculas/valiente-2012/index.html (+1ms)
10:03:37   ├─ /comunidad/peliculas/el-verano-de-sus-vidas-2012/index.html (+1ms)
10:03:37   ├─ /comunidad/peliculas/la-era-de-hielo-4-la-formacion-de-los-continentes-2012/index.html (+1ms)
10:03:37   ├─ /comunidad/peliculas/thats-my-boy-2012/index.html (+1ms)
10:03:37   ├─ /comunidad/peliculas/el-lorax-en-busca-de-la-trufula-perdida-2012/index.html (+1ms)
10:03:37   ├─ /comunidad/peliculas/la-vida-de-flynn-2012/index.html (+1ms)
10:03:37   ├─ /comunidad/peliculas/to-rome-with-love-2012/index.html (+1ms)
10:03:37   ├─ /comunidad/peliculas/contraband-2012/index.html (+1ms)
10:03:37   ├─ /comunidad/peliculas/cruce-de-caminos-2012/index.html (+1ms)
10:03:37   ├─ /comunidad/peliculas/dark-shadows-2012/index.html (+1ms)
10:03:37   ├─ /comunidad/peliculas/django-unchained-2012/index.html (+1ms)
10:03:37   ├─ /comunidad/peliculas/the-act-of-killing-2012/index.html (+1ms)
10:03:37   ├─ /comunidad/peliculas/el-vuelo-2012/index.html (+1ms)
10:03:37   ├─ /comunidad/peliculas/elefante-blanco-2012/index.html (+1ms)
10:03:37   ├─ /comunidad/peliculas/frankenweenie-2012/index.html (+1ms)
10:03:37   ├─ /comunidad/peliculas/infierno-blanco-2012/index.html (+1ms)
10:03:37   ├─ /comunidad/peliculas/la-cabana-del-terror-2012/index.html (+1ms)
10:03:37   ├─ /comunidad/peliculas/la-caza-2012/index.html (+1ms)
10:03:37   ├─ /comunidad/peliculas/looper-2012/index.html (+1ms)
10:03:37   ├─ /comunidad/peliculas/prometheus-2012/index.html (+1ms)
10:03:37   ├─ /comunidad/peliculas/skyfall-2012/index.html (+1ms)
10:03:37   ├─ /comunidad/peliculas/ted-2012/index.html (+1ms)
10:03:37   ├─ /comunidad/peliculas/the-amazing-spider-man-2012/index.html (+1ms)
10:03:37   ├─ /comunidad/peliculas/the-avengers-2012/index.html (+1ms)
10:03:37   ├─ /comunidad/peliculas/the-dark-knight-rises-2012/index.html (+1ms)
10:03:37   ├─ /comunidad/peliculas/the-master-2012/index.html (+1ms)
10:03:37   ├─ /comunidad/peliculas/tierra-prometida-2012/index.html (+1ms)
10:03:37   ├─ /comunidad/peliculas/war-horse-2011/index.html (+1ms)
10:03:37   ├─ /comunidad/peliculas/mission-impossible-ghost-protocol-2011/index.html (+1ms)
10:03:37   ├─ /comunidad/peliculas/hugo-2011/index.html (+1ms)
10:03:37   ├─ /comunidad/peliculas/un-dios-salvaje-2011/index.html (+1ms)
10:03:37   ├─ /comunidad/peliculas/jack-and-jill-2011/index.html (+1ms)
10:03:37   ├─ /comunidad/peliculas/arthur-christmas-operacion-regalo-2011/index.html (+1ms)
10:03:37   ├─ /comunidad/peliculas/un-golpe-de-altura-2011/index.html (+1ms)
10:03:37   ├─ /comunidad/peliculas/the-adventures-of-tintin-2011/index.html (+1ms)
10:03:37   ├─ /comunidad/peliculas/the-artist-2011/index.html (+1ms)
10:03:37   ├─ /comunidad/peliculas/george-harrison-living-in-the-material-world-2011/index.html (+1ms)
10:03:37   ├─ /comunidad/peliculas/drive-2011/index.html (+1ms)
10:03:37   ├─ /comunidad/peliculas/destino-final-5-2011/index.html (+1ms)
10:03:37   ├─ /comunidad/peliculas/rise-of-the-planet-of-the-apes-2011/index.html (+1ms)
10:03:37   ├─ /comunidad/peliculas/la-colina-de-las-amapolas-2011/index.html (+1ms)
10:03:37   ├─ /comunidad/peliculas/harry-potter-and-the-deathly-hallows-part-2-2011/index.html (+1ms)
10:03:37   ├─ /comunidad/peliculas/cars-2-2011/index.html (+1ms)
10:03:37   ├─ /comunidad/peliculas/kung-fu-panda-2-2011/index.html (+1ms)
10:03:37   ├─ /comunidad/peliculas/pirates-of-the-caribbean-on-stranger-tides-2011/index.html (+1ms)
10:03:37   ├─ /comunidad/peliculas/un-lugar-donde-quedarse-2011/index.html (+1ms)
10:03:37   ├─ /comunidad/peliculas/midnight-in-paris-2011/index.html (+1ms)
10:03:37   ├─ /comunidad/peliculas/el-castor-2011/index.html (+1ms)
10:03:37   ├─ /comunidad/peliculas/cruzadas-2011/index.html (+1ms)
10:03:37   ├─ /comunidad/peliculas/fast-five-2011/index.html (+1ms)
10:03:37   ├─ /comunidad/peliculas/scream-4-2011/index.html (+1ms)
10:03:37   ├─ /comunidad/peliculas/rio-2011/index.html (+1ms)
10:03:37   ├─ /comunidad/peliculas/winnie-the-pooh-2011/index.html (+1ms)
10:03:37   ├─ /comunidad/peliculas/rango-2011/index.html (+1ms)
10:03:37   ├─ /comunidad/peliculas/public-speaking-2010/index.html (+1ms)
10:03:37   ├─ /comunidad/peliculas/just-go-with-it-2011/index.html (+1ms)
10:03:37   ├─ /comunidad/peliculas/enredados-2010/index.html (+1ms)
10:03:37   ├─ /comunidad/peliculas/captain-america-the-first-avenger-2011/index.html (+1ms)
10:03:37   ├─ /comunidad/peliculas/el-juego-de-la-fortuna-2011/index.html (+1ms)
10:03:37   ├─ /comunidad/peliculas/ghost-rider-spirit-of-vengeance-2011/index.html (+1ms)
10:03:37   ├─ /comunidad/peliculas/green-lantern-2011/index.html (+1ms)
10:03:37   ├─ /comunidad/peliculas/hostel-part-iii-2011/index.html (+1ms)
10:03:37   ├─ /comunidad/peliculas/j-edgar-2011/index.html (+1ms)
10:03:37   ├─ /comunidad/peliculas/la-piel-que-habito-2011/index.html (+1ms)
10:03:37   ├─ /comunidad/peliculas/loco-y-estupido-amor-2011/index.html (+1ms)
10:03:37   ├─ /comunidad/peliculas/los-agentes-del-destino-2011/index.html (+1ms)
10:03:38   ├─ /comunidad/peliculas/los-idus-de-marzo-2011/index.html (+1ms)
10:03:38   ├─ /comunidad/peliculas/los-pinguinos-de-papa-2011/index.html (+1ms)
10:03:38   ├─ /comunidad/peliculas/medianeras-2011/index.html (+1ms)
10:03:38   ├─ /comunidad/peliculas/nader-y-simin-una-separacion-2011/index.html (+1ms)
10:03:38   ├─ /comunidad/peliculas/redada-asesina-the-raid-2011/index.html (+1ms)
10:03:38   ├─ /comunidad/peliculas/sin-identidad-2011/index.html (+1ms)
10:03:38   ├─ /comunidad/peliculas/tenemos-que-hablar-de-kevin-2011/index.html (+1ms)
10:03:38   ├─ /comunidad/peliculas/the-human-centipede-2-full-sequence-2011/index.html (+1ms)
10:03:38   ├─ /comunidad/peliculas/thor-2011/index.html (+1ms)
10:03:38   ├─ /comunidad/peliculas/un-cuento-chino-2011/index.html (+1ms)
10:03:38   ├─ /comunidad/peliculas/un-zoologico-en-casa-2011/index.html (+1ms)
10:03:38   ├─ /comunidad/peliculas/x-men-first-class-2011/index.html (+1ms)
10:03:38   ├─ /comunidad/peliculas/el-ilusionista-2010/index.html (+1ms)
10:03:38   ├─ /comunidad/peliculas/valor-de-ley-2010/index.html (+1ms)
10:03:38   ├─ /comunidad/peliculas/the-king-s-speech-2010/index.html (+1ms)
10:03:38   ├─ /comunidad/peliculas/amor-y-otras-drogas-2010/index.html (+1ms)
10:03:38   ├─ /comunidad/peliculas/harry-potter-and-the-deathly-hallows-part-1-2010/index.html (+1ms)
10:03:38   ├─ /comunidad/peliculas/megamente-2010/index.html (+1ms)
10:03:38   ├─ /comunidad/peliculas/the-social-network-2010/index.html (+1ms)
10:03:38   ├─ /comunidad/peliculas/a-letter-to-elia-2010/index.html (+1ms)
10:03:38   ├─ /comunidad/peliculas/el-americano-2010/index.html (+1ms)
10:03:38   ├─ /comunidad/peliculas/i-m-still-here-2010/index.html (+1ms)
10:03:38   ├─ /comunidad/peliculas/scott-pilgrim-contra-el-mundo-2010/index.html (+1ms)
10:03:38   ├─ /comunidad/peliculas/mi-villano-favorito-2010/index.html (+1ms)
10:03:38   ├─ /comunidad/peliculas/arrietty-y-el-mundo-de-los-diminutos-2010/index.html (+1ms)
10:03:38   ├─ /comunidad/peliculas/grown-ups-2010/index.html (+1ms)
10:03:38   ├─ /comunidad/peliculas/shrek-felices-para-siempre-2010/index.html (+1ms)
10:03:38   ├─ /comunidad/peliculas/el-principe-de-persia-las-arenas-del-tiempo-2010/index.html (+1ms)
10:03:38   ├─ /comunidad/peliculas/you-will-meet-a-tall-dark-stranger-2010/index.html (+1ms)
10:03:38   ├─ /comunidad/peliculas/robin-hood-2010/index.html (+1ms)
10:03:38   ├─ /comunidad/peliculas/a-nightmare-on-elm-street-2010/index.html (+1ms)
10:03:38   ├─ /comunidad/peliculas/how-to-train-your-dragon-2010/index.html (+1ms)
10:03:38   ├─ /comunidad/peliculas/shutter-island-2010/index.html (+1ms)
10:03:38   ├─ /comunidad/peliculas/invictus-2009/index.html (+1ms)
10:03:38   ├─ /comunidad/peliculas/a-serbian-film-2010/index.html (+1ms)
10:03:38   ├─ /comunidad/peliculas/alice-in-wonderland-2010/index.html (+1ms)
10:03:38   ├─ /comunidad/peliculas/blue-valentine-2010/index.html (+1ms)
10:03:38   ├─ /comunidad/peliculas/carancho-2010/index.html (+1ms)
10:03:38   ├─ /comunidad/peliculas/crimen-en-familia-2010/index.html (+1ms)
10:03:38   ├─ /comunidad/peliculas/el-equipo-a-2010/index.html (+1ms)
10:03:38   ├─ /comunidad/peliculas/el-libro-de-eli-2010/index.html (+1ms)
10:03:38   ├─ /comunidad/peliculas/imparable-2010/index.html (+1ms)
10:03:38   ├─ /comunidad/peliculas/inception-2010/index.html (+1ms)
10:03:38   ├─ /comunidad/peliculas/iron-man-2-2010/index.html (+1ms)
10:03:38   ├─ /comunidad/peliculas/jonah-hex-2010/index.html (+1ms)
10:03:38   ├─ /comunidad/peliculas/los-otros-dos-2010/index.html (+1ms)
10:03:38   ├─ /comunidad/peliculas/machete-2010/index.html (+1ms)
10:03:38   ├─ /comunidad/peliculas/saw-3d-2010/index.html (+1ms)
10:03:38   ├─ /comunidad/peliculas/the-fighter-2010/index.html (+1ms)
10:03:38   ├─ /comunidad/peliculas/toy-story-3-2010/index.html (+1ms)
10:03:38   ├─ /comunidad/peliculas/zona-verde-2010/index.html (+1ms)
10:03:38   ├─ /comunidad/peliculas/avatar-2009/index.html (+1ms)
10:03:38   ├─ /comunidad/peliculas/la-princesa-y-el-sapo-2009/index.html (+1ms)
10:03:38   ├─ /comunidad/peliculas/todos-estan-bien-2009/index.html (+1ms)
10:03:38   ├─ /comunidad/peliculas/nine-2009/index.html (+1ms)
10:03:38   ├─ /comunidad/peliculas/hermanos-2009/index.html (+1ms)
10:03:38   ├─ /comunidad/peliculas/amor-sin-escalas-2009/index.html (+1ms)
10:03:38   ├─ /comunidad/peliculas/halloween-ii-2009/index.html (+1ms)
10:03:38   ├─ /comunidad/peliculas/destino-final-4-2009/index.html (+1ms)
10:03:38   ├─ /comunidad/peliculas/lluvia-de-hamburguesas-2009/index.html (+1ms)
10:03:38   ├─ /comunidad/peliculas/rebelion-adolescente-2009/index.html (+1ms)
10:03:38   ├─ /comunidad/peliculas/districte-9-2009/index.html (+1ms)
10:03:38   ├─ /comunidad/peliculas/funny-people-2009/index.html (+1ms)
10:03:38   ├─ /comunidad/peliculas/harry-potter-and-the-half-blood-prince-2009/index.html (+1ms)
10:03:38   ├─ /comunidad/peliculas/enemigos-publicos-2009/index.html (+1ms)
10:03:38   ├─ /comunidad/peliculas/la-era-de-hielo-3-el-origen-de-los-dinosaurios-2009/index.html (+1ms)
10:03:38   ├─ /comunidad/peliculas/ano-uno-2009/index.html (+1ms)
10:03:38   ├─ /comunidad/peliculas/up-2009/index.html (+1ms)
10:03:38   ├─ /comunidad/peliculas/terminator-salvation-2009/index.html (+1ms)
10:03:38   ├─ /comunidad/peliculas/whatever-works-2009/index.html (+1ms)
10:03:38   ├─ /comunidad/peliculas/los-secretos-del-poder-2009/index.html (+1ms)
10:03:38   ├─ /comunidad/peliculas/fast-and-furious-2009/index.html (+1ms)
10:03:38   ├─ /comunidad/peliculas/friday-the-13th-2009/index.html (+1ms)
10:03:38   ├─ /comunidad/peliculas/el-secreto-de-kells-2009/index.html (+1ms)
10:03:38   ├─ /comunidad/peliculas/angeles-y-demonios-2009/index.html (+1ms)
10:03:38   ├─ /comunidad/peliculas/asalto-al-tren-pelham-123-2009/index.html (+1ms)
10:03:38   ├─ /comunidad/peliculas/desde-mi-cielo-2009/index.html (+1ms)
10:03:38   ├─ /comunidad/peliculas/el-hombre-de-al-lado-2009/index.html (+1ms)
10:03:38   ├─ /comunidad/peliculas/el-secreto-de-sus-ojos-2009/index.html (+1ms)
10:03:38   ├─ /comunidad/peliculas/enter-the-void-2009/index.html (+1ms)
10:03:38   ├─ /comunidad/peliculas/i-love-you-phillip-morris-2009/index.html (+1ms)
10:03:38   ├─ /comunidad/peliculas/inglourious-basterds-2009/index.html (+1ms)
10:03:38   ├─ /comunidad/peliculas/jennifer-s-body-2009/index.html (+1ms)
10:03:38   ├─ /comunidad/peliculas/the-house-of-the-devil-2009/index.html (+1ms)
10:03:38   ├─ /comunidad/peliculas/la-cinta-blanca-2009/index.html (+1ms)
10:03:38   ├─ /comunidad/peliculas/los-fantasmas-de-scrooge-2009/index.html (+1ms)
10:03:38   ├─ /comunidad/peliculas/los-mundos-de-coraline-2009/index.html (+1ms)
10:03:38   ├─ /comunidad/peliculas/los-sustitutos-2009/index.html (+1ms)
10:03:38   ├─ /comunidad/peliculas/luna-2009/index.html (+1ms)
10:03:38   ├─ /comunidad/peliculas/saw-vi-2009/index.html (+1ms)
10:03:38   ├─ /comunidad/peliculas/the-human-centipede-first-sequence-2009/index.html (+1ms)
10:03:38   ├─ /comunidad/peliculas/watchmen-2009/index.html (+1ms)
10:03:38   ├─ /comunidad/peliculas/x-men-origins-wolverine-2009/index.html (+1ms)
10:03:38   ├─ /comunidad/peliculas/bedtime-stories-2008/index.html (+1ms)
10:03:38   ├─ /comunidad/peliculas/gran-torino-2008/index.html (+1ms)
10:03:38   ├─ /comunidad/peliculas/ip-man-2008/index.html (+1ms)
10:03:38   ├─ /comunidad/peliculas/australia-2008/index.html (+1ms)
10:03:38   ├─ /comunidad/peliculas/bolt-un-perro-fuera-de-serie-2008/index.html (+1ms)
10:03:38   ├─ /comunidad/peliculas/slumdog-millionaire-2008/index.html (+1ms)
10:03:38   ├─ /comunidad/peliculas/algo-pasa-en-hollywood-2008/index.html (+1ms)
10:03:38   ├─ /comunidad/peliculas/the-hurt-locker-2008/index.html (+1ms)
10:03:38   ├─ /comunidad/peliculas/nick-y-norah-una-noche-de-musica-y-amor-2008/index.html (+1ms)
10:03:38   ├─ /comunidad/peliculas/asesinato-justo-2008/index.html (+1ms)
10:03:38   ├─ /comunidad/peliculas/quemese-despues-de-leerse-2008/index.html (+1ms)
10:03:38   ├─ /comunidad/peliculas/ponyo-y-el-secreto-de-la-sirenita-2008/index.html (+1ms)
10:03:38   ├─ /comunidad/peliculas/wall-e-2008/index.html (+1ms)
10:03:38   ├─ /comunidad/peliculas/you-dont-mess-with-the-zohan-2008/index.html (+1ms)
10:03:38   ├─ /comunidad/peliculas/vicky-cristina-barcelona-2008/index.html (+1ms)
10:03:38   ├─ /comunidad/peliculas/kung-fu-panda-2008/index.html (+1ms)
10:03:38   ├─ /comunidad/peliculas/shine-a-light-2008/index.html (+1ms)
10:03:38   ├─ /comunidad/peliculas/horton-y-el-mundo-de-los-quien-2008/index.html (+1ms)
10:03:38   ├─ /comunidad/peliculas/si-senor-2008/index.html (+1ms)
10:03:38   ├─ /comunidad/peliculas/dejame-entrar-2008/index.html (+1ms)
10:03:38   ├─ /comunidad/peliculas/el-curioso-caso-de-benjamin-button-2008/index.html (+1ms)
10:03:38   ├─ /comunidad/peliculas/el-incidente-2008/index.html (+5ms)
10:03:38   ├─ /comunidad/peliculas/indiana-jones-and-the-kingdom-of-the-crystal-skull-2008/index.html (+2ms)
10:03:38   ├─ /comunidad/peliculas/iron-man-2008/index.html (+1ms)
10:03:38   ├─ /comunidad/peliculas/leonera-2008/index.html (+1ms)
10:03:38   ├─ /comunidad/peliculas/martires-2008/index.html (+1ms)
10:03:38   ├─ /comunidad/peliculas/operacion-valquiria-2008/index.html (+1ms)
10:03:38   ├─ /comunidad/peliculas/punisher-war-zone-2008/index.html (+1ms)
10:03:38   ├─ /comunidad/peliculas/quantum-of-solace-2008/index.html (+1ms)
10:03:38   ├─ /comunidad/peliculas/rebobine-por-favor-2008/index.html (+1ms)
10:03:38   ├─ /comunidad/peliculas/red-de-mentiras-2008/index.html (+1ms)
10:03:38   ├─ /comunidad/peliculas/saw-v-2008/index.html (+1ms)
10:03:38   ├─ /comunidad/peliculas/solo-un-sueno-2008/index.html (+1ms)
10:03:38   ├─ /comunidad/peliculas/the-dark-knight-2008/index.html (+1ms)
10:03:38   ├─ /comunidad/peliculas/the-incredible-hulk-2008/index.html (+1ms)
10:03:38   ├─ /comunidad/peliculas/venganza-2008/index.html (+1ms)
10:03:38   ├─ /comunidad/peliculas/juno-embarazada-por-accidente-2007/index.html (+1ms)
10:03:38   ├─ /comunidad/peliculas/la-huella-2007/index.html (+1ms)
10:03:38   ├─ /comunidad/peliculas/leones-por-corderos-2007/index.html (+1ms)
10:03:38   ├─ /comunidad/peliculas/no-country-for-old-men-2007/index.html (+1ms)
10:03:38   ├─ /comunidad/peliculas/bee-movie-la-historia-de-una-abeja-2007/index.html (+1ms)
10:03:38   ├─ /comunidad/peliculas/cleaner-2007/index.html (+1ms)
10:03:38   ├─ /comunidad/peliculas/halloween-2007/index.html (+1ms)
10:03:38   ├─ /comunidad/peliculas/lo-que-perdimos-en-el-camino-2007/index.html (+1ms)
10:03:38   ├─ /comunidad/peliculas/elizabeth-la-edad-de-oro-2007/index.html (+1ms)
10:03:38   ├─ /comunidad/peliculas/la-extrana-que-hay-en-ti-2007/index.html (+1ms)
10:03:38   ├─ /comunidad/peliculas/expediente-anwar-2007/index.html (+1ms)
10:03:38   ├─ /comunidad/peliculas/supersalidos-2007/index.html (+1ms)
10:03:38   ├─ /comunidad/peliculas/los-simpson-la-pelicula-2007/index.html (+1ms)
10:03:38   ├─ /comunidad/peliculas/i-now-pronounce-you-chuck-and-larry-2007/index.html (+1ms)
10:03:38   ├─ /comunidad/peliculas/ratatouille-2007/index.html (+1ms)
10:03:38   ├─ /comunidad/peliculas/harry-potter-and-the-order-of-the-phoenix-2007/index.html (+1ms)
10:03:38   ├─ /comunidad/peliculas/persepolis-2007/index.html (+1ms)
10:03:38   ├─ /comunidad/peliculas/cassandra-s-dream-2007/index.html (+1ms)
10:03:38   ├─ /comunidad/peliculas/ahora-son-13-2007/index.html (+1ms)
10:03:38   ├─ /comunidad/peliculas/mr-brooks-2007/index.html (+1ms)
10:03:38   ├─ /comunidad/peliculas/pirates-of-the-caribbean-at-worlds-end-2007/index.html (+1ms)
10:03:38   ├─ /comunidad/peliculas/seduciendo-a-un-extrano-2007/index.html (+1ms)
10:03:38   ├─ /comunidad/peliculas/sunshine-2007/index.html (+1ms)
10:03:38   ├─ /comunidad/peliculas/la-familia-del-futuro-2007/index.html (+1ms)
10:03:38   ├─ /comunidad/peliculas/reign-over-me-2007/index.html (+1ms)
10:03:38   ├─ /comunidad/peliculas/zodiaco-2007/index.html (+1ms)
10:03:38   ├─ /comunidad/peliculas/flushed-away-lo-que-el-agua-se-llevo-2006/index.html (+1ms)
10:03:38   ├─ /comunidad/peliculas/american-gangster-2007/index.html (+1ms)
10:03:38   ├─ /comunidad/peliculas/crimen-perfecto-2007/index.html (+1ms)
10:03:38   ├─ /comunidad/peliculas/death-proof-2007/index.html (+1ms)
10:03:38   ├─ /comunidad/peliculas/el-asesinato-de-jesse-james-por-el-cobarde-robert-ford-2007/index.html (+1ms)
10:03:38   ├─ /comunidad/peliculas/el-orfanato-2007/index.html (+1ms)
10:03:38   ├─ /comunidad/peliculas/el-ultimatum-de-bourne-2007/index.html (+1ms)
10:03:38   ├─ /comunidad/peliculas/fantastic-four-rise-of-the-silver-surfer-2007/index.html (+1ms)
10:03:38   ├─ /comunidad/peliculas/ghost-rider-2007/index.html (+1ms)
10:03:38   ├─ /comunidad/peliculas/hostel-part-ii-2007/index.html (+1ms)
10:03:38   ├─ /comunidad/peliculas/inside-2007/index.html (+1ms)
10:03:38   ├─ /comunidad/peliculas/la-guerra-de-charlie-wilson-2007/index.html (+1ms)
10:03:38   ├─ /comunidad/peliculas/la-noche-es-nuestra-2007/index.html (+1ms)
10:03:38   ├─ /comunidad/peliculas/lars-y-la-chica-real-2007/index.html (+1ms)
10:03:38   ├─ /comunidad/peliculas/numero-23-la-revelacion-2007/index.html (+1ms)
10:03:38   ├─ /comunidad/peliculas/paranormal-activity-2007/index.html (+1ms)
10:03:38   ├─ /comunidad/peliculas/planet-terror-2007/index.html (+1ms)
10:03:38   ├─ /comunidad/peliculas/rec-2007/index.html (+1ms)
10:03:38   ├─ /comunidad/peliculas/saw-iv-2007/index.html (+1ms)
10:03:38   ├─ /comunidad/peliculas/shooter-el-tirador-2007/index.html (+1ms)
10:03:38   ├─ /comunidad/peliculas/spider-man-3-2007/index.html (+1ms)
10:03:38   ├─ /comunidad/peliculas/sweeney-todd-the-demon-barber-of-fleet-street-2007/index.html (+1ms)
10:03:38   ├─ /comunidad/peliculas/el-buen-aleman-2006/index.html (+1ms)
10:03:38   ├─ /comunidad/peliculas/the-prestige-2006/index.html (+1ms)
10:03:38   ├─ /comunidad/peliculas/the-departed-2006/index.html (+1ms)
10:03:38   ├─ /comunidad/peliculas/hijos-de-los-hombres-2006/index.html (+1ms)
10:03:38   ├─ /comunidad/peliculas/paprika-2006/index.html (+1ms)
10:03:38   ├─ /comunidad/peliculas/tales-from-earthsea-2006/index.html (+1ms)
10:03:38   ├─ /comunidad/peliculas/scoop-2006/index.html (+1ms)
10:03:38   ├─ /comunidad/peliculas/vecinos-invasores-2006/index.html (+1ms)
10:03:38   ├─ /comunidad/peliculas/the-girl-who-leapt-through-time-2006/index.html (+1ms)
10:03:38   ├─ /comunidad/peliculas/pirates-of-the-caribbean-dead-mans-chest-2006/index.html (+1ms)
10:03:38   ├─ /comunidad/peliculas/una-mirada-en-la-oscuridad-2006/index.html (+1ms)
10:03:38   ├─ /comunidad/peliculas/click-2006/index.html (+1ms)
10:03:38   ├─ /comunidad/peliculas/la-casa-del-lago-2006/index.html (+1ms)
10:03:38   ├─ /comunidad/peliculas/the-fast-and-the-furious-tokyo-drift-2006/index.html (+1ms)
10:03:38   ├─ /comunidad/peliculas/mission-impossible-iii-2006/index.html (+1ms)
10:03:38   ├─ /comunidad/peliculas/la-era-de-hielo-2-2006/index.html (+1ms)
10:03:38   ├─ /comunidad/peliculas/la-vida-de-los-otros-2006/index.html (+1ms)
10:03:38   ├─ /comunidad/peliculas/firewall-2006/index.html (+1ms)
10:03:38   ├─ /comunidad/peliculas/destino-final-3-2006/index.html (+1ms)
10:03:38   ├─ /comunidad/peliculas/amigos-con-dinero-2006/index.html (+1ms)
10:03:38   ├─ /comunidad/peliculas/casino-royale-2006/index.html (+1ms)
10:03:38   ├─ /comunidad/peliculas/deja-vu-2006/index.html (+1ms)
10:03:38   ├─ /comunidad/peliculas/el-buen-pastor-2006/index.html (+1ms)
10:03:38   ├─ /comunidad/peliculas/el-codigo-da-vinci-2006/index.html (+1ms)
10:03:38   ├─ /comunidad/peliculas/el-laberinto-del-fauno-2006/index.html (+1ms)
10:03:38   ├─ /comunidad/peliculas/invencible-2006/index.html (+1ms)
10:03:38   ├─ /comunidad/peliculas/la-otra-cara-de-nelson-2006/index.html (+1ms)
10:03:38   ├─ /comunidad/peliculas/paprika-detective-de-los-suenos-2006/index.html (+1ms)
10:03:38   ├─ /comunidad/peliculas/plan-oculto-2006/index.html (+1ms)
10:03:38   ├─ /comunidad/peliculas/rocky-balboa-2006/index.html (+1ms)
10:03:38   ├─ /comunidad/peliculas/saw-iii-2006/index.html (+1ms)
10:03:38   ├─ /comunidad/peliculas/superman-returns-2006/index.html (+1ms)
10:03:38   ├─ /comunidad/peliculas/the-fall-el-sueno-de-alexandria-2006/index.html (+1ms)
10:03:38   ├─ /comunidad/peliculas/x-men-the-last-stand-2006/index.html (+1ms)
10:03:38   ├─ /comunidad/peliculas/munich-2005/index.html (+1ms)
10:03:38   ├─ /comunidad/peliculas/la-joya-de-la-familia-2005/index.html (+1ms)
10:03:38   ├─ /comunidad/peliculas/harry-potter-and-the-goblet-of-fire-2005/index.html (+1ms)
10:03:38   ├─ /comunidad/peliculas/chicken-little-2005/index.html (+1ms)
10:03:38   ├─ /comunidad/peliculas/jarhead-el-infierno-espera-2005/index.html (+1ms)
10:03:38   ├─ /comunidad/peliculas/el-hombre-del-tiempo-2005/index.html (+1ms)
10:03:38   ├─ /comunidad/peliculas/secreto-en-la-montana-2005/index.html (+1ms)
10:03:38   ├─ /comunidad/peliculas/plan-de-vuelo-2005/index.html (+1ms)
10:03:38   ├─ /comunidad/peliculas/el-senor-de-la-guerra-2005/index.html (+1ms)
10:03:38   ├─ /comunidad/peliculas/wallace-y-gromit-la-batalla-de-los-vegetales-2005/index.html (+1ms)
10:03:38   ├─ /comunidad/peliculas/johnny-june-pasion-y-locura-2005/index.html (+1ms)
10:03:38   ├─ /comunidad/peliculas/no-direction-home-bob-dylan-2005/index.html (+1ms)
10:03:38   ├─ /comunidad/peliculas/war-of-the-worlds-2005/index.html (+1ms)
10:03:38   ├─ /comunidad/peliculas/the-longest-yard-2005/index.html (+2ms)
10:03:38   ├─ /comunidad/peliculas/star-wars-episode-iii-revenge-of-the-sith-2005/index.html (+1ms)
10:03:38   ├─ /comunidad/peliculas/match-point-2005/index.html (+1ms)
10:03:38   ├─ /comunidad/peliculas/crash-2005/index.html (+1ms)
10:03:38   ├─ /comunidad/peliculas/robots-2005/index.html (+1ms)
10:03:38   ├─ /comunidad/peliculas/la-balada-de-jack-y-rose-2005/index.html (+1ms)
10:03:38   ├─ /comunidad/peliculas/el-escondite-2005/index.html (+1ms)
10:03:38   ├─ /comunidad/peliculas/batman-begins-2005/index.html (+1ms)
10:03:38   ├─ /comunidad/peliculas/charlie-and-the-chocolate-factory-2005/index.html (+1ms)
10:03:38   ├─ /comunidad/peliculas/constantine-2005/index.html (+1ms)
10:03:38   ├─ /comunidad/peliculas/corpse-bride-2005/index.html (+1ms)
10:03:38   ├─ /comunidad/peliculas/cuatro-hermanos-2005/index.html (+1ms)
10:03:38   ├─ /comunidad/peliculas/el-aura-2005/index.html (+1ms)
10:03:38   ├─ /comunidad/peliculas/el-umbral-2005/index.html (+1ms)
10:03:38   ├─ /comunidad/peliculas/elektra-2005/index.html (+1ms)
10:03:38   ├─ /comunidad/peliculas/fantastic-four-2005/index.html (+1ms)
10:03:38   ├─ /comunidad/peliculas/grizzly-man-2005/index.html (+1ms)
10:03:38   ├─ /comunidad/peliculas/hostel-2005/index.html (+1ms)
10:03:38   ├─ /comunidad/peliculas/la-propuesta-2005/index.html (+1ms)
10:03:38   ├─ /comunidad/peliculas/las-locuras-de-dick-y-jane-2005/index.html (+1ms)
10:03:38   ├─ /comunidad/peliculas/los-renegados-del-diablo-2005/index.html (+1ms)
10:03:38   ├─ /comunidad/peliculas/saw-ii-2005/index.html (+1ms)
10:03:38   ├─ /comunidad/peliculas/the-descent-2005/index.html (+1ms)
10:03:38   ├─ /comunidad/peliculas/tiempo-de-valientes-2005/index.html (+1ms)
10:03:38   ├─ /comunidad/peliculas/the-aviator-2004/index.html (+1ms)
10:03:38   ├─ /comunidad/peliculas/spanglish-2004/index.html (+1ms)
10:03:38   ├─ /comunidad/peliculas/la-nueva-gran-estafa-2004/index.html (+1ms)
10:03:38   ├─ /comunidad/peliculas/life-aquatic-2004/index.html (+1ms)
10:03:38   ├─ /comunidad/peliculas/million-dollar-baby-2004/index.html (+1ms)
10:03:38   ├─ /comunidad/peliculas/the-incredibles-2004/index.html (+1ms)
10:03:38   ├─ /comunidad/peliculas/bailamos-2004/index.html (+1ms)
10:03:38   ├─ /comunidad/peliculas/primer-2004/index.html (+1ms)
10:03:38   ├─ /comunidad/peliculas/shark-tale-2004/index.html (+1ms)
10:03:38   ├─ /comunidad/peliculas/melinda-and-melinda-2004/index.html (+1ms)
10:03:38   ├─ /comunidad/peliculas/las-trillizas-de-belleville-2003/index.html (+1ms)
10:03:38   ├─ /comunidad/peliculas/the-terminal-2004/index.html (+1ms)
10:03:38   ├─ /comunidad/peliculas/napoleon-dynamite-2004/index.html (+1ms)
10:03:38   ├─ /comunidad/peliculas/harry-potter-and-the-prisoner-of-azkaban-2004/index.html (+1ms)
10:03:38   ├─ /comunidad/peliculas/el-dia-de-manana-2004/index.html (+1ms)
10:03:38   ├─ /comunidad/peliculas/shrek-2-2004/index.html (+1ms)
10:03:38   ├─ /comunidad/peliculas/eternal-sunshine-of-the-spotless-mind-2004/index.html (+1ms)
10:03:38   ├─ /comunidad/peliculas/el-abrazo-partido-2004/index.html (+1ms)
10:03:38   ├─ /comunidad/peliculas/50-first-dates-2004/index.html (+1ms)
10:03:38   ├─ /comunidad/peliculas/espiritus-ocultos-2003/index.html (+2ms)
10:03:38   ├─ /comunidad/peliculas/blade-trinity-2004/index.html (+1ms)
10:03:38   ├─ /comunidad/peliculas/catwoman-2004/index.html (+1ms)
10:03:38   ├─ /comunidad/peliculas/diario-de-una-pasion-2004/index.html (+1ms)
10:03:38   ├─ /comunidad/peliculas/el-fuego-de-la-venganza-2004/index.html (+1ms)
10:03:38   ├─ /comunidad/peliculas/el-maquinista-2004/index.html (+1ms)
10:03:38   ├─ /comunidad/peliculas/kill-bill-vol-2-2004/index.html (+1ms)
10:03:38   ├─ /comunidad/peliculas/kung-fu-sion-2004/index.html (+1ms)
10:03:38   ├─ /comunidad/peliculas/la-nina-santa-2004/index.html (+1ms)
10:03:38   ├─ /comunidad/peliculas/seed-of-chucky-2004/index.html (+1ms)
10:03:38   ├─ /comunidad/peliculas/la-supremacia-de-bourne-2004/index.html (+1ms)
10:03:38   ├─ /comunidad/peliculas/luna-de-avellaneda-2004/index.html (+1ms)
10:03:38   ├─ /comunidad/peliculas/saw-2004/index.html (+1ms)
10:03:38   ├─ /comunidad/peliculas/spider-man-2-2004/index.html (+1ms)
10:03:38   ├─ /comunidad/peliculas/the-punisher-2004/index.html (+1ms)
10:03:38   ├─ /comunidad/peliculas/troya-2004/index.html (+1ms)
10:03:38   ├─ /comunidad/peliculas/una-serie-de-eventos-desafortunados-2004/index.html (+1ms)
10:03:38   ├─ /comunidad/peliculas/shaun-of-the-dead-2004/index.html (+1ms)
10:03:38   ├─ /comunidad/peliculas/the-lord-of-the-rings-the-return-of-the-king-2003/index.html (+1ms)
10:03:38   ├─ /comunidad/peliculas/tokyo-godfathers-2003/index.html (+1ms)
10:03:38   ├─ /comunidad/peliculas/21-gramos-2003/index.html (+1ms)
10:03:38   ├─ /comunidad/peliculas/la-sonrisa-de-mona-lisa-2003/index.html (+1ms)
10:03:38   ├─ /comunidad/peliculas/oldboy-2003/index.html (+1ms)
10:03:38   ├─ /comunidad/peliculas/love-actually-2003/index.html (+1ms)
10:03:38   ├─ /comunidad/peliculas/matrix-revolutions-2003/index.html (+1ms)
10:03:38   ├─ /comunidad/peliculas/tierra-de-osos-2003/index.html (+1ms)
10:03:38   ├─ /comunidad/peliculas/la-mancha-humana-2003/index.html (+1ms)
10:03:38   ├─ /comunidad/peliculas/rio-mistico-2003/index.html (+1ms)
10:03:38   ├─ /comunidad/peliculas/crueldad-intolerable-2003/index.html (+1ms)
10:03:38   ├─ /comunidad/peliculas/the-blues-feel-like-going-home-2003/index.html (+1ms)
10:03:38   ├─ /comunidad/peliculas/elephant-2003/index.html (+1ms)
10:03:38   ├─ /comunidad/peliculas/todopoderoso-2003/index.html (+1ms)
10:03:38   ├─ /comunidad/peliculas/freddy-vs-jason-2003/index.html (+1ms)
10:03:38   ├─ /comunidad/peliculas/pacto-de-justicia-2003/index.html (+1ms)
10:03:38   ├─ /comunidad/peliculas/sinbad-la-leyenda-de-los-siete-mares-2003/index.html (+1ms)
10:03:38   ├─ /comunidad/peliculas/pirates-of-the-caribbean-the-curse-of-the-black-pearl-2003/index.html (+1ms)
10:03:38   ├─ /comunidad/peliculas/terminator-3-rise-of-the-machines-2003/index.html (+1ms)
10:03:38   ├─ /comunidad/peliculas/hollywood-departamento-de-homicidios-2003/index.html (+2ms)
10:03:38   ├─ /comunidad/peliculas/2-fast-2-furious-2003/index.html (+1ms)
10:03:38   ├─ /comunidad/peliculas/finding-nemo-2003/index.html (+1ms)
10:03:38   ├─ /comunidad/peliculas/desapariciones-2003/index.html (+1ms)
10:03:38   ├─ /comunidad/peliculas/matrix-reloaded-2003/index.html (+1ms)
10:03:38   ├─ /comunidad/peliculas/memories-of-murder-cronica-de-un-asesino-en-serie-2003/index.html (+1ms)
10:03:38   ├─ /comunidad/peliculas/anger-management-2003/index.html (+1ms)
10:03:38   ├─ /comunidad/peliculas/destino-final-2-2003/index.html (+1ms)
10:03:38   ├─ /comunidad/peliculas/ong-bak-el-guerrero-muay-thai-2003/index.html (+1ms)
10:03:38   ├─ /comunidad/peliculas/big-fish-2003/index.html (+1ms)
10:03:38   ├─ /comunidad/peliculas/daredevil-2003/index.html (+1ms)
10:03:38   ├─ /comunidad/peliculas/dos-policias-rebeldes-ii-2003/index.html (+1ms)
10:03:38   ├─ /comunidad/peliculas/hulk-2003/index.html (+1ms)
10:03:38   ├─ /comunidad/peliculas/kill-bill-vol-1-2003/index.html (+1ms)
10:03:38   ├─ /comunidad/peliculas/la-estafa-maestra-2003/index.html (+1ms)
10:03:38   ├─ /comunidad/peliculas/la-habitacion-the-room-2003/index.html (+1ms)
10:03:38   ├─ /comunidad/peliculas/anything-else-2003/index.html (+1ms)
10:03:38   ├─ /comunidad/peliculas/x2-2003/index.html (+1ms)
10:03:38   ├─ /comunidad/peliculas/atrapame-si-puedes-2002/index.html (+1ms)
10:03:38   ├─ /comunidad/peliculas/hero-2002/index.html (+2ms)
10:03:38   ├─ /comunidad/peliculas/gangs-of-new-york-2002/index.html (+2ms)
10:03:38   ├─ /comunidad/peliculas/juego-sucio-infernal-affairs-2002/index.html (+1ms)
10:03:38   ├─ /comunidad/peliculas/chicago-2002/index.html (+1ms)
10:03:38   ├─ /comunidad/peliculas/the-lord-of-the-rings-the-two-towers-2002/index.html (+1ms)
10:03:38   ├─ /comunidad/peliculas/eight-crazy-nights-2002/index.html (+1ms)
10:03:38   ├─ /comunidad/peliculas/el-planeta-del-tesoro-2002/index.html (+1ms)
10:03:38   ├─ /comunidad/peliculas/harry-potter-and-the-chamber-of-secrets-2002/index.html (+1ms)
10:03:38   ├─ /comunidad/peliculas/kamchatka-2002/index.html (+1ms)
10:03:38   ├─ /comunidad/peliculas/punch-drunk-love-2002/index.html (+1ms)
10:03:38   ├─ /comunidad/peliculas/el-dragon-rojo-2002/index.html (+1ms)
10:03:38   ├─ /comunidad/peliculas/the-banger-sisters-2002/index.html (+1ms)
10:03:38   ├─ /comunidad/peliculas/condenado-2002/index.html (+1ms)
10:03:38   ├─ /comunidad/peliculas/haru-en-el-reino-de-los-gatos-2002/index.html (+1ms)
10:03:38   ├─ /comunidad/peliculas/la-era-de-hielo-2002/index.html (+1ms)
10:03:38   ├─ /comunidad/peliculas/mr-deeds-2002/index.html (+1ms)
10:03:38   ├─ /comunidad/peliculas/lilo-stitch-2002/index.html (+1ms)
10:03:38   ├─ /comunidad/peliculas/minority-report-2002/index.html (+1ms)
10:03:38   ├─ /comunidad/peliculas/spirit-el-corcel-indomable-2002/index.html (+1ms)
10:03:38   ├─ /comunidad/peliculas/star-wars-episode-ii-attack-of-the-clones-2002/index.html (+1ms)
10:03:38   ├─ /comunidad/peliculas/hollywood-ending-2002/index.html (+1ms)
10:03:38   ├─ /comunidad/peliculas/kate-leopold-2001/index.html (+1ms)
10:03:38   ├─ /comunidad/peliculas/la-habitacion-del-panico-2002/index.html (+1ms)
10:03:38   ├─ /comunidad/peliculas/showtime-2002/index.html (+1ms)
10:03:38   ├─ /comunidad/peliculas/blade-ii-2002/index.html (+1ms)
10:03:38   ├─ /comunidad/peliculas/calculo-mortal-2002/index.html (+1ms)
10:03:38   ├─ /comunidad/peliculas/camino-a-la-perdicion-2002/index.html (+1ms)
10:03:38   ├─ /comunidad/peliculas/ciudad-de-dios-2002/index.html (+1ms)
10:03:38   ├─ /comunidad/peliculas/el-bonaerense-2002/index.html (+1ms)
10:03:38   ├─ /comunidad/peliculas/el-pianista-2002/index.html (+1ms)
10:03:38   ├─ /comunidad/peliculas/en-defensa-del-honor-2002/index.html (+1ms)
10:03:38   ├─ /comunidad/peliculas/exterminio-2002/index.html (+1ms)
10:03:38   ├─ /comunidad/peliculas/halloween-resurrection-2002/index.html (+1ms)
10:03:38   ├─ /comunidad/peliculas/identidad-desconocida-2002/index.html (+1ms)
10:03:38   ├─ /comunidad/peliculas/infiel-2002/index.html (+1ms)
10:03:38   ├─ /comunidad/peliculas/john-q-situacion-extrema-2002/index.html (+1ms)
10:03:38   ├─ /comunidad/peliculas/k-19-the-widowmaker-2002/index.html (+1ms)
10:03:38   ├─ /comunidad/peliculas/insomnia-2002/index.html (+1ms)
10:03:38   ├─ /comunidad/peliculas/spider-man-2002/index.html (+1ms)
10:03:38   ├─ /comunidad/peliculas/un-oso-rojo-2002/index.html (+4ms)
10:03:38   ├─ /comunidad/peliculas/yo-soy-sam-2001/index.html (+2ms)
10:03:38   ├─ /comunidad/peliculas/gosford-park-crimen-de-medianoche-2001/index.html (+1ms)
10:03:38   ├─ /comunidad/peliculas/the-lord-of-the-rings-the-fellowship-of-the-ring-2001/index.html (+1ms)
10:03:38   ├─ /comunidad/peliculas/a-beautiful-mind-2001/index.html (+1ms)
10:03:38   ├─ /comunidad/peliculas/la-gran-estafa-2001/index.html (+1ms)
10:03:38   ├─ /comunidad/peliculas/monsters-inc-2001/index.html (+1ms)
10:03:38   ├─ /comunidad/peliculas/buffalo-soldiers-2001/index.html (+1ms)
10:03:38   ├─ /comunidad/peliculas/la-pianista-2001/index.html (+1ms)
10:03:38   ├─ /comunidad/peliculas/the-curse-of-the-jade-scorpion-2001/index.html (+1ms)
10:03:38   ├─ /comunidad/peliculas/millennium-actress-2001/index.html (+1ms)
10:03:38   ├─ /comunidad/peliculas/jason-x-2001/index.html (+1ms)
10:03:38   ├─ /comunidad/peliculas/spirited-away-2001/index.html (+1ms)
10:03:38   ├─ /comunidad/peliculas/jurassic-park-iii-2001/index.html (+1ms)
10:03:38   ├─ /comunidad/peliculas/the-score-un-golpe-maestro-2001/index.html (+1ms)
10:03:38   ├─ /comunidad/peliculas/atlantis-el-imperio-perdido-2001/index.html (+1ms)
10:03:38   ├─ /comunidad/peliculas/shrek-2001/index.html (+1ms)
10:03:38   ├─ /comunidad/peliculas/a-i-artificial-intelligence-2001/index.html (+1ms)
10:03:38   ├─ /comunidad/peliculas/the-fast-and-the-furious-2001/index.html (+1ms)
10:03:38   ├─ /comunidad/peliculas/moulin-rouge-2001/index.html (+2ms)
10:03:38   ├─ /comunidad/peliculas/la-hora-de-la-arana-2001/index.html (+1ms)
10:03:38   ├─ /comunidad/peliculas/15-minutos-2001/index.html (+1ms)
10:03:38   ├─ /comunidad/peliculas/hannibal-2001/index.html (+1ms)
10:03:38   ├─ /comunidad/peliculas/donnie-darko-2001/index.html (+1ms)
10:03:38   ├─ /comunidad/peliculas/ali-2001/index.html (+1ms)
10:03:38   ├─ /comunidad/peliculas/amelie-2001/index.html (+1ms)
10:03:38   ├─ /comunidad/peliculas/dia-de-entrenamiento-2001/index.html (+1ms)
10:03:38   ├─ /comunidad/peliculas/el-creyente-2001/index.html (+1ms)
10:03:38   ├─ /comunidad/peliculas/el-hijo-de-la-novia-2001/index.html (+1ms)
10:03:38   ├─ /comunidad/peliculas/ghost-world-2001/index.html (+1ms)
10:03:38   ├─ /comunidad/peliculas/ichi-the-killer-2001/index.html (+1ms)
10:03:38   ├─ /comunidad/peliculas/la-cienaga-2001/index.html (+1ms)
10:03:38   ├─ /comunidad/peliculas/mulholland-drive-2001/index.html (+1ms)
10:03:38   ├─ /comunidad/peliculas/planet-of-the-apes-2001/index.html (+1ms)
10:03:38   ├─ /comunidad/peliculas/rock-star-2001/index.html (+1ms)
10:03:38   ├─ /comunidad/peliculas/the-majestic-2001/index.html (+1ms)
10:03:38   ├─ /comunidad/peliculas/vanilla-sky-2001/index.html (+1ms)
10:03:38   ├─ /comunidad/peliculas/donde-estas-hermano-2000/index.html (+1ms)
10:03:38   ├─ /comunidad/peliculas/las-locuras-del-emperador-2000/index.html (+1ms)
10:03:38   ├─ /comunidad/peliculas/el-grinch-2000/index.html (+1ms)
10:03:38   ├─ /comunidad/peliculas/little-nicky-2000/index.html (+1ms)
10:03:38   ├─ /comunidad/peliculas/very-important-perros-2000/index.html (+1ms)
10:03:38   ├─ /comunidad/peliculas/deseando-amar-2000/index.html (+1ms)
10:03:38   ├─ /comunidad/peliculas/casi-famosos-2000/index.html (+1ms)
10:03:38   ├─ /comunidad/peliculas/lo-que-la-verdad-esconde-2000/index.html (+1ms)
10:03:38   ├─ /comunidad/peliculas/tigre-y-dragon-2000/index.html (+1ms)
10:03:38   ├─ /comunidad/peliculas/destino-final-2000/index.html (+1ms)
10:03:38   ├─ /comunidad/peliculas/pollitos-en-fuga-2000/index.html (+1ms)
10:03:38   ├─ /comunidad/peliculas/dinosaurio-2000/index.html (+1ms)
10:03:38   ├─ /comunidad/peliculas/fantasia-2000-2000/index.html (+1ms)
10:03:38   ├─ /comunidad/peliculas/mission-impossible-ii-2000/index.html (+1ms)
10:03:38   ├─ /comunidad/peliculas/small-time-crooks-2000/index.html (+1ms)
10:03:38   ├─ /comunidad/peliculas/gladiator-2000/index.html (+1ms)
10:03:38   ├─ /comunidad/peliculas/south-park-mas-grande-mas-largo-y-sin-cortes-1999/index.html (+1ms)
10:03:38   ├─ /comunidad/peliculas/el-camino-hacia-el-dorado-2000/index.html (+1ms)
10:03:38   ├─ /comunidad/peliculas/una-mujer-audaz-2000/index.html (+1ms)
10:03:38   ├─ /comunidad/peliculas/colgadas-2000/index.html (+1ms)
10:03:38   ├─ /comunidad/peliculas/scream-3-2000/index.html (+1ms)
10:03:38   ├─ /comunidad/peliculas/amores-perros-2000/index.html (+1ms)
10:03:38   ├─ /comunidad/peliculas/battle-royale-2000/index.html (+1ms)
10:03:38   ├─ /comunidad/peliculas/la-tormenta-perfecta-2000/index.html (+1ms)
10:03:38   ├─ /comunidad/peliculas/memento-2000/index.html (+1ms)
10:03:38   ├─ /comunidad/peliculas/naufrago-2000/index.html (+1ms)
10:03:38   ├─ /comunidad/peliculas/nueve-reinas-2000/index.html (+1ms)
10:03:38   ├─ /comunidad/peliculas/plata-quemada-2000/index.html (+1ms)
10:03:38   ├─ /comunidad/peliculas/psicopata-americano-2000/index.html (+1ms)
10:03:38   ├─ /comunidad/peliculas/requiem-por-un-sueno-2000/index.html (+1ms)
10:03:38   ├─ /comunidad/peliculas/snatch-cerdos-y-diamantes-2000/index.html (+1ms)
10:03:38   ├─ /comunidad/peliculas/titanes-hicieron-historia-2000/index.html (+1ms)
10:03:38   ├─ /comunidad/peliculas/x-men-2000/index.html (+1ms)
10:03:38   ├─ /comunidad/peliculas/yo-yo-mismo-e-irene-2000/index.html (+1ms)
10:03:38   ├─ /comunidad/peliculas/heroes-fuera-de-orbita-1999/index.html (+1ms)
10:03:38   ├─ /comunidad/peliculas/un-domingo-cualquiera-1999/index.html (+1ms)
10:03:38   ├─ /comunidad/peliculas/magnolia-1999/index.html (+1ms)
10:03:38   ├─ /comunidad/peliculas/flawless-1999/index.html (+1ms)
10:03:38   ├─ /comunidad/peliculas/el-informante-1999/index.html (+1ms)
10:03:38   ├─ /comunidad/peliculas/como-ser-john-malkovich-1999/index.html (+1ms)
10:03:38   ├─ /comunidad/peliculas/bringing-out-the-dead-1999/index.html (+1ms)
10:03:38   ├─ /comunidad/peliculas/fight-club-1999/index.html (+1ms)
10:03:38   ├─ /comunidad/peliculas/american-beauty-1999/index.html (+2ms)
10:03:38   ├─ /comunidad/peliculas/my-voyage-to-italy-1999/index.html (+1ms)
10:03:38   ├─ /comunidad/peliculas/sweet-and-lowdown-1999/index.html (+1ms)
10:03:38   ├─ /comunidad/peliculas/garage-olimpo-1999/index.html (+1ms)
10:03:38   ├─ /comunidad/peliculas/the-sixth-sense-1999/index.html (+1ms)
10:03:38   ├─ /comunidad/peliculas/big-daddy-1999/index.html (+1ms)
10:03:38   ├─ /comunidad/peliculas/mundo-grua-1999/index.html (+1ms)
10:03:38   ├─ /comunidad/peliculas/tarzan-1999/index.html (+1ms)
10:03:38   ├─ /comunidad/peliculas/star-wars-episode-i-the-phantom-menace-1999/index.html (+1ms)
10:03:38   ├─ /comunidad/peliculas/the-matrix-1999/index.html (+1ms)
10:03:38   ├─ /comunidad/peliculas/una-terapia-peligrosa-1999/index.html (+1ms)
10:03:38   ├─ /comunidad/peliculas/silvia-prieto-1999/index.html (+2ms)
10:03:38   ├─ /comunidad/peliculas/mensaje-en-una-botella-1999/index.html (+2ms)
10:03:38   ├─ /comunidad/peliculas/cielo-de-octubre-1999/index.html (+1ms)
10:03:38   ├─ /comunidad/peliculas/trabajo-basura-1999/index.html (+1ms)
10:03:38   ├─ /comunidad/peliculas/audition-1999/index.html (+1ms)
10:03:38   ├─ /comunidad/peliculas/el-gigante-de-hierro-1999/index.html (+1ms)
10:03:38   ├─ /comunidad/peliculas/el-talento-de-mr-ripley-1999/index.html (+1ms)
10:03:38   ├─ /comunidad/peliculas/existenz-1999/index.html (+1ms)
10:03:38   ├─ /comunidad/peliculas/huracan-carter-1999/index.html (+1ms)
10:03:38   ├─ /comunidad/peliculas/la-milla-verde-1999/index.html (+1ms)
10:03:38   ├─ /comunidad/peliculas/man-on-the-moon-1999/index.html (+1ms)
10:03:38   ├─ /comunidad/peliculas/ojos-bien-cerrados-1999/index.html (+2ms)
10:03:38   ├─ /comunidad/peliculas/sleepy-hollow-1999/index.html (+1ms)
10:03:38   ├─ /comunidad/peliculas/the-blair-witch-project-1999/index.html (+1ms)
10:03:38   ├─ /comunidad/peliculas/toy-story-2-1999/index.html (+1ms)
10:03:38   ├─ /comunidad/peliculas/tres-reyes-1999/index.html (+1ms)
10:03:38   ├─ /comunidad/peliculas/quedate-a-mi-lado-1998/index.html (+1ms)
10:03:38   ├─ /comunidad/peliculas/la-delgada-linea-roja-1998/index.html (+1ms)
10:03:38   ├─ /comunidad/peliculas/el-principe-de-egipto-1998/index.html (+1ms)
10:03:38   ├─ /comunidad/peliculas/shakespeare-in-love-1998/index.html (+1ms)
10:03:38   ├─ /comunidad/peliculas/kiriku-y-la-bruja-1998/index.html (+1ms)
10:03:38   ├─ /comunidad/peliculas/bichos-una-aventura-en-miniatura-1998/index.html (+1ms)
10:03:38   ├─ /comunidad/peliculas/celebrity-1998/index.html (+1ms)
10:03:38   ├─ /comunidad/peliculas/antz-hormiguitaz-1998/index.html (+1ms)
10:03:38   ├─ /comunidad/peliculas/the-waterboy-1998/index.html (+1ms)
10:03:38   ├─ /comunidad/peliculas/ronin-1998/index.html (+1ms)
10:03:38   ├─ /comunidad/peliculas/elizabeth-1998/index.html (+1ms)
10:03:38   ├─ /comunidad/peliculas/seis-dias-y-siete-noches-1998/index.html (+1ms)
10:03:38   ├─ /comunidad/peliculas/saving-private-ryan-1998/index.html (+1ms)
10:03:38   ├─ /comunidad/peliculas/pokemon-la-pelicula-1998/index.html (+1ms)
10:03:38   ├─ /comunidad/peliculas/un-romance-peligroso-1998/index.html (+1ms)
10:03:38   ├─ /comunidad/peliculas/mulan-1998/index.html (+1ms)
10:03:38   ├─ /comunidad/peliculas/the-truman-show-1998/index.html (+1ms)
10:03:38   ├─ /comunidad/peliculas/beavis-y-butt-head-recorren-america-1996/index.html (+1ms)
10:03:38   ├─ /comunidad/peliculas/dark-city-1998/index.html (+1ms)
10:03:38   ├─ /comunidad/peliculas/esfera-1998/index.html (+1ms)
10:03:38   ├─ /comunidad/peliculas/the-wedding-singer-1998/index.html (+1ms)
10:03:38   ├─ /comunidad/peliculas/lluvia-permanente-1998/index.html (+1ms)
10:03:38   ├─ /comunidad/peliculas/blade-1998/index.html (+1ms)
10:03:38   ├─ /comunidad/peliculas/el-circulo-1998/index.html (+1ms)
10:03:38   ├─ /comunidad/peliculas/el-gran-lebowski-1998/index.html (+1ms)
10:03:38   ├─ /comunidad/peliculas/following-1998/index.html (+1ms)
10:03:38   ├─ /comunidad/peliculas/halloween-h20-20-years-later-1998/index.html (+1ms)
10:03:38   ├─ /comunidad/peliculas/bride-of-chucky-1998/index.html (+1ms)
10:03:38   ├─ /comunidad/peliculas/los-miserables-la-leyenda-nunca-muere-1998/index.html (+1ms)
10:03:38   ├─ /comunidad/peliculas/pi-fe-en-el-caos-1998/index.html (+1ms)
10:03:38   ├─ /comunidad/peliculas/poseidos-1998/index.html (+1ms)
10:03:38   ├─ /comunidad/peliculas/the-faculty-1998/index.html (+1ms)
10:03:38   ├─ /comunidad/peliculas/el-boxeador-1997/index.html (+1ms)
10:03:38   ├─ /comunidad/peliculas/kundun-1997/index.html (+1ms)
10:03:38   ├─ /comunidad/peliculas/titanic-1997/index.html (+1ms)
10:03:38   ├─ /comunidad/peliculas/la-cortina-de-humo-1997/index.html (+2ms)
10:03:38   ├─ /comunidad/peliculas/amistad-1997/index.html (+1ms)
10:03:38   ├─ /comunidad/peliculas/scream-2-1997/index.html (+1ms)
10:03:38   ├─ /comunidad/peliculas/good-will-hunting-1997/index.html (+1ms)
10:03:38   ├─ /comunidad/peliculas/anastasia-1997/index.html (+1ms)
10:03:38   ├─ /comunidad/peliculas/el-coleccionista-de-amantes-1997/index.html (+1ms)
10:03:38   ├─ /comunidad/peliculas/el-pacificador-1997/index.html (+1ms)
10:03:38   ├─ /comunidad/peliculas/deconstructing-harry-1997/index.html (+1ms)
10:03:38   ├─ /comunidad/peliculas/the-end-of-evangelion-1997/index.html (+1ms)
10:03:38   ├─ /comunidad/peliculas/princess-mononoke-1997/index.html (+1ms)
10:03:38   ├─ /comunidad/peliculas/contacto-1997/index.html (+1ms)
10:03:38   ├─ /comunidad/peliculas/gattaca-1997/index.html (+1ms)
10:03:38   ├─ /comunidad/peliculas/hercules-1997/index.html (+1ms)
10:03:38   ├─ /comunidad/peliculas/the-lost-world-jurassic-park-1997/index.html (+1ms)
10:03:38   ├─ /comunidad/peliculas/donnie-brasco-1997/index.html (+1ms)
10:03:38   ├─ /comunidad/peliculas/carretera-perdida-1997/index.html (+1ms)
10:03:38   ├─ /comunidad/peliculas/alien-resurrection-1997/index.html (+1ms)
10:03:38   ├─ /comunidad/peliculas/batman-and-robin-1997/index.html (+1ms)
10:03:38   ├─ /comunidad/peliculas/boogie-nights-1997/index.html (+1ms)
10:03:38   ├─ /comunidad/peliculas/cara-a-cara-1997/index.html (+1ms)
10:03:38   ├─ /comunidad/peliculas/cube-1997/index.html (+1ms)
10:03:38   ├─ /comunidad/peliculas/el-poder-de-la-justicia-1997/index.html (+1ms)
10:03:38   ├─ /comunidad/peliculas/el-quinto-elemento-1997/index.html (+1ms)
10:03:38   ├─ /comunidad/peliculas/gummo-1997/index.html (+1ms)
10:03:38   ├─ /comunidad/peliculas/horizonte-final-1997/index.html (+1ms)
10:03:38   ├─ /comunidad/peliculas/jackie-brown-1997/index.html (+1ms)
10:03:38   ├─ /comunidad/peliculas/la-vida-es-bella-1997/index.html (+1ms)
10:03:38   ├─ /comunidad/peliculas/los-angeles-al-desnudo-1997/index.html (+1ms)
10:03:38   ├─ /comunidad/peliculas/mentiroso-mentiroso-1997/index.html (+1ms)
10:03:38   ├─ /comunidad/peliculas/perfect-blue-1997/index.html (+1ms)
10:03:38   ├─ /comunidad/peliculas/retrato-de-una-dama-1996/index.html (+1ms)
10:03:38   ├─ /comunidad/peliculas/scream-1996/index.html (+1ms)
10:03:38   ├─ /comunidad/peliculas/la-habitacion-de-marvin-1996/index.html (+1ms)
10:03:38   ├─ /comunidad/peliculas/everyone-says-i-love-you-1996/index.html (+1ms)
10:03:38   ├─ /comunidad/peliculas/el-crisol-1996/index.html (+1ms)
10:03:38   ├─ /comunidad/peliculas/the-english-patient-1996/index.html (+1ms)
10:03:38   ├─ /comunidad/peliculas/el-club-de-las-primeras-esposas-1996/index.html (+1ms)
10:03:38   ├─ /comunidad/peliculas/bulletproof-1996/index.html (+1ms)
10:03:38   ├─ /comunidad/peliculas/fanatico-1996/index.html (+1ms)
10:03:38   ├─ /comunidad/peliculas/tin-cup-1996/index.html (+1ms)
10:03:38   ├─ /comunidad/peliculas/tiempo-de-matar-1996/index.html (+1ms)
10:03:38   ├─ /comunidad/peliculas/el-jorobado-de-notre-dame-1996/index.html (+1ms)
10:03:38   ├─ /comunidad/peliculas/la-roca-1996/index.html (+1ms)
10:03:38   ├─ /comunidad/peliculas/mission-impossible-1996/index.html (+1ms)
10:03:38   ├─ /comunidad/peliculas/trainspotting-1996/index.html (+1ms)
10:03:38   ├─ /comunidad/peliculas/happy-gilmore-1996/index.html (+1ms)
10:03:38   ├─ /comunidad/peliculas/crash-extranos-placeres-1996/index.html (+1ms)
10:03:38   ├─ /comunidad/peliculas/el-insoportable-1996/index.html (+1ms)
10:03:38   ├─ /comunidad/peliculas/en-honor-a-la-verdad-1996/index.html (+1ms)
10:03:38   ├─ /comunidad/peliculas/from-dusk-till-dawn-1996/index.html (+1ms)
10:03:38   ├─ /comunidad/peliculas/jovenes-y-brujas-1996/index.html (+1ms)
10:03:38   ├─ /comunidad/peliculas/mars-attacks-1996/index.html (+1ms)
10:03:38   ├─ /comunidad/peliculas/michael-collins-1996/index.html (+1ms)
10:03:38   ├─ /comunidad/peliculas/pasion-obsesiva-1996/index.html (+1ms)
10:03:38   ├─ /comunidad/peliculas/romeo-julieta-de-william-shakespeare-1996/index.html (+1ms)
10:03:38   ├─ /comunidad/peliculas/nixon-1995/index.html (+2ms)
10:03:38   ├─ /comunidad/peliculas/sabrina-y-sus-amores-1995/index.html (+2ms)
10:03:38   ├─ /comunidad/peliculas/sentido-y-sensibilidad-1995/index.html (+1ms)
10:03:38   ├─ /comunidad/peliculas/casino-1995/index.html (+1ms)
10:03:38   ├─ /comunidad/peliculas/toy-story-1995/index.html (+1ms)
10:03:38   ├─ /comunidad/peliculas/ghost-in-the-shell-1995/index.html (+1ms)
10:03:38   ├─ /comunidad/peliculas/ace-ventura-un-loco-en-africa-1995/index.html (+1ms)
10:03:38   ├─ /comunidad/peliculas/mighty-aphrodite-1995/index.html (+1ms)
10:03:38   ├─ /comunidad/peliculas/a-personal-journey-with-martin-scorsese-through-american-movies-1995/index.html (+1ms)
10:03:38   ├─ /comunidad/peliculas/halloween-the-curse-of-michael-myers-1995/index.html (+1ms)
10:03:38   ├─ /comunidad/peliculas/lancelot-el-primer-caballero-1995/index.html (+1ms)
10:03:38   ├─ /comunidad/peliculas/se7en-1995/index.html (+1ms)
10:03:38   ├─ /comunidad/peliculas/todo-por-un-sueno-1995/index.html (+1ms)
10:03:38   ├─ /comunidad/peliculas/mundo-acuatico-1995/index.html (+1ms)
10:03:38   ├─ /comunidad/peliculas/susurros-del-corazon-1995/index.html (+1ms)
10:03:38   ├─ /comunidad/peliculas/pocahontas-1995/index.html (+1ms)
10:03:38   ├─ /comunidad/peliculas/el-odio-1995/index.html (+1ms)
10:03:38   ├─ /comunidad/peliculas/braveheart-1995/index.html (+1ms)
10:03:38   ├─ /comunidad/peliculas/jungla-de-cristal-la-venganza-1995/index.html (+1ms)
10:03:38   ├─ /comunidad/peliculas/carrington-1995/index.html (+1ms)
10:03:38   ├─ /comunidad/peliculas/mientras-dormias-1995/index.html (+1ms)
10:03:38   ├─ /comunidad/peliculas/a-goofy-movie-1995/index.html (+1ms)
10:03:38   ├─ /comunidad/peliculas/billy-madison-1995/index.html (+1ms)
10:03:38   ├─ /comunidad/peliculas/antes-de-amanecer-1995/index.html (+1ms)
10:03:38   ├─ /comunidad/peliculas/apolo-13-1995/index.html (+1ms)
10:03:38   ├─ /comunidad/peliculas/batman-forever-1995/index.html (+1ms)
10:03:38   ├─ /comunidad/peliculas/caballos-salvajes-1995/index.html (+1ms)
10:03:38   ├─ /comunidad/peliculas/como-conquistar-hollywood-1995/index.html (+1ms)
10:03:38   ├─ /comunidad/peliculas/el-demonio-vestido-de-azul-1995/index.html (+1ms)
10:03:38   ├─ /comunidad/peliculas/el-dia-de-la-bestia-1995/index.html (+1ms)
10:03:38   ├─ /comunidad/peliculas/four-rooms-1995/index.html (+1ms)
10:03:38   ├─ /comunidad/peliculas/fuego-contra-fuego-1995/index.html (+1ms)
10:03:38   ├─ /comunidad/peliculas/la-ciudad-de-los-ninos-perdidos-1995/index.html (+1ms)
10:03:38   ├─ /comunidad/peliculas/marea-roja-1995/index.html (+1ms)
10:03:38   ├─ /comunidad/peliculas/rob-roy-la-pasion-de-un-rebelde-1995/index.html (+1ms)
10:03:38   ├─ /comunidad/peliculas/showgirls-1995/index.html (+1ms)
10:03:38   ├─ /comunidad/peliculas/junior-1994/index.html (+1ms)
10:03:38   ├─ /comunidad/peliculas/frankenstein-de-mary-shelley-1994/index.html (+1ms)
10:03:38   ├─ /comunidad/peliculas/dependientes-1994/index.html (+1ms)
10:03:38   ├─ /comunidad/peliculas/the-shawshank-redemption-1994/index.html (+1ms)
10:03:38   ├─ /comunidad/peliculas/bullets-over-broadway-1994/index.html (+1ms)
10:03:38   ├─ /comunidad/peliculas/peligro-inminente-1994/index.html (+1ms)
10:03:38   ├─ /comunidad/peliculas/el-cliente-1994/index.html (+1ms)
10:03:38   ├─ /comunidad/peliculas/chungking-express-1994/index.html (+1ms)
10:03:38   ├─ /comunidad/peliculas/volar-por-los-aires-1994/index.html (+1ms)
10:03:38   ├─ /comunidad/peliculas/wyatt-earp-1994/index.html (+1ms)
10:03:38   ├─ /comunidad/peliculas/forrest-gump-1994/index.html (+1ms)
10:03:38   ├─ /comunidad/peliculas/the-lion-king-1994/index.html (+1ms)
10:03:38   ├─ /comunidad/peliculas/maverick-1994/index.html (+1ms)
10:03:38   ├─ /comunidad/peliculas/ace-ventura-un-detective-diferente-1994/index.html (+1ms)
10:03:38   ├─ /comunidad/peliculas/ed-wood-1994/index.html (+1ms)
10:03:38   ├─ /comunidad/peliculas/el-cuervo-1994/index.html (+1ms)
10:03:38   ├─ /comunidad/peliculas/el-especialista-1994/index.html (+4ms)
10:03:38   ├─ /comunidad/peliculas/hoop-dreams-1994/index.html (+2ms)
10:03:38   ├─ /comunidad/peliculas/la-locura-del-rey-jorge-1994/index.html (+1ms)
10:03:38   ├─ /comunidad/peliculas/la-mascara-1994/index.html (+1ms)
10:03:38   ├─ /comunidad/peliculas/wes-craven-s-new-nightmare-1994/index.html (+1ms)
10:03:38   ├─ /comunidad/peliculas/las-cosas-que-nunca-mueren-1994/index.html (+1ms)
10:03:38   ├─ /comunidad/peliculas/pulp-fiction-1994/index.html (+1ms)
10:03:38   ├─ /comunidad/peliculas/tonto-y-retonto-1994/index.html (+1ms)
10:03:38   ├─ /comunidad/peliculas/en-el-nombre-del-padre-1993/index.html (+1ms)
10:03:38   ├─ /comunidad/peliculas/batman-la-mascara-del-fantasma-1993/index.html (+1ms)
10:03:38   ├─ /comunidad/peliculas/schindler-s-list-1993/index.html (+1ms)
10:03:38   ├─ /comunidad/peliculas/un-mundo-perfecto-1993/index.html (+26ms)
10:03:38   ├─ /comunidad/peliculas/atrapado-por-su-pasado-1993/index.html (+2ms)
10:03:38   ├─ /comunidad/peliculas/lo-que-queda-del-dia-1993/index.html (+1ms)
10:03:38   ├─ /comunidad/peliculas/el-extrano-mundo-de-jack-1993/index.html (+1ms)
10:03:38   ├─ /comunidad/peliculas/el-demoledor-1993/index.html (+1ms)
10:03:38   ├─ /comunidad/peliculas/the-age-of-innocence-1993/index.html (+1ms)
10:03:38   ├─ /comunidad/peliculas/manhattan-murder-mystery-1993/index.html (+1ms)
10:03:38   ├─ /comunidad/peliculas/el-fugitivo-1993/index.html (+1ms)
10:03:38   ├─ /comunidad/peliculas/jurassic-park-1993/index.html (+1ms)
10:03:38   ├─ /comunidad/peliculas/mucho-ruido-y-pocas-nueces-1993/index.html (+1ms)
10:03:38   ├─ /comunidad/peliculas/funes-un-gran-amor-1993/index.html (+1ms)
10:03:38   ├─ /comunidad/peliculas/la-chica-del-gangster-1993/index.html (+1ms)
10:03:38   ├─ /comunidad/peliculas/el-informe-pelicano-1993/index.html (+1ms)
10:03:38   ├─ /comunidad/peliculas/el-piano-1993/index.html (+1ms)
10:03:38   ├─ /comunidad/peliculas/filadelfia-1993/index.html (+1ms)
10:03:38   ├─ /comunidad/peliculas/seis-grados-de-separacion-1993/index.html (+1ms)
10:03:38   ├─ /comunidad/peliculas/super-mario-bros-la-pelicula-1993/index.html (+1ms)
10:03:38   ├─ /comunidad/peliculas/tango-feroz-la-leyenda-de-tanguito-1993/index.html (+1ms)
10:03:38   ├─ /comunidad/peliculas/un-dia-de-furia-1993/index.html (+1ms)
10:03:38   ├─ /comunidad/peliculas/jason-goes-to-hell-the-final-friday-1993/index.html (+1ms)
10:03:38   ├─ /comunidad/peliculas/dracula-de-bram-stoker-1992/index.html (+1ms)
10:03:38   ├─ /comunidad/peliculas/exito-a-cualquier-precio-1992/index.html (+1ms)
10:03:38   ├─ /comunidad/peliculas/husbands-and-wives-1992/index.html (+1ms)
10:03:38   ├─ /comunidad/peliculas/el-ultimo-mohicano-1992/index.html (+1ms)
10:03:38   ├─ /comunidad/peliculas/unforgiven-1992/index.html (+1ms)
10:03:38   ├─ /comunidad/peliculas/porco-rosso-1992/index.html (+1ms)
10:03:38   ├─ /comunidad/peliculas/aladdin-1992/index.html (+1ms)
10:03:38   ├─ /comunidad/peliculas/un-equipo-muy-especial-1992/index.html (+1ms)
10:03:38   ├─ /comunidad/peliculas/juego-de-patriotas-1992/index.html (+1ms)
10:03:38   ├─ /comunidad/peliculas/el-juego-de-hollywood-1992/index.html (+1ms)
10:03:38   ├─ /comunidad/peliculas/hard-boiled-1992/index.html (+1ms)
10:03:38   ├─ /comunidad/peliculas/un-lugar-en-el-mundo-1992/index.html (+1ms)
10:03:38   ├─ /comunidad/peliculas/los-amigos-de-peter-1992/index.html (+1ms)
10:03:38   ├─ /comunidad/peliculas/alien-3-1992/index.html (+1ms)
10:03:38   ├─ /comunidad/peliculas/batman-returns-1992/index.html (+1ms)
10:03:38   ├─ /comunidad/peliculas/candyman-1992/index.html (+1ms)
10:03:38   ├─ /comunidad/peliculas/el-ejercito-de-las-tinieblas-1992/index.html (+1ms)
10:03:38   ├─ /comunidad/peliculas/instinto-basico-1992/index.html (+1ms)
10:03:38   ├─ /comunidad/peliculas/la-muerte-le-sienta-bien-1992/index.html (+1ms)
10:03:38   ├─ /comunidad/peliculas/malcolm-x-1992/index.html (+1ms)
10:03:38   ├─ /comunidad/peliculas/reservoir-dogs-1992/index.html (+1ms)
10:03:38   ├─ /comunidad/peliculas/tu-madre-se-ha-comido-a-mi-perro-1992/index.html (+1ms)
10:03:38   ├─ /comunidad/peliculas/jfk-caso-abierto-1991/index.html (+1ms)
10:03:38   ├─ /comunidad/peliculas/shadows-and-fog-1991/index.html (+1ms)
10:03:38   ├─ /comunidad/peliculas/cape-fear-1991/index.html (+1ms)
10:03:38   ├─ /comunidad/peliculas/la-bella-y-la-bestia-1991/index.html (+1ms)
10:03:38   ├─ /comunidad/peliculas/el-pequeno-tate-1991/index.html (+1ms)
10:03:38   ├─ /comunidad/peliculas/morir-todavia-1991/index.html (+1ms)
10:03:38   ├─ /comunidad/peliculas/una-segunda-oportunidad-1991/index.html (+1ms)
10:03:38   ├─ /comunidad/peliculas/barton-fink-1991/index.html (+1ms)
10:03:38   ├─ /comunidad/peliculas/recuerdos-del-ayer-1991/index.html (+1ms)
10:03:38   ├─ /comunidad/peliculas/extermineitors-iii-la-gran-pelea-final-1991/index.html (+1ms)
10:03:38   ├─ /comunidad/peliculas/thelma-y-louise-1991/index.html (+1ms)
10:03:38   ├─ /comunidad/peliculas/hook-1991/index.html (+1ms)
10:03:38   ├─ /comunidad/peliculas/the-silence-of-the-lambs-1991/index.html (+1ms)
10:03:38   ├─ /comunidad/peliculas/delicatessen-1991/index.html (+1ms)
10:03:38   ├─ /comunidad/peliculas/el-almuerzo-desnudo-1991/index.html (+1ms)
10:03:38   ├─ /comunidad/peliculas/child-s-play-3-1991/index.html (+1ms)
10:03:38   ├─ /comunidad/peliculas/freddy-s-dead-the-final-nightmare-1991/index.html (+1ms)
10:03:38   ├─ /comunidad/peliculas/alice-1990/index.html (+1ms)
10:03:38   ├─ /comunidad/peliculas/el-padrino-parte-iii-1990/index.html (+1ms)
10:03:38   ├─ /comunidad/peliculas/despertares-1990/index.html (+1ms)
10:03:38   ├─ /comunidad/peliculas/dances-with-wolves-1990/index.html (+1ms)
10:03:38   ├─ /comunidad/peliculas/it-1990/index.html (+1ms)
10:03:38   ├─ /comunidad/peliculas/los-rescatadores-en-cangurolandia-1990/index.html (+1ms)
10:03:38   ├─ /comunidad/peliculas/home-alone-1990/index.html (+1ms)
10:03:38   ├─ /comunidad/peliculas/calda-emocion-1990/index.html (+1ms)
10:03:38   ├─ /comunidad/peliculas/muerte-entre-las-flores-1990/index.html (+1ms)
10:03:38   ├─ /comunidad/peliculas/postales-desde-el-filo-1990/index.html (+1ms)
10:03:38   ├─ /comunidad/peliculas/goodfellas-1990/index.html (+1ms)
10:03:38   ├─ /comunidad/peliculas/corazon-salvaje-1990/index.html (+1ms)
10:03:38   ├─ /comunidad/peliculas/extermineitors-ii-la-venganza-del-dragon-1990/index.html (+1ms)
10:03:38   ├─ /comunidad/peliculas/back-to-the-future-part-iii-1990/index.html (+1ms)
10:03:38   ├─ /comunidad/peliculas/mujer-bonita-1990/index.html (+1ms)
10:03:38   ├─ /comunidad/peliculas/captain-america-1990/index.html (+1ms)
10:03:38   ├─ /comunidad/peliculas/darkman-1990/index.html (+1ms)
10:03:38   ├─ /comunidad/peliculas/desafio-total-1990/index.html (+1ms)
10:03:38   ├─ /comunidad/peliculas/dias-de-trueno-1990/index.html (+1ms)
10:03:38   ├─ /comunidad/peliculas/edward-scissorhands-1990/index.html (+1ms)
10:03:38   ├─ /comunidad/peliculas/la-escalera-de-jacob-1990/index.html (+1ms)
10:03:38   ├─ /comunidad/peliculas/child-s-play-2-1990/index.html (+1ms)
10:03:38   ├─ /comunidad/peliculas/paris-is-burning-1990/index.html (+1ms)
10:03:38   ├─ /comunidad/peliculas/rocky-v-1990/index.html (+1ms)
10:03:38   ├─ /comunidad/peliculas/troll-2-1990/index.html (+1ms)
10:03:38   ├─ /comunidad/peliculas/always-1989/index.html (+1ms)
10:03:38   ├─ /comunidad/peliculas/nunca-fuimos-angeles-1989/index.html (+1ms)
10:03:38   ├─ /comunidad/peliculas/driving-miss-daisy-1989/index.html (+1ms)
10:03:38   ├─ /comunidad/peliculas/santa-sangre-1989/index.html (+1ms)
10:03:38   ├─ /comunidad/peliculas/back-to-the-future-part-ii-1989/index.html (+1ms)
10:03:38   ├─ /comunidad/peliculas/la-sirenita-1989/index.html (+1ms)
10:03:38   ├─ /comunidad/peliculas/noches-de-harlem-1989/index.html (+1ms)
10:03:38   ├─ /comunidad/peliculas/going-overboard-1989/index.html (+1ms)
10:03:38   ├─ /comunidad/peliculas/crimes-and-misdemeanors-1989/index.html (+1ms)
10:03:38   ├─ /comunidad/peliculas/el-cocinero-el-ladron-su-mujer-y-su-amante-1989/index.html (+1ms)
10:03:38   ├─ /comunidad/peliculas/abyss-1989/index.html (+1ms)
10:03:38   ├─ /comunidad/peliculas/nicky-la-aprendiz-de-bruja-1989/index.html (+1ms)
10:03:38   ├─ /comunidad/peliculas/los-extermineitors-1989/index.html (+1ms)
10:03:38   ├─ /comunidad/peliculas/do-the-right-thing-1989/index.html (+1ms)
10:03:38   ├─ /comunidad/peliculas/karate-kid-iii-el-desafio-final-1989/index.html (+1ms)
10:03:38   ├─ /comunidad/peliculas/baneros-ii-la-playa-loca-1989/index.html (+1ms)
10:03:38   ├─ /comunidad/peliculas/escuela-de-rebeldes-1989/index.html (+1ms)
10:03:38   ├─ /comunidad/peliculas/batman-1989/index.html (+1ms)
10:03:38   ├─ /comunidad/peliculas/halloween-5-the-revenge-of-michael-myers-1989/index.html (+1ms)
10:03:38   ├─ /comunidad/peliculas/indiana-jones-and-the-last-crusade-1989/index.html (+1ms)
10:03:38   ├─ /comunidad/peliculas/la-guerra-de-los-rose-1989/index.html (+1ms)
10:03:38   ├─ /comunidad/peliculas/a-nightmare-on-elm-street-5-the-dream-child-1989/index.html (+1ms)
10:03:38   ├─ /comunidad/peliculas/tetsuo-the-iron-man-1989/index.html (+1ms)
10:03:38   ├─ /comunidad/peliculas/the-punisher-1989/index.html (+1ms)
10:03:38   ├─ /comunidad/peliculas/tiempos-de-gloria-1989/index.html (+1ms)
10:03:38   ├─ /comunidad/peliculas/friday-the-13th-part-viii-jason-takes-manhattan-1989/index.html (+1ms)
10:03:38   ├─ /comunidad/peliculas/el-turista-accidental-1988/index.html (+1ms)
10:03:38   ├─ /comunidad/peliculas/armas-de-mujer-1988/index.html (+1ms)
10:03:38   ├─ /comunidad/peliculas/jungla-de-cristal-1988/index.html (+1ms)
10:03:38   ├─ /comunidad/peliculas/rain-man-1988/index.html (+1ms)
10:03:38   ├─ /comunidad/peliculas/agarralo-como-puedas-1988/index.html (+1ms)
10:03:38   ├─ /comunidad/peliculas/en-busca-del-valle-encantado-1988/index.html (+1ms)
10:03:38   ├─ /comunidad/peliculas/oliver-y-su-pandilla-1988/index.html (+1ms)
10:03:38   ├─ /comunidad/peliculas/conexion-tequila-1988/index.html (+1ms)
10:03:38   ├─ /comunidad/peliculas/acusados-1988/index.html (+1ms)
10:03:38   ├─ /comunidad/peliculas/the-last-temptation-of-christ-1988/index.html (+1ms)
10:03:38   ├─ /comunidad/peliculas/el-sendero-de-la-traicion-1988/index.html (+1ms)
10:03:38   ├─ /comunidad/peliculas/akira-1988/index.html (+1ms)
10:03:38   ├─ /comunidad/peliculas/arturo-el-millonario-seductor-2-1988/index.html (+1ms)
10:03:38   ├─ /comunidad/peliculas/los-bufalos-de-durham-1988/index.html (+1ms)
10:03:38   ├─ /comunidad/peliculas/busqueda-frenetica-1988/index.html (+1ms)
10:03:38   ├─ /comunidad/peliculas/la-insoportable-levedad-del-ser-1988/index.html (+1ms)
10:03:38   ├─ /comunidad/peliculas/beetlejuice-1988/index.html (+1ms)
10:03:38   ├─ /comunidad/peliculas/cinema-paradiso-1988/index.html (+1ms)
10:03:38   ├─ /comunidad/peliculas/desaparecida-1988/index.html (+1ms)
10:03:38   ├─ /comunidad/peliculas/estan-vivos-1988/index.html (+1ms)
10:03:38   ├─ /comunidad/peliculas/grave-of-the-fireflies-1988/index.html (+1ms)
10:03:38   ├─ /comunidad/peliculas/halloween-4-the-return-of-michael-myers-1988/index.html (+1ms)
10:03:38   ├─ /comunidad/peliculas/inseparables-1988/index.html (+1ms)
10:03:38   ├─ /comunidad/peliculas/child-s-play-1988/index.html (+1ms)
10:03:38   ├─ /comunidad/peliculas/another-woman-1988/index.html (+1ms)
10:03:38   ├─ /comunidad/peliculas/a-nightmare-on-elm-street-4-the-dream-master-1988/index.html (+1ms)
10:03:38   ├─ /comunidad/peliculas/the-thin-blue-line-1988/index.html (+1ms)
10:03:38   ├─ /comunidad/peliculas/friday-the-13th-part-vii-the-new-blood-1988/index.html (+1ms)
10:03:38   ├─ /comunidad/peliculas/september-1987/index.html (+1ms)
10:03:38   ├─ /comunidad/peliculas/empire-of-the-sun-1987/index.html (+1ms)
10:03:38   ├─ /comunidad/peliculas/el-cielo-sobre-berlin-1987/index.html (+1ms)
10:03:38   ├─ /comunidad/peliculas/baby-tu-vales-mucho-1987/index.html (+1ms)
10:03:38   ├─ /comunidad/peliculas/las-brujas-de-eastwick-1987/index.html (+1ms)
10:03:38   ├─ /comunidad/peliculas/los-intocables-de-eliot-ness-1987/index.html (+1ms)
10:03:38   ├─ /comunidad/peliculas/arizona-baby-1987/index.html (+1ms)
10:03:38   ├─ /comunidad/peliculas/radio-days-1987/index.html (+1ms)
10:03:38   ├─ /comunidad/peliculas/a-nightmare-on-elm-street-3-dream-warriors-1987/index.html (+1ms)
10:03:38   ├─ /comunidad/peliculas/depredador-1987/index.html (+1ms)
10:03:38   ├─ /comunidad/peliculas/la-chaqueta-metalica-1987/index.html (+1ms)
10:03:38   ├─ /comunidad/peliculas/la-princesa-prometida-1987/index.html (+1ms)
10:03:38   ├─ /comunidad/peliculas/robocop-el-defensor-del-futuro-1987/index.html (+1ms)
10:03:38   ├─ /comunidad/peliculas/superman-iv-the-quest-for-peace-1987/index.html (+1ms)
10:03:38   ├─ /comunidad/peliculas/terrorificamente-muertos-1987/index.html (+1ms)
10:03:38   ├─ /comunidad/peliculas/the-last-emperor-1987/index.html (+1ms)
10:03:38   ├─ /comunidad/peliculas/wall-street-1987/index.html (+1ms)
10:03:38   ├─ /comunidad/peliculas/platoon-1986/index.html (+1ms)
10:03:38   ├─ /comunidad/peliculas/la-costa-mosquito-1986/index.html (+1ms)
10:03:38   ├─ /comunidad/peliculas/la-mision-1986/index.html (+1ms)
10:03:38   ├─ /comunidad/peliculas/vellut-blau-1986/index.html (+1ms)
10:03:38   ├─ /comunidad/peliculas/the-color-of-money-1986/index.html (+1ms)
10:03:38   ├─ /comunidad/peliculas/peggy-sue-se-caso-1986/index.html (+1ms)
10:03:38   ├─ /comunidad/peliculas/la-noche-de-los-lapices-1986/index.html (+1ms)
10:03:38   ├─ /comunidad/peliculas/stand-by-me-1986/index.html (+1ms)
10:03:38   ├─ /comunidad/peliculas/castle-in-the-sky-1986/index.html (+1ms)
10:03:38   ├─ /comunidad/peliculas/taron-y-el-caldero-magico-1985/index.html (+1ms)
10:03:38   ├─ /comunidad/peliculas/basil-el-gran-detective-1986/index.html (+1ms)
10:03:38   ├─ /comunidad/peliculas/karate-kid-ii-la-historia-continua-1986/index.html (+1ms)
10:03:38   ├─ /comunidad/peliculas/peligrosamente-juntos-1986/index.html (+1ms)
10:03:38   ├─ /comunidad/peliculas/golpe-en-la-pequena-china-1986/index.html (+1ms)
10:03:38   ├─ /comunidad/peliculas/crossroads-1986/index.html (+1ms)
10:03:38   ├─ /comunidad/peliculas/hannah-and-her-sisters-1986/index.html (+1ms)
10:03:38   ├─ /comunidad/peliculas/aliens-1986/index.html (+1ms)
10:03:38   ├─ /comunidad/peliculas/howard-the-duck-1986/index.html (+1ms)
10:03:38   ├─ /comunidad/peliculas/la-mosca-1986/index.html (+1ms)
10:03:38   ├─ /comunidad/peliculas/friday-the-13th-part-vi-jason-lives-1986/index.html (+1ms)
10:03:38   ├─ /comunidad/peliculas/out-of-africa-1985/index.html (+1ms)
10:03:38   ├─ /comunidad/peliculas/the-color-purple-1985/index.html (+1ms)
10:03:38   ├─ /comunidad/peliculas/armas-invencibles-police-story-1985/index.html (+1ms)
10:03:38   ├─ /comunidad/peliculas/masacre-ven-y-mira-1985/index.html (+1ms)
10:03:38   ├─ /comunidad/peliculas/after-hours-1985/index.html (+1ms)
10:03:38   ├─ /comunidad/peliculas/silverado-1985/index.html (+1ms)
10:03:38   ├─ /comunidad/peliculas/back-to-the-future-1985/index.html (+1ms)
10:03:38   ├─ /comunidad/peliculas/los-goonies-1985/index.html (+1ms)
10:03:38   ├─ /comunidad/peliculas/testigo-en-peligro-1985/index.html (+1ms)
10:03:38   ├─ /comunidad/peliculas/lady-halcon-1985/index.html (+1ms)
10:03:38   ├─ /comunidad/peliculas/the-purple-rose-of-cairo-1985/index.html (+1ms)
10:03:38   ├─ /comunidad/peliculas/brazil-la-pelicula-1985/index.html (+1ms)
10:03:38   ├─ /comunidad/peliculas/the-breakfast-club-1985/index.html (+1ms)
10:03:38   ├─ /comunidad/peliculas/a-nightmare-on-elm-street-2-freddy-s-revenge-1985/index.html (+1ms)
10:03:38   ├─ /comunidad/peliculas/esperando-la-carroza-1985/index.html (+1ms)
10:03:38   ├─ /comunidad/peliculas/la-historia-oficial-1985/index.html (+1ms)
10:03:38   ├─ /comunidad/peliculas/mad-max-beyond-thunderdome-1985/index.html (+1ms)
10:03:38   ├─ /comunidad/peliculas/mordiscos-peligrosos-1985/index.html (+1ms)
10:03:38   ├─ /comunidad/peliculas/pee-wees-big-adventure-1985/index.html (+1ms)
10:03:38   ├─ /comunidad/peliculas/re-animator-1985/index.html (+1ms)
10:03:38   ├─ /comunidad/peliculas/rocky-iv-1985/index.html (+1ms)
10:03:38   ├─ /comunidad/peliculas/shoah-1985/index.html (+1ms)
10:03:38   ├─ /comunidad/peliculas/friday-the-13th-a-new-beginning-1985/index.html (+1ms)
10:03:38   ├─ /comunidad/peliculas/enamorarse-1984/index.html (+1ms)
10:03:38   ├─ /comunidad/peliculas/the-terminator-1984/index.html (+1ms)
10:03:38   ├─ /comunidad/peliculas/en-un-lugar-del-corazon-1984/index.html (+1ms)
10:03:38   ├─ /comunidad/peliculas/amadeus-1984/index.html (+1ms)
10:03:38   ├─ /comunidad/peliculas/karate-kid-el-momento-de-la-verdad-1984/index.html (+1ms)
10:03:38   ├─ /comunidad/peliculas/erase-una-vez-en-america-1984/index.html (+1ms)
10:03:38   ├─ /comunidad/peliculas/el-mejor-1984/index.html (+1ms)
10:03:38   ├─ /comunidad/peliculas/la-historia-sin-fin-1984/index.html (+1ms)
10:03:38   ├─ /comunidad/peliculas/nausicaa-of-the-valley-of-the-wind-1984/index.html (+1ms)
10:03:38   ├─ /comunidad/peliculas/broadway-danny-rose-1984/index.html (+1ms)
10:03:38   ├─ /comunidad/peliculas/camila-1984/index.html (+1ms)
10:03:38   ├─ /comunidad/peliculas/cazafantasmas-1984/index.html (+1ms)
10:03:38   ├─ /comunidad/peliculas/indiana-jones-and-the-temple-of-doom-1984/index.html (+1ms)
10:03:38   ├─ /comunidad/peliculas/paris-texas-1984/index.html (+1ms)
10:03:38   ├─ /comunidad/peliculas/a-nightmare-on-elm-street-1984/index.html (+1ms)
10:03:38   ├─ /comunidad/peliculas/stop-making-sense-1984/index.html (+1ms)
10:03:38   ├─ /comunidad/peliculas/supergirl-1984/index.html (+1ms)
10:03:38   ├─ /comunidad/peliculas/the-toxic-avenger-1984/index.html (+1ms)
10:03:38   ├─ /comunidad/peliculas/this-is-spinal-tap-1984/index.html (+1ms)
10:03:38   ├─ /comunidad/peliculas/friday-the-13th-the-final-chapter-1984/index.html (+1ms)
10:03:38   ├─ /comunidad/peliculas/terms-of-endearment-1983/index.html (+1ms)
10:03:38   ├─ /comunidad/peliculas/la-zona-muerta-1983/index.html (+1ms)
10:03:38   ├─ /comunidad/peliculas/zelig-1983/index.html (+1ms)
10:03:38   ├─ /comunidad/peliculas/star-wars-episode-vi-return-of-the-jedi-1983/index.html (+1ms)
10:03:38   ├─ /comunidad/peliculas/el-ansia-1983/index.html (+1ms)
10:03:38   ├─ /comunidad/peliculas/el-ano-que-vivimos-peligrosamente-1982/index.html (+1ms)
10:03:38   ├─ /comunidad/peliculas/el-precio-del-poder-1983/index.html (+1ms)
10:03:38   ├─ /comunidad/peliculas/superman-iii-1983/index.html (+1ms)
10:03:38   ├─ /comunidad/peliculas/videodrome-1983/index.html (+1ms)
10:03:38   ├─ /comunidad/peliculas/the-king-of-comedy-1982/index.html (+1ms)
10:03:38   ├─ /comunidad/peliculas/el-secreto-de-nimh-1982/index.html (+1ms)
10:03:38   ├─ /comunidad/peliculas/limite-48-horas-1982/index.html (+1ms)
10:03:38   ├─ /comunidad/peliculas/gandhi-1982/index.html (+1ms)
10:03:38   ├─ /comunidad/peliculas/el-ultimo-unicornio-1982/index.html (+1ms)
10:03:38   ├─ /comunidad/peliculas/aquel-excitante-curso-1982/index.html (+1ms)
10:03:38   ├─ /comunidad/peliculas/friday-the-13th-part-iii-1982/index.html (+1ms)
10:03:38   ├─ /comunidad/peliculas/oficial-y-caballero-1982/index.html (+1ms)
10:03:38   ├─ /comunidad/peliculas/a-midsummer-night-s-sex-comedy-1982/index.html (+1ms)
10:03:38   ├─ /comunidad/peliculas/blade-runner-1982/index.html (+1ms)
10:03:38   ├─ /comunidad/peliculas/la-cosa-el-enigma-de-otro-mundo-1982/index.html (+3ms)
10:03:38   ├─ /comunidad/peliculas/e-t-the-extra-terrestrial-1982/index.html (+2ms)
10:03:39   ├─ /comunidad/peliculas/grease-2-1982/index.html (+1ms)
10:03:39   ├─ /comunidad/peliculas/basket-case-1982/index.html (+1ms)
10:03:39   ├─ /comunidad/peliculas/halloween-iii-season-of-the-witch-1982/index.html (+1ms)
10:03:39   ├─ /comunidad/peliculas/poltergeist-1982/index.html (+1ms)
10:03:39   ├─ /comunidad/peliculas/rocky-iii-1982/index.html (+1ms)
10:03:39   ├─ /comunidad/peliculas/the-dark-crystal-1982/index.html (+1ms)
10:03:39   ├─ /comunidad/peliculas/tootsie-1982/index.html (+1ms)
10:03:39   ├─ /comunidad/peliculas/confesiones-verdaderas-1981/index.html (+1ms)
10:03:39   ├─ /comunidad/peliculas/heavy-metal-1981/index.html (+1ms)
10:03:39   ├─ /comunidad/peliculas/el-zorro-y-el-sabueso-1981/index.html (+1ms)
10:03:39   ├─ /comunidad/peliculas/la-posesion-1981/index.html (+1ms)
10:03:39   ├─ /comunidad/peliculas/1997-rescate-en-nueva-york-1981/index.html (+1ms)
10:03:39   ├─ /comunidad/peliculas/chariots-of-fire-1981/index.html (+1ms)
10:03:39   ├─ /comunidad/peliculas/friday-the-13th-part-2-1981/index.html (+1ms)
10:03:39   ├─ /comunidad/peliculas/el-cartero-siempre-llama-dos-veces-1981/index.html (+1ms)
10:03:39   ├─ /comunidad/peliculas/el-mas-alla-1981/index.html (+1ms)
10:03:39   ├─ /comunidad/peliculas/halloween-ii-1981/index.html (+1ms)
10:03:39   ├─ /comunidad/peliculas/impacto-1981/index.html (+1ms)
10:03:39   ├─ /comunidad/peliculas/mad-max-2-1981/index.html (+1ms)
10:03:39   ├─ /comunidad/peliculas/the-evil-dead-1981/index.html (+1ms)
10:03:39   ├─ /comunidad/peliculas/raiders-of-the-lost-ark-1981/index.html (+1ms)
10:03:39   ├─ /comunidad/peliculas/scanners-1981/index.html (+1ms)
10:03:39   ├─ /comunidad/peliculas/los-perros-de-la-guerra-1980/index.html (+1ms)
10:03:39   ├─ /comunidad/peliculas/raging-bull-1980/index.html (+1ms)
10:03:39   ├─ /comunidad/peliculas/stardust-memories-1980/index.html (+1ms)
10:03:39   ├─ /comunidad/peliculas/ordinary-people-1980/index.html (+1ms)
10:03:39   ├─ /comunidad/peliculas/aterriza-como-puedas-1980/index.html (+1ms)
10:03:39   ├─ /comunidad/peliculas/the-shining-1980/index.html (+1ms)
10:03:39   ├─ /comunidad/peliculas/star-wars-episode-v-the-empire-strikes-back-1980/index.html (+1ms)
10:03:39   ├─ /comunidad/peliculas/friday-the-13th-1980/index.html (+1ms)
10:03:39   ├─ /comunidad/peliculas/el-hombre-elefante-1980/index.html (+1ms)
10:03:39   ├─ /comunidad/peliculas/holocausto-canibal-1980/index.html (+1ms)
10:03:39   ├─ /comunidad/peliculas/superman-ii-1980/index.html (+1ms)
10:03:39   ├─ /comunidad/peliculas/empieza-el-espectaculo-1979/index.html (+1ms)
10:03:39   ├─ /comunidad/peliculas/1941-1979/index.html (+1ms)
10:03:39   ├─ /comunidad/peliculas/kramer-vs-kramer-1979/index.html (+1ms)
10:03:39   ├─ /comunidad/peliculas/comenzar-de-nuevo-1979/index.html (+1ms)
10:03:39   ├─ /comunidad/peliculas/la-vida-de-brian-1979/index.html (+1ms)
10:03:39   ├─ /comunidad/peliculas/alien-1979/index.html (+1ms)
10:03:39   ├─ /comunidad/peliculas/stalker-1979/index.html (+1ms)
10:03:39   ├─ /comunidad/peliculas/apocalypse-now-1979/index.html (+1ms)
10:03:39   ├─ /comunidad/peliculas/la-calle-del-adios-1979/index.html (+1ms)
10:03:39   ├─ /comunidad/peliculas/manhattan-1979/index.html (+1ms)
10:03:39   ├─ /comunidad/peliculas/the-warriors-los-amos-de-la-noche-1979/index.html (+1ms)
10:03:39   ├─ /comunidad/peliculas/mad-max-1979/index.html (+1ms)
10:03:39   ├─ /comunidad/peliculas/rocky-ii-1979/index.html (+1ms)
10:03:39   ├─ /comunidad/peliculas/the-brood-1979/index.html (+1ms)
10:03:39   ├─ /comunidad/peliculas/the-deer-hunter-1978/index.html (+1ms)
10:03:39   ├─ /comunidad/peliculas/halloween-1978/index.html (+1ms)
10:03:39   ├─ /comunidad/peliculas/watership-down-1978/index.html (+1ms)
10:03:39   ├─ /comunidad/peliculas/american-boy-a-profile-of-steven-prince-1978/index.html (+1ms)
10:03:39   ├─ /comunidad/peliculas/dias-del-cielo-1978/index.html (+1ms)
10:03:39   ├─ /comunidad/peliculas/interiors-1978/index.html (+1ms)
10:03:39   ├─ /comunidad/peliculas/camino-del-sur-1978/index.html (+1ms)
10:03:39   ├─ /comunidad/peliculas/the-last-waltz-1978/index.html (+1ms)
10:03:39   ├─ /comunidad/peliculas/superman-1978/index.html (+1ms)
10:03:39   ├─ /comunidad/peliculas/close-encounters-of-the-third-kind-1977/index.html (+2ms)
10:03:39   ├─ /comunidad/peliculas/house-1977/index.html (+1ms)
10:03:39   ├─ /comunidad/peliculas/los-rescatadores-1977/index.html (+1ms)
10:03:39   ├─ /comunidad/peliculas/new-york-new-york-1977/index.html (+1ms)
10:03:39   ├─ /comunidad/peliculas/star-wars-episode-iv-a-new-hope-1977/index.html (+1ms)
10:03:39   ├─ /comunidad/peliculas/annie-hall-1977/index.html (+1ms)
10:03:39   ├─ /comunidad/peliculas/cabeza-borradora-1977/index.html (+1ms)
10:03:39   ├─ /comunidad/peliculas/fiebre-del-sabado-noche-1977/index.html (+1ms)
10:03:39   ├─ /comunidad/peliculas/suspiria-1977/index.html (+1ms)
10:03:39   ├─ /comunidad/peliculas/rocky-1976/index.html (+1ms)
10:03:39   ├─ /comunidad/peliculas/network-un-mundo-implacable-1976/index.html (+1ms)
10:03:39   ├─ /comunidad/peliculas/taxi-driver-1976/index.html (+1ms)
10:03:39   ├─ /comunidad/peliculas/one-flew-over-the-cuckoo-s-nest-1975/index.html (+1ms)
10:03:39   ├─ /comunidad/peliculas/tarde-de-perros-1975/index.html (+1ms)
10:03:39   ├─ /comunidad/peliculas/jaws-1975/index.html (+1ms)
10:03:39   ├─ /comunidad/peliculas/love-and-death-1975/index.html (+1ms)
10:03:39   ├─ /comunidad/peliculas/los-caballeros-de-la-mesa-cuadrada-y-sus-locos-seguidores-1975/index.html (+1ms)
10:03:39   ├─ /comunidad/peliculas/barry-lyndon-1975/index.html (+1ms)
10:03:39   ├─ /comunidad/peliculas/el-espectaculo-de-imagenes-de-terror-de-rocky-1975/index.html (+1ms)
10:03:39   ├─ /comunidad/peliculas/grey-gardens-1975/index.html (+1ms)
10:03:39   ├─ /comunidad/peliculas/alice-doesnt-live-here-anymore-1974/index.html (+1ms)
10:03:39   ├─ /comunidad/peliculas/italianamerican-1974/index.html (+1ms)
10:03:39   ├─ /comunidad/peliculas/robin-hood-1973/index.html (+1ms)
10:03:39   ├─ /comunidad/peliculas/chinatown-1974/index.html (+1ms)
10:03:39   ├─ /comunidad/peliculas/la-patagonia-rebelde-1974/index.html (+1ms)
10:03:39   ├─ /comunidad/peliculas/the-sugarland-express-1974/index.html (+1ms)
10:03:39   ├─ /comunidad/peliculas/la-conversacion-1974/index.html (+1ms)
10:03:39   ├─ /comunidad/peliculas/la-matanza-de-texas-1974/index.html (+1ms)
10:03:39   ├─ /comunidad/peliculas/the-exorcist-1973/index.html (+1ms)
10:03:39   ├─ /comunidad/peliculas/the-sting-1973/index.html (+1ms)
10:03:39   ├─ /comunidad/peliculas/sleeper-1973/index.html (+1ms)
10:03:39   ├─ /comunidad/peliculas/el-hombre-de-mimbre-1973/index.html (+1ms)
10:03:39   ├─ /comunidad/peliculas/el-planeta-salvaje-1973/index.html (+1ms)
10:03:39   ├─ /comunidad/peliculas/la-montana-sagrada-1973/index.html (+1ms)
10:03:39   ├─ /comunidad/peliculas/mean-streets-1973/index.html (+1ms)
10:03:39   ├─ /comunidad/peliculas/boxcar-bertha-1972/index.html (+1ms)
10:03:39   ├─ /comunidad/peliculas/suenos-de-un-seductor-1972/index.html (+1ms)
10:03:39   ├─ /comunidad/peliculas/solaris-1972/index.html (+1ms)
10:03:39   ├─ /comunidad/peliculas/the-godfather-1972/index.html (+1ms)
10:03:39   ├─ /comunidad/peliculas/los-aristogatos-1970/index.html (+1ms)
10:03:39   ├─ /comunidad/peliculas/pink-flamingos-1972/index.html (+1ms)
10:03:39   ├─ /comunidad/peliculas/everything-you-always-wanted-to-know-about-sex-but-were-afraid-to-ask-1972/index.html (+1ms)
10:03:39   ├─ /comunidad/peliculas/perros-de-paja-1971/index.html (+1ms)
10:03:39   ├─ /comunidad/peliculas/duel-1971/index.html (+1ms)
10:03:39   ├─ /comunidad/peliculas/la-naranja-mecanica-1971/index.html (+1ms)
10:03:39   ├─ /comunidad/peliculas/the-french-connection-1971/index.html (+1ms)
10:03:39   ├─ /comunidad/peliculas/la-ultima-pelicula-1971/index.html (+1ms)
10:03:39   ├─ /comunidad/peliculas/bananas-1971/index.html (+1ms)
10:03:39   ├─ /comunidad/peliculas/el-topo-1970/index.html (+1ms)
10:03:39   ├─ /comunidad/peliculas/street-scenes-1970-1970/index.html (+1ms)
10:03:39   ├─ /comunidad/peliculas/hola-mama-1970/index.html (+1ms)
10:03:39   ├─ /comunidad/peliculas/patton-1970/index.html (+1ms)
10:03:39   ├─ /comunidad/peliculas/dos-hombres-y-un-destino-1969/index.html (+1ms)
10:03:39   ├─ /comunidad/peliculas/grupo-salvaje-1969/index.html (+1ms)
10:03:39   ├─ /comunidad/peliculas/el-libro-de-la-selva-1967/index.html (+1ms)
10:03:39   ├─ /comunidad/peliculas/midnight-cowboy-1969/index.html (+1ms)
10:03:39   ├─ /comunidad/peliculas/el-incinerador-de-cadaveres-1969/index.html (+1ms)
10:03:39   ├─ /comunidad/peliculas/take-the-money-and-run-1969/index.html (+1ms)
10:03:39   ├─ /comunidad/peliculas/hasta-que-llego-su-hora-1968/index.html (+1ms)
10:03:39   ├─ /comunidad/peliculas/oliver-1968/index.html (+1ms)
10:03:39   ├─ /comunidad/peliculas/whos-that-knocking-at-my-door-1967/index.html (+1ms)
10:03:39   ├─ /comunidad/peliculas/yellow-submarine-1968/index.html (+1ms)
10:03:39   ├─ /comunidad/peliculas/el-bebe-de-rosemary-1968/index.html (+1ms)
10:03:39   ├─ /comunidad/peliculas/2001-a-space-odyssey-1968/index.html (+1ms)
10:03:39   ├─ /comunidad/peliculas/el-silencio-de-un-hombre-1967/index.html (+1ms)
10:03:39   ├─ /comunidad/peliculas/in-the-heat-of-the-night-1967/index.html (+1ms)
10:03:39   ├─ /comunidad/peliculas/dont-look-back-1967/index.html (+1ms)
10:03:39   ├─ /comunidad/peliculas/el-graduado-1967/index.html (+1ms)
10:03:39   ├─ /comunidad/peliculas/las-margaritas-1966/index.html (+1ms)
10:03:39   ├─ /comunidad/peliculas/el-bueno-el-feo-y-el-malo-1966/index.html (+1ms)
10:03:39   ├─ /comunidad/peliculas/a-man-for-all-seasons-1966/index.html (+1ms)
10:03:39   ├─ /comunidad/peliculas/what-s-up-tiger-lily-1966/index.html (+1ms)
10:03:39   ├─ /comunidad/peliculas/el-pecado-compartido-1966/index.html (+1ms)
10:03:39   ├─ /comunidad/peliculas/la-batalla-de-argel-1966/index.html (+1ms)
10:03:39   ├─ /comunidad/peliculas/batman-1966/index.html (+1ms)
10:03:39   ├─ /comunidad/peliculas/the-sound-of-music-1965/index.html (+1ms)
10:03:39   ├─ /comunidad/peliculas/my-fair-lady-1964/index.html (+1ms)
10:03:39   ├─ /comunidad/peliculas/telefono-rojo-volamos-hacia-moscu-1964/index.html (+1ms)
10:03:39   ├─ /comunidad/peliculas/tom-jones-1963/index.html (+1ms)
10:03:39   ├─ /comunidad/peliculas/fellini-ocho-y-medio-1963/index.html (+1ms)
10:03:39   ├─ /comunidad/peliculas/la-gran-evasion-1963/index.html (+1ms)
10:03:39   ├─ /comunidad/peliculas/lawrence-of-arabia-1962/index.html (+1ms)
10:03:39   ├─ /comunidad/peliculas/west-side-story-1961/index.html (+1ms)
10:03:39   ├─ /comunidad/peliculas/101-dalmatas-1961/index.html (+1ms)
10:03:39   ├─ /comunidad/peliculas/la-bella-durmiente-1959/index.html (+1ms)
10:03:39   ├─ /comunidad/peliculas/psycho-1960/index.html (+1ms)
10:03:39   ├─ /comunidad/peliculas/the-apartment-1960/index.html (+1ms)
10:03:39   ├─ /comunidad/peliculas/al-final-de-la-escapada-1960/index.html (+1ms)
10:03:39   ├─ /comunidad/peliculas/la-dolce-vita-1960/index.html (+1ms)
10:03:39   ├─ /comunidad/peliculas/ben-hur-1959/index.html (+1ms)
10:03:39   ├─ /comunidad/peliculas/north-by-northwest-1959/index.html (+1ms)
10:03:39   ├─ /comunidad/peliculas/los-cuatrocientos-golpes-1959/index.html (+1ms)
10:03:39   ├─ /comunidad/peliculas/con-faldas-y-a-lo-loco-1959/index.html (+1ms)
10:03:39   ├─ /comunidad/peliculas/gigi-1958/index.html (+1ms)
10:03:39   ├─ /comunidad/peliculas/vertigo-1958/index.html (+1ms)
10:03:39   ├─ /comunidad/peliculas/senderos-de-gloria-1957/index.html (+1ms)
10:03:39   ├─ /comunidad/peliculas/the-bridge-on-the-river-kwai-1957/index.html (+1ms)
10:03:39   ├─ /comunidad/peliculas/12-angry-men-1957/index.html (+1ms)
10:03:39   ├─ /comunidad/peliculas/el-septimo-sello-1957/index.html (+1ms)
10:03:39   ├─ /comunidad/peliculas/around-the-world-in-80-days-1956/index.html (+1ms)
10:03:39   ├─ /comunidad/peliculas/la-dama-y-el-vagabundo-1955/index.html (+1ms)
10:03:39   ├─ /comunidad/peliculas/la-ventana-indiscreta-1954/index.html (+1ms)
10:03:39   ├─ /comunidad/peliculas/marty-1955/index.html (+1ms)
10:03:39   ├─ /comunidad/peliculas/la-noche-del-cazador-1955/index.html (+1ms)
10:03:39   ├─ /comunidad/peliculas/on-the-waterfront-1954/index.html (+1ms)
10:03:39   ├─ /comunidad/peliculas/los-siete-samurais-1954/index.html (+1ms)
10:03:39   ├─ /comunidad/peliculas/seven-samurai-1954/index.html (+1ms)
10:03:39   ├─ /comunidad/peliculas/cuentos-de-tokio-1953/index.html (+1ms)
10:03:39   ├─ /comunidad/peliculas/from-here-to-eternity-1953/index.html (+1ms)
10:03:39   ├─ /comunidad/peliculas/peter-pan-1953/index.html (+1ms)
10:03:39   ├─ /comunidad/peliculas/cantando-bajo-la-lluvia-1952/index.html (+1ms)
10:03:39   ├─ /comunidad/peliculas/the-greatest-show-on-earth-1952/index.html (+1ms)
10:03:39   ├─ /comunidad/peliculas/an-american-in-paris-1951/index.html (+1ms)
10:03:39   ├─ /comunidad/peliculas/la-cenicienta-1950/index.html (+1ms)
10:03:39   ├─ /comunidad/peliculas/el-crepusculo-de-los-dioses-1950/index.html (+1ms)
10:03:39   ├─ /comunidad/peliculas/all-about-eve-1950/index.html (+1ms)
10:03:39   ├─ /comunidad/peliculas/rashomon-1950/index.html (+1ms)
10:03:39   ├─ /comunidad/peliculas/el-tercer-hombre-1949/index.html (+1ms)
10:03:39   ├─ /comunidad/peliculas/all-the-king-s-men-1949/index.html (+1ms)
10:03:39   ├─ /comunidad/peliculas/ladron-de-bicicletas-1948/index.html (+1ms)
10:03:39   ├─ /comunidad/peliculas/hamlet-1948/index.html (+1ms)
10:03:39   ├─ /comunidad/peliculas/las-zapatillas-rojas-1948/index.html (+1ms)
10:03:39   ├─ /comunidad/peliculas/gentleman-s-agreement-1947/index.html (+1ms)
10:03:39   ├─ /comunidad/peliculas/the-best-years-of-our-lives-1946/index.html (+1ms)
10:03:39   ├─ /comunidad/peliculas/el-sueno-eterno-1946/index.html (+1ms)
10:03:39   ├─ /comunidad/peliculas/the-lost-weekend-1945/index.html (+1ms)
10:03:39   ├─ /comunidad/peliculas/pacto-de-sangre-1944/index.html (+1ms)
10:03:39   ├─ /comunidad/peliculas/going-my-way-1944/index.html (+1ms)
10:03:39   ├─ /comunidad/peliculas/bambi-1942/index.html (+1ms)
10:03:39   ├─ /comunidad/peliculas/casablanca-1943/index.html (+1ms)
10:03:39   ├─ /comunidad/peliculas/dumbo-1941/index.html (+1ms)
10:03:39   ├─ /comunidad/peliculas/mrs-miniver-1942/index.html (+1ms)
10:03:39   ├─ /comunidad/peliculas/how-green-was-my-valley-1941/index.html (+1ms)
10:03:39   ├─ /comunidad/peliculas/citizen-kane-1941/index.html (+1ms)
10:03:39   ├─ /comunidad/peliculas/el-halcon-maltes-1941/index.html (+1ms)
10:03:39   ├─ /comunidad/peliculas/fantasia-1940/index.html (+1ms)
10:03:39   ├─ /comunidad/peliculas/rebecca-1940/index.html (+1ms)
10:03:39   ├─ /comunidad/peliculas/pinocho-1940/index.html (+1ms)
10:03:39   ├─ /comunidad/peliculas/gone-with-the-wind-1939/index.html (+1ms)
10:03:39   ├─ /comunidad/peliculas/the-wizard-of-oz-1939/index.html (+1ms)
10:03:39   ├─ /comunidad/peliculas/you-can-t-take-it-with-you-1938/index.html (+2ms)
10:03:39   ├─ /comunidad/peliculas/the-life-of-emile-zola-1937/index.html (+1ms)
10:03:39   ├─ /comunidad/peliculas/blancanieves-y-los-siete-enanitos-1937/index.html (+1ms)
10:03:39   ├─ /comunidad/peliculas/the-great-ziegfeld-1936/index.html (+1ms)
10:03:39   ├─ /comunidad/peliculas/tiempos-modernos-1936/index.html (+1ms)
10:03:39   ├─ /comunidad/peliculas/mutiny-on-the-bounty-1935/index.html (+1ms)
10:03:39   ├─ /comunidad/peliculas/it-happened-one-night-1934/index.html (+1ms)
10:03:39   ├─ /comunidad/peliculas/cavalcade-1933/index.html (+1ms)
10:03:39   ├─ /comunidad/peliculas/grand-hotel-1932/index.html (+1ms)
10:03:39   ├─ /comunidad/peliculas/freaks-1932/index.html (+1ms)
10:03:39   ├─ /comunidad/peliculas/cimarron-1931/index.html (+1ms)
10:03:39   ├─ /comunidad/peliculas/m-el-vampiro-de-dusseldorf-1931/index.html (+1ms)
10:03:39   ├─ /comunidad/peliculas/all-quiet-on-the-western-front-1930/index.html (+1ms)
10:03:39   ├─ /comunidad/peliculas/the-broadway-melody-1929/index.html (+1ms)
10:03:39   ├─ /comunidad/peliculas/man-with-a-movie-camera-1929/index.html (+1ms)
10:03:39   ├─ /comunidad/peliculas/la-pasion-de-juana-de-arco-1928/index.html (+1ms)
10:03:39   ├─ /comunidad/peliculas/wings-1927/index.html (+1ms)
10:03:39   ├─ /comunidad/peliculas/metropolis-1927/index.html (+1ms)
10:03:39   ├─ /comunidad/peliculas/el-maquinista-de-la-general-1926/index.html (+1ms)
10:03:39   ├─ /comunidad/peliculas/nosferatu-1922/index.html (+1ms)
10:03:39   ├─ /comunidad/index.html (+97ms)
10:03:39   ├─ /contacto/index.html (+3ms)
10:03:39   ├─ /copyright-y-uso-de-material/index.html (+2ms)
10:03:39   ├─ /editorial/calm-horacio-quiroga-animacion-sitges-2026/index.html (+2ms)
10:03:39   ├─ /editorial/la-estrella-que-perdi-premios-antares-2026-mirta-busnelli/index.html (+2ms)
10:03:39   ├─ /editorial/offni-cine-fest-2026-cine-fantastico-gratis-en-caba/index.html (+1ms)
10:03:39   ├─ /editorial/insaciable-body-horror-en-modo-facil/index.html (+67ms)
10:03:39   ├─ /editorial/campamento-miasma-si-venis-por-jason-preparate-para-el-delirio/index.html (+79ms)
10:03:39   ├─ /editorial/cancelados-por-hollywood-estrellas-cima-exilio/index.html (+2ms)
10:03:39   ├─ /editorial/colony-zona-cero-me-gusto-pero-no-me-volo-la-peluca/index.html (+75ms)
10:03:39   ├─ /editorial/engendro-un-horror-que-me-hizo-bajar-el-volumen/index.html (+69ms)
10:03:39   ├─ /editorial/la-ultima-casa-sobrevivir-al-embole/index.html (+68ms)
10:03:39   ├─ /editorial/resident-evil-noche-cero-la-veria-99-veces/index.html (+66ms)
10:03:39   ├─ /editorial/index.html (+7ms)
10:03:39   ├─ /equipo/index.html (+5ms)
10:03:39   ├─ /fuentes-y-datos/index.html (+4ms)
10:03:39   ├─ /juegos/simulador-carrera-actor/index.html (+93ms)
10:03:39   ├─ /logo-preview/index.html (+3ms)
10:03:39   ├─ /peliculas/animales-ben-affleck-2026/index.html (+96ms)
10:03:39   ├─ /peliculas/annemarie-2026/index.html (+70ms)
10:03:40   ├─ /peliculas/mandaadi-2026/index.html (+76ms)
10:03:40   ├─ /peliculas/matchbox-la-pelicula-2026/index.html (+67ms)
10:03:40   ├─ /peliculas/project-baby-2026/index.html (+68ms)
10:03:40   ├─ /peliculas/a-cualquier-precio-2026/index.html (+71ms)
10:03:40   ├─ /peliculas/drags-to-riches-2026/index.html (+67ms)
10:03:40   ├─ /peliculas/el-tren-fluvial-2026/index.html (+68ms)
10:03:40   ├─ /peliculas/hope-el-primer-impacto-2026/index.html (+65ms)
10:03:40   ├─ /peliculas/la-ultima-bala-2026/index.html (+65ms)
10:03:40   ├─ /peliculas/lo-dejamos-aca-2026/index.html (+67ms)
10:03:40   ├─ /peliculas/madre-siniestra-2026/index.html (+64ms)
10:03:40   ├─ /peliculas/socias-por-accidente-2026/index.html (+67ms)
10:03:40   ├─ /peliculas/la-casa-2025/index.html (+63ms)
10:03:40   ├─ /peliculas/la-vida-es-asi-2025/index.html (+65ms)
10:03:40   ├─ /peliculas/cars-2006/index.html (+67ms)
10:03:40   ├─ /peliculas/quien-es-martin-mull-2026/index.html (+64ms)
10:03:41   ├─ /peliculas/cada-vez-menos-extrano-2026/index.html (+68ms)
10:03:41   ├─ /peliculas/pulp-que-harias-por-una-cancion-mas-2026/index.html (+67ms)
10:03:41   ├─ /peliculas/vigilante-2026/index.html (+63ms)
10:03:41   ├─ /peliculas/una-pelicula-de-parque-chas-2025/index.html (+69ms)
10:03:41   ├─ /peliculas/el-ultimo-desafio-k2-en-invierno-2026/index.html (+63ms)
10:03:41   ├─ /peliculas/las-cartas-de-la-vida-2026/index.html (+66ms)
10:03:41   ├─ /peliculas/schumacher-94-nace-una-leyenda-2026/index.html (+65ms)
10:03:41   ├─ /peliculas/cable-mortal-2026/index.html (+67ms)
10:03:41   ├─ /peliculas/digger-2026/index.html (+65ms)
10:03:41   ├─ /peliculas/disney-creadores-de-mundos-2026/index.html (+69ms)
10:03:41   ├─ /peliculas/escondida-en-mi-cabeza-2026/index.html (+66ms)
10:03:41   ├─ /peliculas/guardianes-del-museo-2-2026/index.html (+65ms)
10:03:41   ├─ /peliculas/hangar-rojo-2026/index.html (+66ms)
10:03:41   ├─ /peliculas/midnight-girls-2026/index.html (+68ms)
10:03:41   ├─ /peliculas/ninja-wars-blackfox-vs-shoguns-ninja-2026/index.html (+65ms)
10:03:42   ├─ /peliculas/papa-a-cargo-2026/index.html (+65ms)
10:03:42   ├─ /peliculas/puella-magi-madoka-magica-walpurgisnacht-rising-2026/index.html (+66ms)
10:03:42   ├─ /peliculas/relajadas-y-muy-peligrosas-2026/index.html (+68ms)
10:03:42   ├─ /peliculas/ricos-sin-dinero-2026/index.html (+64ms)
10:03:42   ├─ /peliculas/soulm8te-2026/index.html (+65ms)
10:03:42   ├─ /peliculas/verity-la-sombra-de-un-engano-2026/index.html (+64ms)
10:03:42   ├─ /peliculas/vertigo-2-punto-muerto-2026/index.html (+65ms)
10:03:42   ├─ /peliculas/cuentos-del-jardin-magico-2025/index.html (+64ms)
10:03:42   ├─ /peliculas/retrato-de-un-pianista-2025/index.html (+78ms)
10:03:42   ├─ /peliculas/ay-mi-perro-2026/index.html (+68ms)
10:03:42   ├─ /peliculas/linkin-park-unshatter-2026/index.html (+64ms)
10:03:42   ├─ /peliculas/mononoke-iii-la-maldicion-de-la-serpiente-2026/index.html (+75ms)
10:03:42   ├─ /peliculas/the-swan-el-reality-mas-extremo-2026/index.html (+67ms)
10:03:42   ├─ /peliculas/the-furious-pertaruhan-maruah-2026/index.html (+63ms)
10:03:42   ├─ /peliculas/furia-de-los-thunderman-2026/index.html (+67ms)
10:03:43   ├─ /peliculas/el-diario-de-pilar-en-amazonas-2026/index.html (+66ms)
10:03:43   ├─ /peliculas/stray-kids-the-dominate-experience-2026/index.html (+75ms)
10:03:43   ├─ /peliculas/unabomber-2026/index.html (+66ms)
10:03:43   ├─ /peliculas/el-corazon-de-la-bestia-2026/index.html (+64ms)
10:03:43   ├─ /peliculas/el-ultimo-gran-golpe-2026/index.html (+67ms)
10:03:43   ├─ /peliculas/hospital-britanico-2026/index.html (+64ms)
10:03:43   ├─ /peliculas/la-isla-olvidada-2026/index.html (+64ms)
10:03:43   ├─ /peliculas/su-propio-infierno-2026/index.html (+63ms)
10:03:43   ├─ /peliculas/bajo-tus-pies-2025/index.html (+64ms)
10:03:43   ├─ /peliculas/encantador-2025/index.html (+65ms)
10:03:43   ├─ /peliculas/sinagtala-2025/index.html (+64ms)
10:03:43   ├─ /peliculas/los-calvos-2024/index.html (+64ms)
10:03:43   ├─ /peliculas/baby-do-die-do-2026/index.html (+64ms)
10:03:43   ├─ /peliculas/la-hipotesis-del-amor-2026/index.html (+64ms)
10:03:43   ├─ /peliculas/autos-mota-y-rocanrol-2025/index.html (+69ms)
10:03:44   ├─ /peliculas/sin-rastro-2025/index.html (+65ms)
10:03:44   ├─ /peliculas/sombras-del-pasado-2024/index.html (+64ms)
10:03:44   ├─ /peliculas/cuatro-historias-de-deseo-3-2026/index.html (+66ms)
10:03:44   ├─ /peliculas/irumudi-2026/index.html (+66ms)
10:03:44   ├─ /peliculas/modha-rathri-2026/index.html (+65ms)
10:03:44   ├─ /peliculas/tiburon-blanco-la-bestia-del-mar-2025/index.html (+71ms)
10:03:44   ├─ /peliculas/desobediente-2026/index.html (+63ms)
10:03:44   ├─ /peliculas/el-arbol-magico-2026/index.html (+65ms)
10:03:44   ├─ /peliculas/panda-plan-2-la-tribu-magica-2026/index.html (+70ms)
10:03:44   ├─ /peliculas/resident-evil-noche-cero-2026/index.html (+65ms)
10:03:44   ├─ /peliculas/incognito-2025/index.html (+65ms)
10:03:44   ├─ /peliculas/tres-adioses-2025/index.html (+63ms)
10:03:44   ├─ /peliculas/septiembre-5-2024/index.html (+63ms)
10:03:44   ├─ /peliculas/puella-magi-madoka-magica-la-rebelion-2013/index.html (+66ms)
10:03:44   ├─ /peliculas/one-piece-la-pelicula-2000/index.html (+63ms)
10:03:45   ├─ /peliculas/la-apuesta-mas-alta-2026/index.html (+71ms)
10:03:45   ├─ /peliculas/gracias-equipo-2026/index.html (+66ms)
10:03:45   ├─ /peliculas/libang-libu-2026/index.html (+63ms)
10:03:45   ├─ /peliculas/islandia-2025/index.html (+65ms)
10:03:45   ├─ /peliculas/el-maestro-del-crimen-2024/index.html (+64ms)
10:03:45   ├─ /peliculas/pintor-at-paraluman-2024/index.html (+64ms)
10:03:45   ├─ /peliculas/pibas-superpoderosas-2023/index.html (+66ms)
10:03:45   ├─ /peliculas/tickets-2023/index.html (+65ms)
10:03:45   ├─ /peliculas/tu-forma-de-ver-el-mundo-2022/index.html (+66ms)
10:03:45   ├─ /peliculas/de-aca-a-la-china-2020/index.html (+63ms)
10:03:45   ├─ /peliculas/game-of-death-2017/index.html (+66ms)
10:03:45   ├─ /peliculas/sequia-2017/index.html (+65ms)
10:03:45   ├─ /peliculas/caza-bajo-el-sol-2014/index.html (+65ms)
10:03:45   ├─ /peliculas/aunque-me-cueste-la-vida-2008/index.html (+64ms)
10:03:45   ├─ /peliculas/v-de-vendetta-2005/index.html (+72ms)
10:03:46   ├─ /peliculas/la-momia-1999/index.html (+64ms)
10:03:46   ├─ /peliculas/star-trek-vi-aquel-pais-desconocido-1991/index.html (+67ms)
10:03:46   ├─ /peliculas/star-trek-v-la-ultima-frontera-1989/index.html (+66ms)
10:03:46   ├─ /peliculas/star-trek-iv-mision-salvar-la-tierra-1986/index.html (+65ms)
10:03:46   ├─ /peliculas/star-trek-iii-en-busca-de-spock-1984/index.html (+65ms)
10:03:46   ├─ /peliculas/llama-a-mi-agente-la-pelicula-2026/index.html (+65ms)
10:03:46   ├─ /peliculas/ballena-asesina-2026/index.html (+63ms)
10:03:46   ├─ /peliculas/besar-es-facil-2026/index.html (+64ms)
10:03:46   ├─ /peliculas/codigo-venganza-2026/index.html (+64ms)
10:03:46   ├─ /peliculas/couture-vidas-entrelazadas-2026/index.html (+65ms)
10:03:46   ├─ /peliculas/el-dia-de-la-revelacion-2026/index.html (+65ms)
10:03:46   ├─ /peliculas/el-heladero-2026/index.html (+64ms)
10:03:46   ├─ /peliculas/hasta-que-la-verdad-los-separe-2026/index.html (+63ms)
10:03:46   ├─ /peliculas/hechizo-de-amor-la-magia-continua-2026/index.html (+66ms)
10:03:46   ├─ /peliculas/italiana-2026/index.html (+67ms)
10:03:46   ├─ /peliculas/la-ambicion-de-los-savage-2026/index.html (+63ms)
10:03:47   ├─ /peliculas/los-archivos-perdidos-del-dr-romanoski-2026/index.html (+64ms)
10:03:47   ├─ /peliculas/moscas-2026/index.html (+68ms)
10:03:47   ├─ /peliculas/nosotros-al-final-2026/index.html (+68ms)
10:03:47   ├─ /peliculas/oasis-don-t-look-back-in-anger-2026/index.html (+71ms)
10:03:47   ├─ /peliculas/red-de-mentiras-2026/index.html (+65ms)
10:03:47   ├─ /peliculas/supergirl-2026/index.html (+64ms)
10:03:47   ├─ /peliculas/tadeo-el-explorador-y-la-lampara-maravillosa-2026/index.html (+64ms)
10:03:47   ├─ /peliculas/8-2025/index.html (+64ms)
10:03:47   ├─ /peliculas/aniversario-2025/index.html (+64ms)
10:03:47   ├─ /peliculas/las-corrientes-2025/index.html (+69ms)
10:03:47   ├─ /peliculas/las-malditas-2025/index.html (+64ms)
10:03:47   ├─ /peliculas/lector-omnisciente-la-profecia-2025/index.html (+65ms)
10:03:47   ├─ /peliculas/mi-mejor-escena-2025/index.html (+64ms)
10:03:47   ├─ /peliculas/mirando-a-traves-del-agua-2025/index.html (+65ms)
10:03:47   ├─ /peliculas/volcan-fuego-bajo-tierra-2025/index.html (+64ms)
10:03:48   ├─ /peliculas/las-corredoras-2024/index.html (+66ms)
10:03:48   ├─ /peliculas/raices-2024/index.html (+66ms)
10:03:48   ├─ /peliculas/romeo-y-ofelia-2024/index.html (+65ms)
10:03:48   ├─ /peliculas/alguien-esta-dentro-de-la-casa-2023/index.html (+67ms)
10:03:48   ├─ /peliculas/baian-the-assassin-m-d-2023/index.html (+69ms)
10:03:48   ├─ /peliculas/fragil-2023/index.html (+63ms)
10:03:48   ├─ /peliculas/sociedad-de-honor-2022/index.html (+67ms)
10:03:48   ├─ /peliculas/la-encomienda-2021/index.html (+64ms)
10:03:48   ├─ /peliculas/una-navidad-de-locos-2021/index.html (+66ms)
10:03:48   ├─ /peliculas/moneda-de-cambio-2020/index.html (+69ms)
10:03:48   ├─ /peliculas/siberia-2020/index.html (+68ms)
10:03:48   ├─ /peliculas/pistolero-2019/index.html (+65ms)
10:03:48   ├─ /peliculas/lady-bloodfight-2016/index.html (+64ms)
10:03:48   ├─ /peliculas/el-club-2015/index.html (+78ms)
10:03:48   ├─ /peliculas/la-luz-incidente-2015/index.html (+64ms)
10:03:49   ├─ /peliculas/extraterrestrial-2014/index.html (+66ms)
10:03:49   ├─ /peliculas/puella-magi-madoka-magica-la-pelicula-parte-2-2012/index.html (+67ms)
10:03:49   ├─ /peliculas/hermandad-de-sangre-2009/index.html (+64ms)
10:03:49   ├─ /peliculas/atrapadas-por-la-mafia-2002/index.html (+65ms)
10:03:49   ├─ /peliculas/el-americano-impasible-2002/index.html (+66ms)
10:03:49   ├─ /peliculas/the-others-2001/index.html (+65ms)
10:03:49   ├─ /peliculas/el-fin-de-los-dias-1999/index.html (+64ms)
10:03:49   ├─ /peliculas/fargo-secuestro-voluntario-1996/index.html (+64ms)
10:03:49   ├─ /peliculas/por-que-me-case-entonces-2026/index.html (+68ms)
10:03:49   ├─ /peliculas/band-of-brothers-legacy-2026/index.html (+64ms)
10:03:49   ├─ /peliculas/enfrentados-marfil-2026/index.html (+65ms)
10:03:49   ├─ /peliculas/different-strokes-2023/index.html (+66ms)
10:03:49   ├─ /peliculas/top-gun-maverick-2022/index.html (+66ms)
10:03:49   ├─ /peliculas/alone-sola-2020/index.html (+66ms)
10:03:49   ├─ /peliculas/shirley-2020/index.html (+64ms)
10:03:50   ├─ /peliculas/las-ninas-bien-2019/index.html (+64ms)
10:03:50   ├─ /peliculas/penelope-2018/index.html (+65ms)
10:03:50   ├─ /peliculas/la-gran-apuesta-2015/index.html (+66ms)
10:03:50   ├─ /peliculas/anaconda-3-la-amenaza-2008/index.html (+63ms)
10:03:50   ├─ /peliculas/como-locos-a-por-el-oro-2008/index.html (+70ms)
10:03:50   ├─ /peliculas/el-tren-de-las-3-10-2007/index.html (+65ms)
10:03:50   ├─ /peliculas/una-hija-diferente-2004/index.html (+65ms)
10:03:50   ├─ /peliculas/adaptation-el-ladron-de-orquideas-2002/index.html (+66ms)
10:03:50   ├─ /peliculas/camino-de-guerra-2000/index.html (+65ms)
10:03:50   ├─ /peliculas/copycat-1995/index.html (+65ms)
10:03:50   ├─ /peliculas/batman-knightfall-part-1-knightfall-2026/index.html (+64ms)
10:03:50   ├─ /peliculas/fukushima-una-pesadilla-nuclear-2026/index.html (+63ms)
10:03:50   ├─ /peliculas/jack-ryan-de-tom-clancy-guerra-encubierta-2026/index.html (+65ms)
10:03:50   ├─ /peliculas/secretos-del-deporte-mr-t-2026/index.html (+65ms)
10:03:50   ├─ /peliculas/stavros-halkias-uncle-stav-2026/index.html (+66ms)
10:03:50   ├─ /peliculas/the-medium-2021/index.html (+65ms)
10:03:51   ├─ /peliculas/bumblebee-2018/index.html (+64ms)
10:03:51   ├─ /peliculas/jack-reacher-nunca-vuelvas-atras-2016/index.html (+66ms)
10:03:51   ├─ /peliculas/en-la-gama-de-los-grises-2015/index.html (+66ms)
10:03:51   ├─ /peliculas/jack-reacher-bajo-la-mira-2012/index.html (+65ms)
10:03:51   ├─ /peliculas/el-padre-de-los-inventos-2010/index.html (+65ms)
10:03:51   ├─ /peliculas/alex-y-emma-2003/index.html (+73ms)
10:03:51   ├─ /peliculas/the-godfather-part-ii-1974/index.html (+64ms)
10:03:51   ├─ /peliculas/the-alto-knights-mafia-y-poder-2025/index.html (+63ms)
10:03:51   ├─ /peliculas/pozos-de-ambicion-2007/index.html (+70ms)
10:03:51   ├─ /peliculas/animal-factory-2000/index.html (+64ms)
10:03:51   ├─ /peliculas/mayday-2026/index.html (+66ms)
10:03:51   ├─ /peliculas/colony-zona-cero-2026/index.html (+64ms)
10:03:51   ├─ /peliculas/fito-paez-el-mundo-cabe-en-una-cancion-2026/index.html (+72ms)
10:03:51   ├─ /peliculas/gandhari-2026/index.html (+89ms)
10:03:52   ├─ /peliculas/pepita-la-pistolera-2026/index.html (+68ms)
10:03:52   ├─ /peliculas/esa-cosa-con-alas-2025/index.html (+72ms)
10:03:52   ├─ /peliculas/la-negociacion-2025/index.html (+68ms)
10:03:52   ├─ /peliculas/una-quinta-en-portugal-2025/index.html (+68ms)
10:03:52   ├─ /peliculas/masha-y-los-osos-la-pelicula-2023/index.html (+70ms)
10:03:52   ├─ /peliculas/puella-magi-madoka-magica-la-pelicula-parte-1-2012/index.html (+75ms)
10:03:52   ├─ /peliculas/terminator-2-judgment-day-1991/index.html (+89ms)
10:03:52   ├─ /peliculas/carrera-contra-el-tiempo-2026/index.html (+89ms)
10:03:52   ├─ /peliculas/lego-star-wars-the-mandalorian-2026/index.html (+74ms)
10:03:52   ├─ /peliculas/momentos-decisivos-generacion-11-s-2026/index.html (+78ms)
10:03:52   ├─ /peliculas/the-mandalorian-and-grogu-2026/index.html (+71ms)
10:03:52   ├─ /peliculas/el-falsario-2026/index.html (+67ms)
10:03:52   ├─ /peliculas/afterburn-zona-cero-2025/index.html (+66ms)
10:03:52   ├─ /peliculas/omni-loop-2024/index.html (+70ms)
10:03:53   ├─ /peliculas/dracula-2025/index.html (+74ms)
10:03:53   ├─ /peliculas/como-una-esposa-2022/index.html (+70ms)
10:03:53   ├─ /peliculas/bull-2021/index.html (+69ms)
10:03:53   ├─ /peliculas/barreda-2026/index.html (+72ms)
10:03:53   ├─ /peliculas/gintama-la-pelicula-yoshiwara-en-llamas-2026/index.html (+65ms)
10:03:53   ├─ /peliculas/la-ultima-escena-2026/index.html (+66ms)
10:03:53   ├─ /peliculas/susurran-tu-nombre-2026/index.html (+65ms)
10:03:53   ├─ /peliculas/te-extrano-te-amo-2026/index.html (+63ms)
10:03:53   ├─ /peliculas/una-mujer-sin-pasado-2026/index.html (+75ms)
10:03:53   ├─ /peliculas/llamame-madre-2025/index.html (+64ms)
10:03:53   ├─ /peliculas/turbulencias-2025/index.html (+74ms)
10:03:53   ├─ /peliculas/frente-al-tornado-2021/index.html (+71ms)
10:03:53   ├─ /peliculas/otra-ronda-2020/index.html (+66ms)
10:03:53   ├─ /peliculas/demonic-2015/index.html (+66ms)
10:03:53   ├─ /peliculas/the-barkley-marathons-the-race-that-eats-its-young-2014/index.html (+66ms)
10:03:54   ├─ /peliculas/el-gato-con-botas-2011/index.html (+65ms)
10:03:54   ├─ /peliculas/shrek-tercero-2007/index.html (+64ms)
10:03:54   ├─ /peliculas/cin3-fili4-2026/index.html (+67ms)
10:03:54   ├─ /peliculas/coyote-vs-acme-2026/index.html (+64ms)
10:03:54   ├─ /peliculas/impacto-mortal-2026/index.html (+65ms)
10:03:54   ├─ /peliculas/la-asistente-de-la-morgue-2026/index.html (+67ms)
10:03:54   ├─ /peliculas/la-guerra-de-los-ultimos-2026/index.html (+66ms)
10:03:54   ├─ /peliculas/la-nina-del-azucar-2026/index.html (+66ms)
10:03:54   ├─ /peliculas/lu-pau-2026/index.html (+66ms)
10:03:54   ├─ /peliculas/solo-por-una-noche-2026/index.html (+64ms)
10:03:54   ├─ /peliculas/tierra-de-crimen-2026/index.html (+67ms)
10:03:54   ├─ /peliculas/cosas-pequenas-como-estas-2024/index.html (+66ms)
10:03:54   ├─ /peliculas/la-inmersion-2023/index.html (+65ms)
10:03:54   ├─ /peliculas/los-colonos-2023/index.html (+67ms)
10:03:54   ├─ /peliculas/burke-and-hare-2010/index.html (+64ms)
10:03:55   ├─ /peliculas/2012-2009/index.html (+63ms)
10:03:55   ├─ /peliculas/la-matanza-de-texas-2003/index.html (+67ms)
10:03:55   ├─ /peliculas/harry-potter-and-the-sorcerers-stone-2001/index.html (+64ms)
10:03:55   ├─ /peliculas/sunrise-el-ultimo-amanecer-2026/index.html (+70ms)
10:03:55   ├─ /peliculas/back-to-black-2024/index.html (+65ms)
10:03:55   ├─ /peliculas/ella-dijo-2022/index.html (+73ms)
10:03:55   ├─ /peliculas/american-assassin-2017/index.html (+64ms)
10:03:55   ├─ /peliculas/venganza-nunca-subestimes-a-una-mujer-2017/index.html (+68ms)
10:03:55   ├─ /peliculas/ricki-2015/index.html (+65ms)
10:03:55   ├─ /peliculas/la-boda-de-rachel-2008/index.html (+68ms)
10:03:55   ├─ /peliculas/dano-colateral-2002/index.html (+68ms)
10:03:55   ├─ /peliculas/corre-lola-corre-1998/index.html (+65ms)
10:03:55   ├─ /peliculas/babe-el-cerdito-valiente-1995/index.html (+66ms)
10:03:55   ├─ /peliculas/bullitt-1968/index.html (+64ms)
10:03:55   ├─ /peliculas/el-increible-hombre-menguante-1957/index.html (+66ms)
10:03:56   ├─ /peliculas/secretos-del-deporte-el-testimonio-de-vince-young-2026/index.html (+64ms)
10:03:56   ├─ /peliculas/noche-de-paz-noche-de-muerte-2025/index.html (+68ms)
10:03:56   ├─ /peliculas/los-olvidados-cicatrices-2023/index.html (+65ms)
10:03:56   ├─ /peliculas/ninja-turtles-caos-mutante-2023/index.html (+66ms)
10:03:56   ├─ /peliculas/pokemon-detective-pikachu-2019/index.html (+65ms)
10:03:56   ├─ /peliculas/good-time-viviendo-al-limite-2017/index.html (+67ms)
10:03:56   ├─ /peliculas/posesion-infernal-2013/index.html (+64ms)
10:03:56   ├─ /peliculas/17-otra-vez-2009/index.html (+65ms)
10:03:56   ├─ /peliculas/resident-evil-el-huesped-maldito-2002/index.html (+72ms)
10:03:56   ├─ /peliculas/practicamente-magia-1998/index.html (+66ms)
10:03:56   ├─ /peliculas/la-maquina-the-smashing-machine-2025/index.html (+64ms)
10:03:56   ├─ /peliculas/harold-y-el-lapiz-magico-2024/index.html (+65ms)
10:03:56   ├─ /peliculas/la-trampa-2024/index.html (+64ms)
10:03:56   ├─ /peliculas/no-odiaras-2020/index.html (+64ms)
10:03:56   ├─ /peliculas/un-dia-en-el-haram-2017/index.html (+63ms)
10:03:57   ├─ /peliculas/the-human-race-2013/index.html (+69ms)
10:03:57   ├─ /peliculas/the-fall-guy-2024/index.html (+67ms)
10:03:57   ├─ /peliculas/triple-9-2016/index.html (+66ms)
10:03:57   ├─ /peliculas/fragmentada-2023/index.html (+63ms)
10:03:57   ├─ /peliculas/rosebush-pruning-2026/index.html (+65ms)
10:03:57   ├─ /peliculas/song-sung-blue-cancion-para-dos-2025/index.html (+64ms)
10:03:57   ├─ /peliculas/la-muerte-de-robin-hood-2026/index.html (+69ms)
10:03:57   ├─ /peliculas/la-noche-del-demonio-estan-entre-nosotros-2026/index.html (+67ms)
10:03:57   ├─ /peliculas/tu-corazon-sera-destrozado-2026/index.html (+64ms)
10:03:57   ├─ /peliculas/el-gran-falsificador-2025/index.html (+69ms)
10:03:57   ├─ /peliculas/un-trago-de-infierno-2024/index.html (+66ms)
10:03:57   ├─ /peliculas/my-neighbor-totoro-1988/index.html (+65ms)
10:03:57   ├─ /peliculas/la-voluntad-de-dios-2026/index.html (+72ms)
10:03:57   ├─ /peliculas/guerra-de-novias-2009/index.html (+75ms)
10:03:57   ├─ /peliculas/camp-rock-3-2026/index.html (+64ms)
10:03:58   ├─ /peliculas/el-turno-del-papa-2026/index.html (+66ms)
10:03:58   ├─ /peliculas/my-best-friend-his-girlfriend-and-me-2026/index.html (+66ms)
10:03:58   ├─ /peliculas/mystery-arena-2026/index.html (+66ms)
10:03:58   ├─ /peliculas/no-se-desea-buena-suerte-2026/index.html (+65ms)
10:03:58   ├─ /peliculas/bugonia-2025/index.html (+69ms)
10:03:58   ├─ /peliculas/los-muertos-no-mueren-2019/index.html (+65ms)
10:03:58   ├─ /peliculas/adolescencia-sexo-y-muerte-en-campamento-miasma-2026/index.html (+65ms)
10:03:58   ├─ /peliculas/el-final-de-la-calle-oak-2026/index.html (+66ms)
10:03:58   ├─ /peliculas/esto-aquello-y-todo-lo-demas-2026/index.html (+63ms)
10:03:58   ├─ /peliculas/insaciable-2026/index.html (+67ms)
10:03:58   ├─ /peliculas/paw-patrol-la-dino-pelicula-2026/index.html (+70ms)
10:03:58   ├─ /peliculas/travis-barker-mas-alla-del-miedo-2026/index.html (+63ms)
10:03:58   ├─ /peliculas/un-hijo-propio-2026/index.html (+67ms)
10:03:58   ├─ /peliculas/yo-narciso-2026/index.html (+64ms)
10:03:58   ├─ /peliculas/sin-ley-2025/index.html (+67ms)
10:03:59   ├─ /peliculas/nando-entre-dos-mundos-2026/index.html (+64ms)
10:03:59   ├─ /peliculas/la-heroina-del-lazo-2026/index.html (+65ms)
10:03:59   ├─ /peliculas/main-vaapas-aaunga-2026/index.html (+64ms)
10:03:59   ├─ /peliculas/animales-2026/index.html (+65ms)
10:03:59   ├─ /peliculas/carrera-de-bestias-2026/index.html (+64ms)
10:03:59   ├─ /peliculas/el-huesped-oculto-2026/index.html (+65ms)
10:03:59   ├─ /peliculas/la-ultima-casa-2026/index.html (+66ms)
10:03:59   ├─ /peliculas/escuadron-letal-2025/index.html (+65ms)
10:03:59   ├─ /peliculas/los-aitas-2025/index.html (+68ms)
10:03:59   ├─ /peliculas/los-mejores-de-manila-2025/index.html (+66ms)
10:03:59   ├─ /peliculas/la-cura-siniestra-2017/index.html (+65ms)
10:03:59   ├─ /peliculas/la-fuente-de-la-vida-2006/index.html (+68ms)
10:03:59   ├─ /peliculas/ateez-light-the-way-in-cinemas-2026/index.html (+63ms)
10:03:59   ├─ /peliculas/canelones-2026/index.html (+63ms)
10:03:59   ├─ /peliculas/el-dia-d-bajo-presion-2026/index.html (+67ms)
10:03:59   ├─ /peliculas/engendro-2026/index.html (+66ms)
10:04:00   ├─ /peliculas/katseye-wild-hearts-2026/index.html (+64ms)
10:04:00   ├─ /peliculas/la-invitacion-2026/index.html (+64ms)
10:04:00   ├─ /peliculas/franz-2025/index.html (+65ms)
10:04:00   ├─ /peliculas/nimrods-a-green-day-comedy-2025/index.html (+74ms)
10:04:00   ├─ /peliculas/el-escandalo-de-trustor-desde-dentro-2026/index.html (+66ms)
10:04:00   ├─ /peliculas/psycho-killer-2026/index.html (+70ms)
10:04:00   ├─ /peliculas/jujutsu-kaisen-0-2021/index.html (+63ms)
10:04:00   ├─ /peliculas/palm-springs-2020/index.html (+70ms)
10:04:00   ├─ /peliculas/un-comeback-salvaje-2026/index.html (+66ms)
10:04:00   ├─ /peliculas/clika-2026/index.html (+64ms)
10:04:00   ├─ /peliculas/luchadores-2-2026/index.html (+63ms)
10:04:00   ├─ /peliculas/five-nights-at-freddys-2-2025/index.html (+68ms)
10:04:00   ├─ /peliculas/fantastico-sr-fox-2009/index.html (+65ms)
10:04:00   ├─ /peliculas/la-tierra-explota-2026/index.html (+67ms)
10:04:00   ├─ /peliculas/spider-man-brand-new-day-2026/index.html (+69ms)
10:04:01   ├─ /peliculas/wham-10-days-in-china-2026/index.html (+64ms)
10:04:01   ├─ /peliculas/los-domingos-2025/index.html (+68ms)
10:04:01   ├─ /peliculas/marianela-y-el-cadaver-2024/index.html (+66ms)
10:04:01   ├─ /peliculas/el-diablo-viste-a-la-moda-2-2026/index.html (+66ms)
10:04:01   ├─ /peliculas/la-boca-del-diablo-2026/index.html (+67ms)
10:04:01   ├─ /peliculas/guardianes-de-la-noche-la-fortaleza-infinita-2025/index.html (+69ms)
10:04:01   ├─ /peliculas/avatar-la-leyenda-de-aang-2026/index.html (+71ms)
10:04:01   ├─ /peliculas/barbarian-2022/index.html (+64ms)
10:04:01   ├─ /peliculas/72-hours-2026/index.html (+67ms)
10:04:01   ├─ /peliculas/dink-2026/index.html (+64ms)
10:04:01   ├─ /peliculas/los-creyentes-2026/index.html (+65ms)
10:04:01   ├─ /peliculas/elize-sombras-de-una-mujer-2026/index.html (+67ms)
10:04:01   ├─ /peliculas/thelma-la-venganza-nunca-ha-sido-tan-dulce-2024/index.html (+66ms)
10:04:01   ├─ /peliculas/el-ultimo-duelo-2021/index.html (+63ms)
10:04:01   ├─ /peliculas/23-000-vidas-2026/index.html (+66ms)
10:04:02   ├─ /peliculas/deseo-2026/index.html (+72ms)
10:04:02   ├─ /peliculas/heartstopper-para-siempre-2026/index.html (+69ms)
10:04:02   ├─ /peliculas/los-descendientes-viaje-al-mundo-oscuro-2026/index.html (+65ms)
10:04:02   ├─ /peliculas/dias-extranos-1995/index.html (+65ms)
10:04:02   ├─ /peliculas/la-odisea-2026/index.html (+68ms)
10:04:02   ├─ /peliculas/golden-kamuy-the-abashiri-prison-raid-2026/index.html (+66ms)
10:04:02   ├─ /peliculas/susana-y-elvira-sin-plan-b-2026/index.html (+63ms)
10:04:02   ├─ /peliculas/evil-dead-en-llamas-2026/index.html (+83ms)
10:04:02   ├─ /peliculas/los-caminantes-de-la-calle-2026/index.html (+72ms)
10:04:02   ├─ /peliculas/moana-live-action-2026/index.html (+63ms)
10:04:02   ├─ /peliculas/dos-pianos-2025/index.html (+64ms)
10:04:02   ├─ /peliculas/hasta-el-final-2026/index.html (+72ms)
10:04:02   ├─ /peliculas/el-afinador-2026/index.html (+68ms)
10:04:02   ├─ /peliculas/minions-monstruos-2026/index.html (+62ms)
10:04:03   ├─ /peliculas/enola-holmes-3-2026/index.html (+65ms)
10:04:03   ├─ /peliculas/chris-y-martina-el-set-decisivo-2026/index.html (+64ms)
10:04:03   ├─ /peliculas/bleach-thousand-year-blood-war-the-calamity-2026/index.html (+63ms)
10:04:03   ├─ /peliculas/jackass-la-ultima-y-nos-vamos-2026/index.html (+66ms)
10:04:03   ├─ /peliculas/leviticus-ritual-de-sangre-2026/index.html (+66ms)
10:04:03   ├─ /peliculas/los-colores-del-tiempo-2026/index.html (+65ms)
10:04:03   ├─ /peliculas/in-the-hand-of-dante-2026/index.html (+65ms)
10:04:03   ├─ /peliculas/mensajes-de-voz-para-isabelle-2026/index.html (+66ms)
10:04:03   ├─ /peliculas/kobayashi-san-chi-no-maid-dragon-samishigariya-no-ryuu-2025/index.html (+70ms)
10:04:03   ├─ /peliculas/zombie-land-saga-yumeginga-paradise-2025/index.html (+67ms)
10:04:03   ├─ /peliculas/color-book-2024/index.html (+66ms)
10:04:03   ├─ /peliculas/toy-story-5-2026/index.html (+66ms)
10:04:03   ├─ /peliculas/your-fault-london-2026/index.html (+64ms)
10:04:03   ├─ /peliculas/letras-robadas-2026/index.html (+67ms)
10:04:03   ├─ /peliculas/las-100-noches-del-deseo-2025/index.html (+67ms)
10:04:03   ├─ /peliculas/tetracampeones-brasil-volvio-a-creer-2026/index.html (+66ms)
10:04:04   ├─ /peliculas/scarlet-2025/index.html (+64ms)
10:04:04   ├─ /peliculas/mexico-86-2026/index.html (+68ms)
10:04:04   ├─ /peliculas/office-romance-2026/index.html (+66ms)
10:04:04   ├─ /peliculas/rio-de-sangre-2026/index.html (+66ms)
10:04:04   ├─ /peliculas/the-marked-woman-2026/index.html (+70ms)
10:04:04   ├─ /peliculas/pillion-2025/index.html (+65ms)
10:04:04   ├─ /peliculas/amos-del-universo-2026/index.html (+79ms)
10:04:04   ├─ /peliculas/el-pequeno-ninja-el-origen-2026/index.html (+64ms)
10:04:04   ├─ /peliculas/los-bobos-2026/index.html (+64ms)
10:04:04   ├─ /peliculas/poldi-2026/index.html (+65ms)
10:04:04   ├─ /peliculas/scary-movie-6-2026/index.html (+68ms)
10:04:04   ├─ /peliculas/the-amazing-digital-circus-el-ultimo-acto-2026/index.html (+64ms)
10:04:04   ├─ /peliculas/hoppers-2026/index.html (+63ms)
10:04:04   ├─ /peliculas/risa-y-la-cabina-del-viento-2025/index.html (+64ms)
10:04:04   ├─ /peliculas/topuria-matador-2024/index.html (+64ms)
10:04:05   ├─ /peliculas/roofman-un-buen-ladron-2025/index.html (+65ms)
10:04:05   ├─ /peliculas/ven-a-volar-conmigo-2026/index.html (+65ms)
10:04:05   ├─ /peliculas/amarga-navidad-2026/index.html (+65ms)
10:04:05   ├─ /peliculas/backrooms-2026/index.html (+64ms)
10:04:05   ├─ /peliculas/alpha-2025/index.html (+64ms)
10:04:05   ├─ /peliculas/dolly-juega-contigo-2025/index.html (+65ms)
10:04:05   ├─ /peliculas/el-gran-arco-2025/index.html (+63ms)
10:04:05   ├─ /peliculas/ella-y-su-hijo-2025/index.html (+64ms)
10:04:05   ├─ /peliculas/zona-de-riesgo-2025/index.html (+64ms)
10:04:05   ├─ /peliculas/howls-moving-castle-2004/index.html (+66ms)
10:04:05   ├─ /peliculas/aida-y-vuelta-2026/index.html (+64ms)
10:04:05   ├─ /peliculas/las-damas-primero-2026/index.html (+64ms)
10:04:05   ├─ /peliculas/el-partido-2026/index.html (+70ms)
10:04:05   ├─ /peliculas/el-pasajero-del-diablo-2026/index.html (+68ms)
10:04:05   ├─ /peliculas/nada-entre-los-dos-2026/index.html (+64ms)
10:04:06   ├─ /peliculas/en-la-zona-gris-2026/index.html (+63ms)
10:04:06   ├─ /peliculas/obsesion-2026/index.html (+65ms)
10:04:06   ├─ /peliculas/exit-8-2025/index.html (+65ms)
10:04:06   ├─ /peliculas/umamusume-pretty-derby-2024/index.html (+69ms)
10:04:06   ├─ /peliculas/the-punisher-one-last-kill-2026/index.html (+72ms)
10:04:06   ├─ /peliculas/overlord-el-reino-sagrado-2024/index.html (+73ms)
10:04:06   ├─ /peliculas/no-es-pais-para-solteros-2026/index.html (+64ms)
10:04:06   ├─ /peliculas/remarkably-bright-creatures-2026/index.html (+65ms)
10:04:06   ├─ /peliculas/marty-supreme-2025/index.html (+64ms)
10:04:06   ├─ /peliculas/playa-de-lobos-2025/index.html (+66ms)
10:04:06   ├─ /peliculas/hokum-la-maldicion-de-la-bruja-2026/index.html (+63ms)
10:04:06   ├─ /peliculas/las-ovejas-detectives-2026/index.html (+66ms)
10:04:06   ├─ /peliculas/lipan-2026/index.html (+69ms)
10:04:06   ├─ /peliculas/mortal-kombat-ii-2026/index.html (+69ms)
10:04:06   ├─ /peliculas/sangre-asesina-2026/index.html (+66ms)
10:04:07   ├─ /peliculas/suenos-de-oslo-2024/index.html (+65ms)
10:04:07   ├─ /peliculas/la-larga-marcha-2025/index.html (+64ms)
10:04:07   ├─ /peliculas/el-yerno-2026/index.html (+73ms)
10:04:07   ├─ /peliculas/mi-querida-senorita-2026/index.html (+64ms)
10:04:07   ├─ /peliculas/swapped-2026/index.html (+65ms)
10:04:07   ├─ /peliculas/apex-2026/index.html (+64ms)
10:04:07   ├─ /peliculas/el-mago-de-kremlin-2026/index.html (+63ms)
10:04:07   ├─ /peliculas/michael-2026/index.html (+63ms)
10:04:07   ├─ /peliculas/yiya-murano-muerte-a-la-hora-del-te-2026/index.html (+63ms)
10:04:07   ├─ /peliculas/companeras-de-cuarto-2026/index.html (+63ms)
10:04:07   ├─ /peliculas/la-caja-azul-2026/index.html (+64ms)
10:04:07   ├─ /peliculas/la-posesion-de-la-momia-2026/index.html (+64ms)
10:04:07   ├─ /peliculas/sarahs-oil-el-oro-negro-2025/index.html (+65ms)
10:04:07   ├─ /peliculas/outcome-2026/index.html (+68ms)
10:04:07   ├─ /peliculas/buena-suerte-diviertete-no-mueras-2026/index.html (+65ms)
10:04:08   ├─ /peliculas/the-drama-2026/index.html (+68ms)
10:04:08   ├─ /peliculas/la-casaca-de-dios-2026/index.html (+68ms)
10:04:08   ├─ /peliculas/torrente-presidente-2026/index.html (+64ms)
10:04:08   ├─ /peliculas/padre-madre-hermana-hermano-2025/index.html (+63ms)
10:04:08   ├─ /peliculas/la-vida-de-chuck-2025/index.html (+67ms)
10:04:08   ├─ /peliculas/jugada-maestra-2026/index.html (+65ms)
10:04:08   ├─ /peliculas/super-mario-galaxy-2026/index.html (+67ms)
10:04:08   ├─ /peliculas/el-ultimo-gigante-2026/index.html (+65ms)
10:04:08   ├─ /peliculas/53-domingos-2026/index.html (+63ms)
10:04:08   ├─ /peliculas/te-van-a-matar-2026/index.html (+65ms)
10:04:08   ├─ /peliculas/nuremberg-2025/index.html (+66ms)
10:04:08   ├─ /peliculas/pretty-lethal-2026/index.html (+69ms)
10:04:08   ├─ /peliculas/peaky-blinders-the-immortal-man-2026/index.html (+64ms)
10:04:08   ├─ /peliculas/boda-sangrienta-2-2026/index.html (+65ms)
10:04:08   ├─ /peliculas/project-hail-mary-2026/index.html (+66ms)
10:04:08   ├─ /peliculas/undertone-frecuencia-maldita-2026/index.html (+64ms)
10:04:09   ├─ /peliculas/a-new-dawn-2026/index.html (+65ms)
10:04:09   ├─ /peliculas/war-machine-2026/index.html (+71ms)
10:04:09   ├─ /peliculas/parque-lezama-2026/index.html (+64ms)
10:04:09   ├─ /peliculas/protector-2026/index.html (+65ms)
10:04:09   ├─ /peliculas/the-bride-2026/index.html (+63ms)
10:04:09   ├─ /peliculas/othello-2026/index.html (+66ms)
10:04:09   ├─ /peliculas/gente-que-conocemos-en-vacaciones-2026/index.html (+66ms)
10:04:09   ├─ /peliculas/scream-7-2026/index.html (+67ms)
10:04:09   ├─ /peliculas/that-time-i-got-reincarnated-as-a-slime-tears-of-the-azure-sea-2026/index.html (+64ms)
10:04:09   ├─ /peliculas/el-agente-secreto-2025/index.html (+64ms)
10:04:09   ├─ /peliculas/el-botin-the-rip-2026/index.html (+79ms)
10:04:09   ├─ /peliculas/the-swedish-connection-2026/index.html (+65ms)
10:04:09   ├─ /peliculas/crime-101-2026/index.html (+66ms)
10:04:09   ├─ /peliculas/eternity-2026/index.html (+66ms)
10:04:09   ├─ /peliculas/goat-2026/index.html (+66ms)
10:04:10   ├─ /peliculas/cumbres-borrascosas-2026/index.html (+65ms)
10:04:10   ├─ /peliculas/dracula-2026/index.html (+67ms)
10:04:10   ├─ /peliculas/solo-mio-2026/index.html (+70ms)
10:04:10   ├─ /peliculas/the-strangers-chapter-3-2026/index.html (+65ms)
10:04:10   ├─ /peliculas/whistle-2026/index.html (+63ms)
10:04:10   ├─ /peliculas/iron-lung-2026/index.html (+67ms)
10:04:10   ├─ /peliculas/send-help-2026/index.html (+64ms)
10:04:10   ├─ /peliculas/shelter-2026/index.html (+65ms)
10:04:10   ├─ /peliculas/the-wrecking-crew-2026/index.html (+65ms)
10:04:10   ├─ /peliculas/mercy-2026/index.html (+64ms)
10:04:10   ├─ /peliculas/return-to-silent-hill-2026/index.html (+65ms)
10:04:10   ├─ /peliculas/la-princesa-kaguya-del-cosmos-2026/index.html (+66ms)
10:04:10   ├─ /peliculas/28-years-later-the-bone-temple-2026/index.html (+63ms)
10:04:10   ├─ /peliculas/cortafuego-2026/index.html (+64ms)
10:04:10   ├─ /peliculas/greenland-2-migration-2026/index.html (+65ms)
10:04:11   ├─ /peliculas/primate-2026/index.html (+65ms)
10:04:11   ├─ /peliculas/we-bury-the-dead-2026/index.html (+65ms)
10:04:11   ├─ /peliculas/unmarry-2025/index.html (+66ms)
10:04:11   ├─ /peliculas/the-plague-2025/index.html (+64ms)
10:04:11   ├─ /peliculas/jay-kelly-2025/index.html (+67ms)
10:04:11   ├─ /peliculas/christy-el-combate-de-su-vida-2025/index.html (+64ms)
10:04:11   ├─ /peliculas/el-conjuro-4-ultimos-ritos-2025/index.html (+63ms)
10:04:11   ├─ /peliculas/sintio-algo-verdadero-2025/index.html (+66ms)
10:04:11   ├─ /peliculas/y-donde-esta-el-policia-2025/index.html (+65ms)
10:04:11   ├─ /peliculas/happy-gilmore-2-2025/index.html (+67ms)
10:04:11   ├─ /peliculas/los-tipos-malos-2-2025/index.html (+63ms)
10:04:11   ├─ /peliculas/40-acres-2024/index.html (+65ms)
10:04:11   ├─ /peliculas/agente-infiltrado-2025/index.html (+64ms)
10:04:11   ├─ /peliculas/28-years-later-2025/index.html (+68ms)
10:04:11   ├─ /peliculas/a-minecraft-movie-2025/index.html (+64ms)
10:04:12   ├─ /peliculas/adios-june-2025/index.html (+64ms)
10:04:12   ├─ /peliculas/avatar-fuego-y-cenizas-2025/index.html (+65ms)
10:04:12   ├─ /peliculas/back-in-action-2025/index.html (+68ms)
10:04:12   ├─ /peliculas/ballerina-2025/index.html (+65ms)
10:04:12   ├─ /peliculas/belen-2025/index.html (+62ms)
10:04:12   ├─ /peliculas/black-bag-2025/index.html (+66ms)
10:04:12   ├─ /peliculas/captain-america-brave-new-world-2025/index.html (+65ms)
10:04:12   ├─ /peliculas/chainsaw-man-the-movie-reze-arc-2025/index.html (+64ms)
10:04:12   ├─ /peliculas/companion-2025/index.html (+72ms)
10:04:12   ├─ /peliculas/demon-slayer-kimetsu-no-yaiba-infinity-castle-2025/index.html (+67ms)
10:04:12   ├─ /peliculas/drop-2025/index.html (+64ms)
10:04:12   ├─ /peliculas/echo-valley-2025/index.html (+66ms)
10:04:12   ├─ /peliculas/elio-2025/index.html (+65ms)
10:04:12   ├─ /peliculas/f1-the-movie-2025/index.html (+67ms)
10:04:12   ├─ /peliculas/fear-street-prom-queen-2025/index.html (+66ms)
10:04:12   ├─ /peliculas/final-destination-bloodlines-2025/index.html (+67ms)
10:04:13   ├─ /peliculas/frankenstein-2025/index.html (+65ms)
10:04:13   ├─ /peliculas/g20-2025/index.html (+66ms)
10:04:13   ├─ /peliculas/hamnet-2025/index.html (+64ms)
10:04:13   ├─ /peliculas/havoc-2025/index.html (+64ms)
10:04:13   ├─ /peliculas/heart-eyes-2025/index.html (+63ms)
10:04:13   ├─ /peliculas/homo-argentum-2025/index.html (+67ms)
10:04:13   ├─ /peliculas/how-to-train-your-dragon-2025/index.html (+64ms)
10:04:13   ├─ /peliculas/jurassic-world-rebirth-2025/index.html (+65ms)
10:04:13   ├─ /peliculas/karate-kid-legends-2025/index.html (+64ms)
10:04:13   ├─ /peliculas/kpop-demon-hunters-2025/index.html (+65ms)
10:04:13   ├─ /peliculas/lilo-and-stitch-2025/index.html (+66ms)
10:04:13   ├─ /peliculas/los-ilusionistas-3-2025/index.html (+66ms)
10:04:13   ├─ /peliculas/m3gan-2-0-2025/index.html (+63ms)
10:04:13   ├─ /peliculas/me-has-robado-el-corazon-2025/index.html (+67ms)
10:04:13   ├─ /peliculas/mickey-17-2025/index.html (+64ms)
10:04:14   ├─ /peliculas/mission-impossible-the-final-reckoning-2025/index.html (+67ms)
10:04:14   ├─ /peliculas/mountainhead-2025/index.html (+65ms)
10:04:14   ├─ /peliculas/novocaine-2025/index.html (+66ms)
10:04:14   ├─ /peliculas/one-battle-after-another-2025/index.html (+65ms)
10:04:14   ├─ /peliculas/opus-2025/index.html (+65ms)
10:04:14   ├─ /peliculas/otro-viernes-de-locos-2025/index.html (+66ms)
10:04:14   ├─ /peliculas/sinners-2025/index.html (+64ms)
10:04:14   ├─ /peliculas/snow-white-2025/index.html (+66ms)
10:04:14   ├─ /peliculas/superman-2025/index.html (+66ms)
10:04:14   ├─ /peliculas/the-accountant-2-2025/index.html (+69ms)
10:04:14   ├─ /peliculas/the-amateur-2025/index.html (+67ms)
10:04:14   ├─ /peliculas/the-electric-state-2025/index.html (+66ms)
10:04:14   ├─ /peliculas/the-fantastic-four-first-steps-2025/index.html (+64ms)
10:04:14   ├─ /peliculas/the-gorge-2025/index.html (+65ms)
10:04:14   ├─ /peliculas/the-housemaid-2025/index.html (+63ms)
10:04:15   ├─ /peliculas/the-monkey-2025/index.html (+76ms)
10:04:15   ├─ /peliculas/the-woman-in-the-yard-2025/index.html (+63ms)
10:04:15   ├─ /peliculas/thunderbolts-2025/index.html (+65ms)
10:04:15   ├─ /peliculas/together-juntos-hasta-la-muerte-2025/index.html (+64ms)
10:04:15   ├─ /peliculas/tron-ares-2025/index.html (+67ms)
10:04:15   ├─ /peliculas/until-dawn-2025/index.html (+65ms)
10:04:15   ├─ /peliculas/valor-sentimental-2025/index.html (+63ms)
10:04:15   ├─ /peliculas/weapons-2025/index.html (+65ms)
10:04:15   ├─ /peliculas/wicked-for-good-2025/index.html (+63ms)
10:04:15   ├─ /peliculas/wolf-man-2025/index.html (+64ms)
10:04:15   ├─ /peliculas/zootopia-2-2025/index.html (+66ms)
10:04:15   ├─ /peliculas/sonic-3-la-pelicula-2024/index.html (+66ms)
10:04:15   ├─ /peliculas/aun-estoy-aqui-2024/index.html (+65ms)
10:04:15   ├─ /peliculas/music-by-john-williams-2024/index.html (+63ms)
10:04:15   ├─ /peliculas/la-luz-que-imaginamos-2024/index.html (+64ms)
10:04:15   ├─ /peliculas/super-man-the-christopher-reeve-story-2024/index.html (+64ms)
10:04:16   ├─ /peliculas/the-substance-2024/index.html (+64ms)
10:04:16   ├─ /peliculas/will-y-harper-2024/index.html (+65ms)
10:04:16   ├─ /peliculas/la-habitacion-de-al-lado-2024/index.html (+63ms)
10:04:16   ├─ /peliculas/borderlands-el-destino-del-universo-esta-en-juego-2024/index.html (+65ms)
10:04:16   ├─ /peliculas/los-justos-2024/index.html (+65ms)
10:04:16   ├─ /peliculas/jim-henson-idea-man-2024/index.html (+69ms)
10:04:16   ├─ /peliculas/frida-2024/index.html (+64ms)
10:04:16   ├─ /peliculas/spaceman-2024/index.html (+67ms)
10:04:16   ├─ /peliculas/a-quiet-place-day-one-2024/index.html (+64ms)
10:04:16   ├─ /peliculas/a-real-pain-2024/index.html (+64ms)
10:04:16   ├─ /peliculas/alien-romulus-2024/index.html (+64ms)
10:04:16   ├─ /peliculas/am-i-ok-2024/index.html (+66ms)
10:04:16   ├─ /peliculas/anora-2024/index.html (+65ms)
10:04:16   ├─ /peliculas/bad-boys-ride-or-die-2024/index.html (+65ms)
10:04:16   ├─ /peliculas/beetlejuice-beetlejuice-2024/index.html (+68ms)
10:04:17   ├─ /peliculas/beverly-hills-cop-axel-f-2024/index.html (+65ms)
10:04:17   ├─ /peliculas/carry-on-2024/index.html (+63ms)
10:04:17   ├─ /peliculas/challengers-2024/index.html (+64ms)
10:04:17   ├─ /peliculas/civil-war-2024/index.html (+63ms)
10:04:17   ├─ /peliculas/conclave-2024/index.html (+66ms)
10:04:17   ├─ /peliculas/deadpool-and-wolverine-2024/index.html (+70ms)
10:04:17   ├─ /peliculas/dune-part-two-2024/index.html (+71ms)
10:04:17   ├─ /peliculas/el-jockey-2024/index.html (+69ms)
10:04:17   ├─ /peliculas/emilia-perez-2024/index.html (+65ms)
10:04:17   ├─ /peliculas/furiosa-a-mad-max-saga-2024/index.html (+74ms)
10:04:17   ├─ /peliculas/gladiator-ii-2024/index.html (+72ms)
10:04:17   ├─ /peliculas/godzilla-x-kong-the-new-empire-2024/index.html (+64ms)
10:04:17   ├─ /peliculas/despicable-me-4-2024/index.html (+70ms)
10:04:17   ├─ /peliculas/haikyu-the-dumpster-battle-2024/index.html (+64ms)
10:04:17   ├─ /peliculas/here-2024/index.html (+64ms)
10:04:18   ├─ /peliculas/heretic-2024/index.html (+69ms)
10:04:18   ├─ /peliculas/hit-man-2024/index.html (+65ms)
10:04:18   ├─ /peliculas/i-saw-the-tv-glow-2024/index.html (+63ms)
10:04:18   ├─ /peliculas/immaculate-2024/index.html (+63ms)
10:04:18   ├─ /peliculas/inside-out-2-2024/index.html (+65ms)
10:04:18   ├─ /peliculas/joker-folie-a-deux-2024/index.html (+66ms)
10:04:18   ├─ /peliculas/kingdom-of-the-planet-of-the-apes-2024/index.html (+66ms)
10:04:18   ├─ /peliculas/kraven-the-hunter-2024/index.html (+65ms)
10:04:18   ├─ /peliculas/kung-fu-panda-4-2024/index.html (+63ms)
10:04:18   ├─ /peliculas/la-semilla-del-fruto-sagrado-2024/index.html (+67ms)
10:04:18   ├─ /peliculas/longlegs-2024/index.html (+64ms)
10:04:18   ├─ /peliculas/look-back-2024/index.html (+65ms)
10:04:18   ├─ /peliculas/los-chicos-de-la-nickel-2024/index.html (+70ms)
10:04:18   ├─ /peliculas/love-lies-bleeding-2024/index.html (+65ms)
10:04:18   ├─ /peliculas/madame-web-2024/index.html (+65ms)
10:04:19   ├─ /peliculas/megalopolis-2024/index.html (+65ms)
10:04:19   ├─ /peliculas/moana-2-2024/index.html (+63ms)
10:04:19   ├─ /peliculas/monkey-man-2024/index.html (+64ms)
10:04:19   ├─ /peliculas/my-hero-academia-youre-next-2024/index.html (+62ms)
10:04:19   ├─ /peliculas/nosferatu-2024/index.html (+64ms)
10:04:19   ├─ /peliculas/road-house-2024/index.html (+70ms)
10:04:19   ├─ /peliculas/sing-sing-2024/index.html (+65ms)
10:04:19   ├─ /peliculas/smile-2-2024/index.html (+63ms)
10:04:19   ├─ /peliculas/terrifier-3-2024/index.html (+65ms)
10:04:19   ├─ /peliculas/the-apprentice-2024/index.html (+64ms)
10:04:19   ├─ /peliculas/the-beekeeper-2024/index.html (+64ms)
10:04:19   ├─ /peliculas/the-brutalist-2024/index.html (+65ms)
10:04:19   ├─ /peliculas/the-first-omen-2024/index.html (+67ms)
10:04:19   ├─ /peliculas/the-idea-of-you-2024/index.html (+64ms)
10:04:19   ├─ /peliculas/the-instigators-2024/index.html (+67ms)
10:04:19   ├─ /peliculas/the-wild-robot-2024/index.html (+64ms)
10:04:20   ├─ /peliculas/transformers-one-2024/index.html (+66ms)
10:04:20   ├─ /peliculas/turtles-all-the-way-down-2024/index.html (+65ms)
10:04:20   ├─ /peliculas/twisters-2024/index.html (+65ms)
10:04:20   ├─ /peliculas/venom-the-last-dance-2024/index.html (+65ms)
10:04:20   ├─ /peliculas/wicked-2024/index.html (+65ms)
10:04:20   ├─ /peliculas/wolfs-2024/index.html (+77ms)
10:04:20   ├─ /peliculas/desconocidos-2023/index.html (+69ms)
10:04:20   ├─ /peliculas/pollitos-en-fuga-el-origen-2023/index.html (+64ms)
10:04:20   ├─ /peliculas/migracion-un-viaje-patas-arriba-2023/index.html (+65ms)
10:04:20   ├─ /peliculas/poor-things-2023/index.html (+64ms)
10:04:20   ├─ /peliculas/el-mal-no-existe-2023/index.html (+65ms)
10:04:20   ├─ /peliculas/el-hombre-de-los-suenos-2023/index.html (+64ms)
10:04:20   ├─ /peliculas/the-holdovers-2023/index.html (+64ms)
10:04:20   ├─ /peliculas/recuerdos-del-mal-2022/index.html (+64ms)
10:04:20   ├─ /peliculas/trolls-3-todos-juntos-2023/index.html (+65ms)
10:04:21   ├─ /peliculas/the-killer-2023/index.html (+76ms)
10:04:21   ├─ /peliculas/leo-2023/index.html (+67ms)
10:04:21   ├─ /peliculas/coup-de-chance-2023/index.html (+65ms)
10:04:21   ├─ /peliculas/elementos-2023/index.html (+65ms)
10:04:21   ├─ /peliculas/transformers-el-despertar-de-las-bestias-2023/index.html (+64ms)
10:04:21   ├─ /peliculas/vidas-pasadas-2023/index.html (+66ms)
10:04:21   ├─ /peliculas/secretos-de-un-escandalo-2023/index.html (+66ms)
10:04:21   ├─ /peliculas/fast-x-2023/index.html (+65ms)
10:04:21   ├─ /peliculas/murder-mystery-2-2023/index.html (+64ms)
10:04:21   ├─ /peliculas/el-asesino-del-ritual-2023/index.html (+69ms)
10:04:21   ├─ /peliculas/scream-vi-2023/index.html (+65ms)
10:04:21   ├─ /peliculas/embaucadores-2023/index.html (+65ms)
10:04:21   ├─ /peliculas/el-gato-con-botas-el-ultimo-deseo-2022/index.html (+64ms)
10:04:21   ├─ /peliculas/air-2023/index.html (+65ms)
10:04:21   ├─ /peliculas/anatomia-de-una-caida-2023/index.html (+67ms)
10:04:22   ├─ /peliculas/ant-man-and-the-wasp-quantumania-2023/index.html (+65ms)
10:04:22   ├─ /peliculas/aquaman-and-the-lost-kingdom-2023/index.html (+66ms)
10:04:22   ├─ /peliculas/barbie-2023/index.html (+80ms)
10:04:22   ├─ /peliculas/blue-beetle-2023/index.html (+75ms)
10:04:22   ├─ /peliculas/creed-iii-2023/index.html (+75ms)
10:04:22   ├─ /peliculas/cuando-acecha-la-maldad-2023/index.html (+70ms)
10:04:22   ├─ /peliculas/dias-perfectos-2023/index.html (+82ms)
10:04:22   ├─ /peliculas/el-clan-de-hierro-2023/index.html (+72ms)
10:04:22   ├─ /peliculas/en-tierra-de-santos-y-pecadores-2023/index.html (+75ms)
10:04:22   ├─ /peliculas/golda-2023/index.html (+77ms)
10:04:22   ├─ /peliculas/guardians-of-the-galaxy-vol-3-2023/index.html (+79ms)
10:04:22   ├─ /peliculas/indiana-jones-and-the-dial-of-destiny-2023/index.html (+70ms)
10:04:22   ├─ /peliculas/john-wick-chapter-4-2023/index.html (+68ms)
10:04:22   ├─ /peliculas/killers-of-the-flower-moon-2023/index.html (+69ms)
10:04:23   ├─ /peliculas/los-delincuentes-2023/index.html (+71ms)
10:04:23   ├─ /peliculas/maestro-2023/index.html (+68ms)
10:04:23   ├─ /peliculas/mission-impossible-dead-reckoning-part-one-2023/index.html (+65ms)
10:04:23   ├─ /peliculas/napoleon-2023/index.html (+69ms)
10:04:23   ├─ /peliculas/oppenheimer-2023/index.html (+68ms)
10:04:23   ├─ /peliculas/piscina-infinita-2023/index.html (+65ms)
10:04:23   ├─ /peliculas/puan-2023/index.html (+64ms)
10:04:23   ├─ /peliculas/rascal-does-not-dream-of-a-sister-venturing-out-2023/index.html (+64ms)
10:04:23   ├─ /peliculas/resistencia-2023/index.html (+64ms)
10:04:23   ├─ /peliculas/saltburn-2023/index.html (+64ms)
10:04:23   ├─ /peliculas/saw-x-2023/index.html (+75ms)
10:04:23   ├─ /peliculas/shazam-fury-of-the-gods-2023/index.html (+70ms)
10:04:23   ├─ /peliculas/spider-man-across-the-spider-verse-2023/index.html (+65ms)
10:04:23   ├─ /peliculas/spy-x-family-code-white-2023/index.html (+68ms)
10:04:23   ├─ /peliculas/tetris-2023/index.html (+65ms)
10:04:24   ├─ /peliculas/the-boy-and-the-heron-2023/index.html (+67ms)
10:04:24   ├─ /peliculas/the-flash-2023/index.html (+64ms)
10:04:24   ├─ /peliculas/the-marvels-2023/index.html (+66ms)
10:04:24   ├─ /peliculas/the-super-mario-bros-movie-2023/index.html (+64ms)
10:04:24   ├─ /peliculas/the-zone-of-interest-2023/index.html (+66ms)
10:04:24   ├─ /peliculas/wish-2023/index.html (+72ms)
10:04:24   ├─ /peliculas/wonka-2023/index.html (+67ms)
10:04:24   ├─ /peliculas/mundo-extrano-2022/index.html (+64ms)
10:04:24   ├─ /peliculas/the-first-slam-dunk-2022/index.html (+64ms)
10:04:24   ├─ /peliculas/pinocho-de-guillermo-del-toro-2022/index.html (+66ms)
10:04:24   ├─ /peliculas/saint-omer-el-pueblo-contra-laurence-coly-2022/index.html (+63ms)
10:04:24   ├─ /peliculas/el-menu-2022/index.html (+65ms)
10:04:24   ├─ /peliculas/suzume-2022/index.html (+72ms)
10:04:24   ├─ /peliculas/aftersun-2022/index.html (+63ms)
10:04:24   ├─ /peliculas/viaje-al-paraiso-2022/index.html (+65ms)
10:04:25   ├─ /peliculas/el-hijo-2022/index.html (+65ms)
10:04:25   ├─ /peliculas/halloween-ends-2022/index.html (+70ms)
10:04:25   ├─ /peliculas/personality-crisis-one-night-only-2022/index.html (+64ms)
10:04:25   ├─ /peliculas/amsterdam-2022/index.html (+65ms)
10:04:25   ├─ /peliculas/el-triangulo-de-la-tristeza-2022/index.html (+66ms)
10:04:25   ├─ /peliculas/one-piece-film-red-2022/index.html (+64ms)
10:04:25   ├─ /peliculas/dc-liga-de-supermascotas-2022/index.html (+62ms)
10:04:25   ├─ /peliculas/minions-nace-un-villano-2022/index.html (+63ms)
10:04:25   ├─ /peliculas/buena-suerte-leo-grande-2022/index.html (+65ms)
10:04:25   ├─ /peliculas/lightyear-2022/index.html (+65ms)
10:04:25   ├─ /peliculas/hustle-2022/index.html (+64ms)
10:04:25   ├─ /peliculas/bubble-2022/index.html (+63ms)
10:04:25   ├─ /peliculas/los-tipos-malos-2022/index.html (+65ms)
10:04:25   ├─ /peliculas/everything-everywhere-all-at-once-2022/index.html (+66ms)
10:04:25   ├─ /peliculas/ambulance-plan-de-huida-2022/index.html (+80ms)
10:04:26   ├─ /peliculas/red-2022/index.html (+64ms)
10:04:26   ├─ /peliculas/scream-2022/index.html (+67ms)
10:04:26   ├─ /peliculas/all-quiet-on-the-western-front-2022/index.html (+65ms)
10:04:26   ├─ /peliculas/argentina-1985-2022/index.html (+64ms)
10:04:26   ├─ /peliculas/avatar-the-way-of-water-2022/index.html (+64ms)
10:04:26   ├─ /peliculas/black-adam-2022/index.html (+64ms)
10:04:26   ├─ /peliculas/black-panther-wakanda-forever-2022/index.html (+63ms)
10:04:26   ├─ /peliculas/decision-de-partir-2022/index.html (+64ms)
10:04:26   ├─ /peliculas/doctor-strange-in-the-multiverse-of-madness-2022/index.html (+65ms)
10:04:26   ├─ /peliculas/ego-2022/index.html (+68ms)
10:04:26   ├─ /peliculas/el-hombre-del-norte-2022/index.html (+65ms)
10:04:26   ├─ /peliculas/el-hombre-gris-2022/index.html (+62ms)
10:04:26   ├─ /peliculas/el-sastre-de-la-mafia-2022/index.html (+63ms)
10:04:26   ├─ /peliculas/el-suplente-2022/index.html (+65ms)
10:04:26   ├─ /peliculas/elvis-2022/index.html (+66ms)
10:04:27   ├─ /peliculas/fantastic-beasts-the-secrets-of-dumbledore-2022/index.html (+64ms)
10:04:27   ├─ /peliculas/glass-onion-a-knives-out-mystery-2022/index.html (+64ms)
10:04:27   ├─ /peliculas/jurassic-world-dominion-2022/index.html (+66ms)
10:04:27   ├─ /peliculas/la-memoria-de-un-asesino-2022/index.html (+65ms)
10:04:27   ├─ /peliculas/morbius-2022/index.html (+68ms)
10:04:27   ├─ /peliculas/nope-2022/index.html (+63ms)
10:04:27   ├─ /peliculas/pearl-2022/index.html (+64ms)
10:04:27   ├─ /peliculas/pinocho-2022/index.html (+68ms)
10:04:27   ├─ /peliculas/sonic-2-la-pelicula-2022/index.html (+63ms)
10:04:27   ├─ /peliculas/tar-2022/index.html (+67ms)
10:04:27   ├─ /peliculas/terrifier-2-2022/index.html (+77ms)
10:04:27   ├─ /peliculas/the-banshees-of-inisherin-2022/index.html (+70ms)
10:04:27   ├─ /peliculas/the-batman-2022/index.html (+63ms)
10:04:27   ├─ /peliculas/the-fabelmans-2022/index.html (+64ms)
10:04:27   ├─ /peliculas/the-whale-2022/index.html (+66ms)
10:04:28   ├─ /peliculas/thor-love-and-thunder-2022/index.html (+64ms)
10:04:28   ├─ /peliculas/trenque-lauquen-2022/index.html (+64ms)
10:04:28   ├─ /peliculas/uncharted-2022/index.html (+64ms)
10:04:28   ├─ /peliculas/volcanes-la-tragedia-de-katia-y-maurice-krafft-2022/index.html (+66ms)
10:04:28   ├─ /peliculas/sing-2-ven-y-canta-de-nuevo-2021/index.html (+64ms)
10:04:28   ├─ /peliculas/halloween-kills-2021/index.html (+66ms)
10:04:28   ├─ /peliculas/la-peor-persona-del-mundo-2021/index.html (+64ms)
10:04:28   ├─ /peliculas/memoria-2021/index.html (+66ms)
10:04:28   ├─ /peliculas/culpable-2021/index.html (+66ms)
10:04:28   ├─ /peliculas/c-mon-c-mon-siempre-adelante-2021/index.html (+63ms)
10:04:28   ├─ /peliculas/drive-my-car-2021/index.html (+64ms)
10:04:28   ├─ /peliculas/vivo-2021/index.html (+69ms)
10:04:28   ├─ /peliculas/belle-2021/index.html (+64ms)
10:04:28   ├─ /peliculas/titane-2021/index.html (+68ms)
10:04:28   ├─ /peliculas/un-jefe-en-panales-2-negocios-de-familia-2021/index.html (+68ms)
10:04:28   ├─ /peliculas/el-conjuro-3-el-diablo-me-obligo-a-hacerlo-2021/index.html (+65ms)
10:04:29   ├─ /peliculas/los-mitchell-contra-las-maquinas-2021/index.html (+66ms)
10:04:29   ├─ /peliculas/una-noche-de-venganza-2021/index.html (+67ms)
10:04:29   ├─ /peliculas/raya-y-el-ultimo-dragon-2021/index.html (+64ms)
10:04:29   ├─ /peliculas/el-mauritano-2021/index.html (+65ms)
10:04:29   ├─ /peliculas/belfast-2021/index.html (+72ms)
10:04:29   ├─ /peliculas/black-widow-2021/index.html (+71ms)
10:04:29   ├─ /peliculas/censor-2021/index.html (+65ms)
10:04:29   ├─ /peliculas/coda-2021/index.html (+67ms)
10:04:29   ├─ /peliculas/competencia-oficial-2021/index.html (+65ms)
10:04:29   ├─ /peliculas/cruella-2021/index.html (+66ms)
10:04:29   ├─ /peliculas/dont-look-up-2021/index.html (+69ms)
10:04:29   ├─ /peliculas/dune-2021/index.html (+66ms)
10:04:29   ├─ /peliculas/el-caballero-verde-2021/index.html (+64ms)
10:04:29   ├─ /peliculas/el-perro-que-no-calla-2021/index.html (+69ms)
10:04:29   ├─ /peliculas/el-protector-2021/index.html (+65ms)
10:04:30   ├─ /peliculas/encanto-2021/index.html (+71ms)
10:04:30   ├─ /peliculas/eternals-2021/index.html (+67ms)
10:04:30   ├─ /peliculas/f9-the-fast-saga-2021/index.html (+64ms)
10:04:30   ├─ /peliculas/free-guy-2021/index.html (+74ms)
10:04:30   ├─ /peliculas/fue-la-mano-de-dios-2021/index.html (+64ms)
10:04:30   ├─ /peliculas/godzilla-vs-kong-2021/index.html (+62ms)
10:04:30   ├─ /peliculas/home-sweet-home-alone-2021/index.html (+64ms)
10:04:30   ├─ /peliculas/ice-road-2021/index.html (+65ms)
10:04:30   ├─ /peliculas/juegos-inocentes-2021/index.html (+63ms)
10:04:30   ├─ /peliculas/jungle-cruise-2021/index.html (+63ms)
10:04:30   ├─ /peliculas/king-richard-2021/index.html (+65ms)
10:04:30   ├─ /peliculas/la-purga-por-siempre-2021/index.html (+72ms)
10:04:30   ├─ /peliculas/luca-2021/index.html (+65ms)
10:04:30   ├─ /peliculas/macbeth-2021/index.html (+64ms)
10:04:30   ├─ /peliculas/nightmare-alley-2021/index.html (+65ms)
10:04:31   ├─ /peliculas/no-time-to-die-2021/index.html (+70ms)
10:04:31   ├─ /peliculas/pequenos-detalles-2021/index.html (+69ms)
10:04:31   ├─ /peliculas/red-notice-2021/index.html (+66ms)
10:04:31   ├─ /peliculas/shang-chi-and-the-legend-of-the-ten-rings-2021/index.html (+70ms)
10:04:31   ├─ /peliculas/space-jam-a-new-legacy-2021/index.html (+64ms)
10:04:31   ├─ /peliculas/spider-man-no-way-home-2021/index.html (+62ms)
10:04:31   ├─ /peliculas/spiral-from-the-book-of-saw-2021/index.html (+66ms)
10:04:31   ├─ /peliculas/the-matrix-resurrections-2021/index.html (+63ms)
10:04:31   ├─ /peliculas/the-power-of-the-dog-2021/index.html (+66ms)
10:04:31   ├─ /peliculas/the-suicide-squad-2021/index.html (+64ms)
10:04:31   ├─ /peliculas/thunder-force-2021/index.html (+64ms)
10:04:31   ├─ /peliculas/venom-let-there-be-carnage-2021/index.html (+67ms)
10:04:31   ├─ /peliculas/west-side-story-2021/index.html (+66ms)
10:04:31   ├─ /peliculas/zack-snyder-s-justice-league-2021/index.html (+63ms)
10:04:31   ├─ /peliculas/earwig-and-the-witch-2020/index.html (+65ms)
10:04:32   ├─ /peliculas/soul-2020/index.html (+65ms)
10:04:32   ├─ /peliculas/el-padre-2020/index.html (+69ms)
10:04:32   ├─ /peliculas/amor-bodas-y-otros-desastres-2020/index.html (+66ms)
10:04:32   ├─ /peliculas/los-croods-una-nueva-era-2020/index.html (+63ms)
10:04:32   ├─ /peliculas/la-ultima-estafa-2020/index.html (+66ms)
10:04:32   ├─ /peliculas/bienvenidos-a-villa-capri-2017/index.html (+70ms)
10:04:32   ├─ /peliculas/wolfwalkers-espiritu-de-lobo-2020/index.html (+65ms)
10:04:32   ├─ /peliculas/demon-slayer-kimetsu-no-yaiba-the-movie-mugen-train-2020/index.html (+64ms)
10:04:32   ├─ /peliculas/hubie-halloween-2020/index.html (+66ms)
10:04:32   ├─ /peliculas/rifkin-s-festival-2020/index.html (+70ms)
10:04:32   ├─ /peliculas/trolls-2-gira-mundial-2020/index.html (+64ms)
10:04:32   ├─ /peliculas/unidos-2020/index.html (+72ms)
10:04:32   ├─ /peliculas/sonic-la-pelicula-2020/index.html (+64ms)
10:04:32   ├─ /peliculas/el-robo-del-siglo-2020/index.html (+64ms)
10:04:32   ├─ /peliculas/birds-of-prey-and-the-fantabulous-emancipation-of-one-harley-quinn-2020/index.html (+63ms)
10:04:33   ├─ /peliculas/el-profugo-2020/index.html (+63ms)
10:04:33   ├─ /peliculas/estoy-pensando-en-dejarlo-2020/index.html (+64ms)
10:04:33   ├─ /peliculas/la-casa-oscura-2020/index.html (+68ms)
10:04:33   ├─ /peliculas/las-siamesas-2020/index.html (+68ms)
10:04:33   ├─ /peliculas/minari-historia-de-mi-familia-2020/index.html (+66ms)
10:04:33   ├─ /peliculas/nomadland-2020/index.html (+64ms)
10:04:33   ├─ /peliculas/tenet-2020/index.html (+67ms)
10:04:33   ├─ /peliculas/the-new-mutants-2020/index.html (+65ms)
10:04:33   ├─ /peliculas/wonder-woman-1984-2020/index.html (+69ms)
10:04:33   ├─ /peliculas/star-wars-episode-ix-the-rise-of-skywalker-2019/index.html (+66ms)
10:04:33   ├─ /peliculas/los-dos-papas-2019/index.html (+67ms)
10:04:33   ├─ /peliculas/punales-por-la-espalda-2019/index.html (+65ms)
10:04:33   ├─ /peliculas/the-irishman-2019/index.html (+64ms)
10:04:33   ├─ /peliculas/terminator-dark-fate-2019/index.html (+65ms)
10:04:33   ├─ /peliculas/huerfanos-de-brooklyn-2019/index.html (+66ms)
10:04:34   ├─ /peliculas/abominable-2019/index.html (+66ms)
10:04:34   ├─ /peliculas/it-chapter-two-2019/index.html (+66ms)
10:04:34   ├─ /peliculas/uncut-gems-2019/index.html (+64ms)
10:04:34   ├─ /peliculas/fast-and-furious-presents-hobbs-and-shaw-2019/index.html (+65ms)
10:04:34   ├─ /peliculas/the-angry-birds-movie-2-2019/index.html (+68ms)
10:04:34   ├─ /peliculas/a-rainy-day-in-new-york-2019/index.html (+63ms)
10:04:34   ├─ /peliculas/el-tiempo-contigo-2019/index.html (+64ms)
10:04:34   ├─ /peliculas/la-despedida-2019/index.html (+68ms)
10:04:34   ├─ /peliculas/la-vida-secreta-de-tus-mascotas-2-2019/index.html (+65ms)
10:04:34   ├─ /peliculas/las-buenas-intenciones-2019/index.html (+65ms)
10:04:34   ├─ /peliculas/child-s-play-2019/index.html (+65ms)
10:04:34   ├─ /peliculas/rolling-thunder-revue-a-bob-dylan-story-by-martin-scorsese-2019/index.html (+69ms)
10:04:34   ├─ /peliculas/parasite-2019/index.html (+65ms)
10:04:34   ├─ /peliculas/murder-mystery-2019/index.html (+69ms)
10:04:34   ├─ /peliculas/gloria-bell-2019/index.html (+66ms)
10:04:34   ├─ /peliculas/how-to-train-your-dragon-the-hidden-world-2019/index.html (+71ms)
10:04:35   ├─ /peliculas/la-gran-aventura-lego-2-2019/index.html (+64ms)
10:04:35   ├─ /peliculas/glass-cristal-2019/index.html (+64ms)
10:04:35   ├─ /peliculas/aladdin-2019/index.html (+65ms)
10:04:35   ├─ /peliculas/avengers-endgame-2019/index.html (+64ms)
10:04:35   ├─ /peliculas/captain-marvel-2019/index.html (+73ms)
10:04:35   ├─ /peliculas/cats-2019/index.html (+64ms)
10:04:35   ├─ /peliculas/dark-phoenix-2019/index.html (+66ms)
10:04:35   ├─ /peliculas/dumbo-2019/index.html (+65ms)
10:04:35   ├─ /peliculas/el-cuento-de-las-comadrejas-2019/index.html (+63ms)
10:04:35   ├─ /peliculas/el-faro-2019/index.html (+66ms)
10:04:35   ├─ /peliculas/el-sonido-del-metal-2019/index.html (+63ms)
10:04:35   ├─ /peliculas/john-wick-chapter-3-parabellum-2019/index.html (+68ms)
10:04:35   ├─ /peliculas/joker-2019/index.html (+65ms)
10:04:35   ├─ /peliculas/la-cabana-siniestra-2019/index.html (+65ms)
10:04:35   ├─ /peliculas/la-odisea-de-los-giles-2019/index.html (+65ms)
10:04:36   ├─ /peliculas/lazos-de-familia-2019/index.html (+67ms)
10:04:36   ├─ /peliculas/los-sonambulos-2019/index.html (+66ms)
10:04:36   ├─ /peliculas/midsommar-el-terror-no-espera-la-noche-2019/index.html (+65ms)
10:04:36   ├─ /peliculas/once-upon-a-time-in-hollywood-2019/index.html (+68ms)
10:04:36   ├─ /peliculas/retrato-de-una-mujer-en-llamas-2019/index.html (+64ms)
10:04:36   ├─ /peliculas/shazam-2019/index.html (+63ms)
10:04:36   ├─ /peliculas/spider-man-far-from-home-2019/index.html (+65ms)
10:04:36   ├─ /peliculas/the-assistant-2019/index.html (+66ms)
10:04:36   ├─ /peliculas/the-vast-of-night-2019/index.html (+65ms)
10:04:36   ├─ /peliculas/toy-story-4-2019/index.html (+65ms)
10:04:36   ├─ /peliculas/velvet-buzzsaw-2019/index.html (+64ms)
10:04:36   ├─ /peliculas/venganza-bajo-cero-2019/index.html (+67ms)
10:04:36   ├─ /peliculas/el-vicepresidente-mas-alla-del-poder-2018/index.html (+64ms)
10:04:36   ├─ /peliculas/dragon-ball-super-broly-2018/index.html (+64ms)
10:04:36   ├─ /peliculas/la-mula-2018/index.html (+66ms)
10:04:37   ├─ /peliculas/la-favorita-2018/index.html (+69ms)
10:04:37   ├─ /peliculas/green-book-2018/index.html (+66ms)
10:04:37   ├─ /peliculas/fantastic-beasts-the-crimes-of-grindelwald-2018/index.html (+65ms)
10:04:37   ├─ /peliculas/el-grinch-2018/index.html (+65ms)
10:04:37   ├─ /peliculas/halloween-2018/index.html (+63ms)
10:04:37   ├─ /peliculas/mission-impossible-fallout-2018/index.html (+64ms)
10:04:37   ├─ /peliculas/hotel-transylvania-3-summer-vacation-2018/index.html (+64ms)
10:04:37   ├─ /peliculas/jurassic-world-fallen-kingdom-2018/index.html (+66ms)
10:04:37   ├─ /peliculas/los-increibles-2-2018/index.html (+64ms)
10:04:37   ├─ /peliculas/hotel-de-criminales-2018/index.html (+70ms)
10:04:37   ├─ /peliculas/ocean-s-8-las-estafadoras-2018/index.html (+70ms)
10:04:37   ├─ /peliculas/solo-a-star-wars-story-2018/index.html (+66ms)
10:04:37   ├─ /peliculas/burning-2018/index.html (+67ms)
10:04:37   ├─ /peliculas/the-week-of-2018/index.html (+65ms)
10:04:37   ├─ /peliculas/isla-de-perros-2018/index.html (+65ms)
10:04:38   ├─ /peliculas/ready-player-one-2018/index.html (+64ms)
10:04:38   ├─ /peliculas/aniquilacion-2018/index.html (+80ms)
10:04:38   ├─ /peliculas/no-te-preocupes-no-llegara-lejos-a-pie-2018/index.html (+68ms)
10:04:38   ├─ /peliculas/12-horas-para-sobrevivir-el-inicio-2018/index.html (+68ms)
10:04:38   ├─ /peliculas/ant-man-and-the-wasp-2018/index.html (+64ms)
10:04:38   ├─ /peliculas/aquaman-2018/index.html (+64ms)
10:04:38   ├─ /peliculas/avengers-infinity-war-2018/index.html (+67ms)
10:04:38   ├─ /peliculas/black-panther-2018/index.html (+64ms)
10:04:38   ├─ /peliculas/climax-2018/index.html (+67ms)
10:04:38   ├─ /peliculas/creed-ii-2018/index.html (+66ms)
10:04:38   ├─ /peliculas/deadpool-2-2018/index.html (+66ms)
10:04:38   ├─ /peliculas/el-angel-2018/index.html (+65ms)
10:04:38   ├─ /peliculas/el-pasajero-2018/index.html (+65ms)
10:04:38   ├─ /peliculas/el-primer-hombre-en-la-luna-2018/index.html (+65ms)
10:04:38   ├─ /peliculas/hereditary-2018/index.html (+67ms)
10:04:39   ├─ /peliculas/la-noche-de-12-anos-2018/index.html (+68ms)
10:04:39   ├─ /peliculas/mandy-2018/index.html (+66ms)
10:04:39   ├─ /peliculas/mi-obra-maestra-2018/index.html (+64ms)
10:04:39   ├─ /peliculas/perdona-que-te-moleste-2018/index.html (+65ms)
10:04:39   ├─ /peliculas/rojo-2018/index.html (+66ms)
10:04:39   ├─ /peliculas/spider-man-into-the-spider-verse-2018/index.html (+65ms)
10:04:39   ├─ /peliculas/venom-2018/index.html (+63ms)
10:04:39   ├─ /peliculas/the-post-2017/index.html (+70ms)
10:04:39   ├─ /peliculas/ferdinand-2017/index.html (+64ms)
10:04:39   ├─ /peliculas/star-wars-episode-viii-the-last-jedi-2017/index.html (+66ms)
10:04:39   ├─ /peliculas/the-shape-of-water-2017/index.html (+64ms)
10:04:39   ├─ /peliculas/coco-2017/index.html (+64ms)
10:04:39   ├─ /peliculas/the-breadwinner-el-pan-de-la-guerra-2017/index.html (+65ms)
10:04:39   ├─ /peliculas/el-sacrificio-de-un-ciervo-sagrado-2017/index.html (+67ms)
10:04:39   ├─ /peliculas/wonder-wheel-2017/index.html (+65ms)
10:04:39   ├─ /peliculas/the-meyerowitz-stories-2017/index.html (+66ms)
10:04:40   ├─ /peliculas/el-proyecto-florida-2017/index.html (+65ms)
10:04:40   ├─ /peliculas/cult-of-chucky-2017/index.html (+65ms)
10:04:40   ├─ /peliculas/mas-fuerte-que-el-destino-2017/index.html (+64ms)
10:04:40   ├─ /peliculas/it-2017/index.html (+64ms)
10:04:40   ├─ /peliculas/el-otro-guardaespaldas-2017/index.html (+67ms)
10:04:40   ├─ /peliculas/fireworks-2017/index.html (+68ms)
10:04:40   ├─ /peliculas/war-for-the-planet-of-the-apes-2017/index.html (+72ms)
10:04:40   ├─ /peliculas/mary-and-the-witch-s-flower-2017/index.html (+67ms)
10:04:40   ├─ /peliculas/cars-3-2017/index.html (+66ms)
10:04:40   ├─ /peliculas/mi-villano-favorito-3-2017/index.html (+76ms)
10:04:40   ├─ /peliculas/nunca-estaras-a-salvo-2017/index.html (+65ms)
10:04:40   ├─ /peliculas/pirates-of-the-caribbean-dead-men-tell-no-tales-2017/index.html (+66ms)
10:04:40   ├─ /peliculas/mi-vida-de-calabacin-2016/index.html (+65ms)
10:04:40   ├─ /peliculas/sandy-wexler-2017/index.html (+66ms)
10:04:40   ├─ /peliculas/the-fate-of-the-furious-2017/index.html (+65ms)
10:04:41   ├─ /peliculas/un-golpe-con-estilo-2017/index.html (+64ms)
10:04:41   ├─ /peliculas/un-jefe-en-panales-2017/index.html (+63ms)
10:04:41   ├─ /peliculas/life-vida-2017/index.html (+64ms)
10:04:41   ├─ /peliculas/get-out-2017/index.html (+64ms)
10:04:41   ├─ /peliculas/lego-batman-la-pelicula-2017/index.html (+64ms)
10:04:41   ├─ /peliculas/alien-covenant-2017/index.html (+64ms)
10:04:41   ├─ /peliculas/blade-runner-2049-2017/index.html (+67ms)
10:04:41   ├─ /peliculas/dunkirk-2017/index.html (+64ms)
10:04:41   ├─ /peliculas/el-reverendo-2017/index.html (+66ms)
10:04:41   ├─ /peliculas/el-ritual-2017/index.html (+68ms)
10:04:41   ├─ /peliculas/guardians-of-the-galaxy-vol-2-2017/index.html (+65ms)
10:04:41   ├─ /peliculas/jigsaw-2017/index.html (+68ms)
10:04:41   ├─ /peliculas/john-wick-chapter-2-2017/index.html (+65ms)
10:04:41   ├─ /peliculas/justice-league-2017/index.html (+65ms)
10:04:41   ├─ /peliculas/la-cordillera-2017/index.html (+66ms)
10:04:42   ├─ /peliculas/lady-bird-2017/index.html (+68ms)
10:04:42   ├─ /peliculas/llega-de-noche-2017/index.html (+64ms)
10:04:42   ├─ /peliculas/logan-2017/index.html (+65ms)
10:04:42   ├─ /peliculas/pequena-gran-vida-2017/index.html (+67ms)
10:04:42   ├─ /peliculas/spider-man-homecoming-2017/index.html (+65ms)
10:04:42   ├─ /peliculas/suburbicon-2017/index.html (+65ms)
10:04:42   ├─ /peliculas/the-disaster-artist-2017/index.html (+66ms)
10:04:42   ├─ /peliculas/the-square-2017/index.html (+66ms)
10:04:42   ├─ /peliculas/thor-ragnarok-2017/index.html (+65ms)
10:04:42   ├─ /peliculas/wonder-woman-2017/index.html (+64ms)
10:04:42   ├─ /peliculas/zama-2017/index.html (+65ms)
10:04:42   ├─ /peliculas/silence-2016/index.html (+65ms)
10:04:42   ├─ /peliculas/moana-2016/index.html (+65ms)
10:04:42   ├─ /peliculas/rogue-one-a-star-wars-story-2016/index.html (+65ms)
10:04:42   ├─ /peliculas/la-la-land-2016/index.html (+65ms)
10:04:43   ├─ /peliculas/sing-ven-y-canta-2016/index.html (+66ms)
10:04:43   ├─ /peliculas/fantastic-beasts-and-where-to-find-them-2016/index.html (+67ms)
10:04:43   ├─ /peliculas/arrival-2016/index.html (+68ms)
10:04:43   ├─ /peliculas/trolls-2016/index.html (+65ms)
10:04:43   ├─ /peliculas/moonlight-2016/index.html (+63ms)
10:04:43   ├─ /peliculas/a-silent-voice-2016/index.html (+64ms)
10:04:43   ├─ /peliculas/kubo-y-la-busqueda-del-samurai-2016/index.html (+64ms)
10:04:43   ├─ /peliculas/your-name-2016/index.html (+65ms)
10:04:43   ├─ /peliculas/la-era-de-hielo-choque-de-mundos-2016/index.html (+77ms)
10:04:43   ├─ /peliculas/la-vida-secreta-de-tus-mascotas-2016/index.html (+69ms)
10:04:43   ├─ /peliculas/buscando-a-dory-2016/index.html (+64ms)
10:04:43   ├─ /peliculas/el-conjuro-2-2016/index.html (+65ms)
10:04:43   ├─ /peliculas/the-bfg-2016/index.html (+67ms)
10:04:43   ├─ /peliculas/the-do-over-2016/index.html (+65ms)
10:04:43   ├─ /peliculas/el-plan-de-maggie-2016/index.html (+65ms)
10:04:44   ├─ /peliculas/el-maestro-del-dinero-2016/index.html (+66ms)
10:04:44   ├─ /peliculas/the-angry-birds-movie-2016/index.html (+63ms)
10:04:44   ├─ /peliculas/cafe-society-2016/index.html (+67ms)
10:04:44   ├─ /peliculas/capitan-koblic-2016/index.html (+66ms)
10:04:44   ├─ /peliculas/la-tortuga-roja-2016/index.html (+66ms)
10:04:44   ├─ /peliculas/kung-fu-panda-3-2016/index.html (+67ms)
10:04:44   ├─ /peliculas/mi-abuelo-es-un-peligro-2016/index.html (+64ms)
10:04:44   ├─ /peliculas/snoopy-y-charlie-brown-peanuts-la-pelicula-2015/index.html (+65ms)
10:04:44   ├─ /peliculas/12-horas-para-sobrevivir-el-ano-de-la-eleccion-2016/index.html (+65ms)
10:04:44   ├─ /peliculas/batman-v-superman-dawn-of-justice-2016/index.html (+64ms)
10:04:44   ├─ /peliculas/belleza-inesperada-2016/index.html (+64ms)
10:04:44   ├─ /peliculas/captain-america-civil-war-2016/index.html (+66ms)
10:04:44   ├─ /peliculas/crimenes-oscuros-2016/index.html (+66ms)
10:04:44   ├─ /peliculas/deadpool-2016/index.html (+71ms)
10:04:44   ├─ /peliculas/doctor-strange-2016/index.html (+67ms)
10:04:44   ├─ /peliculas/el-ciudadano-ilustre-2016/index.html (+69ms)
10:04:45   ├─ /peliculas/el-extrano-2016/index.html (+66ms)
10:04:45   ├─ /peliculas/el-vacio-2016/index.html (+64ms)
10:04:45   ├─ /peliculas/la-doncella-2016/index.html (+63ms)
10:04:45   ├─ /peliculas/miss-peregrines-home-for-peculiar-children-2016/index.html (+69ms)
10:04:45   ├─ /peliculas/suicide-squad-2016/index.html (+65ms)
10:04:45   ├─ /peliculas/sully-2016/index.html (+63ms)
10:04:45   ├─ /peliculas/swiss-army-man-2016/index.html (+65ms)
10:04:45   ├─ /peliculas/terrifier-2016/index.html (+64ms)
10:04:45   ├─ /peliculas/the-love-witch-2016/index.html (+65ms)
10:04:45   ├─ /peliculas/x-men-apocalypse-2016/index.html (+66ms)
10:04:45   ├─ /peliculas/anomalisa-2015/index.html (+65ms)
10:04:45   ├─ /peliculas/star-wars-episode-vii-the-force-awakens-2015/index.html (+67ms)
10:04:45   ├─ /peliculas/the-ridiculous-6-2015/index.html (+65ms)
10:04:45   ├─ /peliculas/un-gran-dinosaurio-2015/index.html (+67ms)
10:04:45   ├─ /peliculas/una-dama-sobre-ruedas-2015/index.html (+67ms)
10:04:46   ├─ /peliculas/spotlight-2015/index.html (+68ms)
10:04:46   ├─ /peliculas/la-habitacion-2015/index.html (+65ms)
10:04:46   ├─ /peliculas/bridge-of-spies-2015/index.html (+69ms)
10:04:46   ├─ /peliculas/el-becario-2015/index.html (+67ms)
10:04:46   ├─ /peliculas/hotel-transylvania-2-2015/index.html (+66ms)
10:04:46   ├─ /peliculas/everest-2015/index.html (+75ms)
10:04:46   ├─ /peliculas/la-reina-del-desierto-2015/index.html (+64ms)
10:04:46   ├─ /peliculas/mission-impossible-rogue-nation-2015/index.html (+69ms)
10:04:46   ├─ /peliculas/pixels-2015/index.html (+65ms)
10:04:46   ├─ /peliculas/minions-2015/index.html (+65ms)
10:04:46   ├─ /peliculas/terminator-genisys-2015/index.html (+65ms)
10:04:46   ├─ /peliculas/intensa-mente-2015/index.html (+65ms)
10:04:46   ├─ /peliculas/jurassic-world-2015/index.html (+65ms)
10:04:46   ├─ /peliculas/carol-2015/index.html (+71ms)
10:04:46   ├─ /peliculas/furious-7-2015/index.html (+64ms)
10:04:47   ├─ /peliculas/caballero-de-copas-2015/index.html (+65ms)
10:04:47   ├─ /peliculas/el-francotirador-2015/index.html (+66ms)
10:04:47   ├─ /peliculas/la-pelicula-de-bob-esponja-un-heroe-fuera-del-agua-2015/index.html (+65ms)
10:04:47   ├─ /peliculas/la-bruja-2015/index.html (+64ms)
10:04:47   ├─ /peliculas/ant-man-2015/index.html (+65ms)
10:04:47   ├─ /peliculas/avengers-age-of-ultron-2015/index.html (+63ms)
10:04:47   ├─ /peliculas/creed-2015/index.html (+64ms)
10:04:47   ├─ /peliculas/el-clan-2015/index.html (+66ms)
10:04:47   ├─ /peliculas/el-renacido-2015/index.html (+67ms)
10:04:47   ├─ /peliculas/fantastic-four-2015/index.html (+65ms)
10:04:47   ├─ /peliculas/irrational-man-2015/index.html (+66ms)
10:04:47   ├─ /peliculas/la-dama-de-oro-2015/index.html (+63ms)
10:04:47   ├─ /peliculas/la-invitacion-2015/index.html (+64ms)
10:04:47   ├─ /peliculas/langosta-2015/index.html (+65ms)
10:04:47   ├─ /peliculas/mad-max-fury-road-2015/index.html (+66ms)
10:04:48   ├─ /peliculas/mision-rescate-2015/index.html (+62ms)
10:04:48   ├─ /peliculas/spectre-2015/index.html (+76ms)
10:04:48   ├─ /peliculas/the-hateful-eight-2015/index.html (+68ms)
10:04:48   ├─ /peliculas/the-human-centipede-3-final-sequence-2015/index.html (+66ms)
10:04:48   ├─ /peliculas/truman-2015/index.html (+64ms)
10:04:48   ├─ /peliculas/una-noche-para-sobrevivir-2015/index.html (+64ms)
10:04:48   ├─ /peliculas/los-pinguinos-de-madagascar-2014/index.html (+69ms)
10:04:48   ├─ /peliculas/tonto-y-retonto-2-2014/index.html (+64ms)
10:04:48   ├─ /peliculas/primicia-mortal-2014/index.html (+65ms)
10:04:48   ├─ /peliculas/birdman-or-the-unexpected-virtue-of-ignorance-2014/index.html (+66ms)
10:04:48   ├─ /peliculas/men-women-and-children-2014/index.html (+65ms)
10:04:48   ├─ /peliculas/el-libro-de-la-vida-2014/index.html (+67ms)
10:04:48   ├─ /peliculas/el-patron-radiografia-de-un-crimen-2014/index.html (+64ms)
10:04:48   ├─ /peliculas/whiplash-2014/index.html (+65ms)
10:04:48   ├─ /peliculas/vicio-propio-2014/index.html (+65ms)
10:04:49   ├─ /peliculas/the-cobbler-2014/index.html (+67ms)
10:04:49   ├─ /peliculas/los-boxtrolls-2014/index.html (+82ms)
10:04:49   ├─ /peliculas/dawn-of-the-planet-of-the-apes-2014/index.html (+62ms)
10:04:49   ├─ /peliculas/asi-nos-va-2014/index.html (+63ms)
10:04:49   ├─ /peliculas/magic-in-the-moonlight-2014/index.html (+64ms)
10:04:49   ├─ /peliculas/el-recuerdo-de-marnie-2014/index.html (+64ms)
10:04:49   ├─ /peliculas/la-cancion-del-mar-2014/index.html (+64ms)
10:04:49   ├─ /peliculas/the-50-year-argument-2014/index.html (+64ms)
10:04:49   ├─ /peliculas/blended-2014/index.html (+64ms)
10:04:49   ├─ /peliculas/boulevard-2014/index.html (+67ms)
10:04:49   ├─ /peliculas/rio-2-2014/index.html (+65ms)
10:04:49   ├─ /peliculas/noe-2014/index.html (+66ms)
10:04:49   ├─ /peliculas/redada-asesina-2-2014/index.html (+66ms)
10:04:49   ├─ /peliculas/the-grand-budapest-hotel-2014/index.html (+66ms)
10:04:49   ├─ /peliculas/las-aventuras-de-peabody-y-sherman-2014/index.html (+66ms)
10:04:50   ├─ /peliculas/operacion-monumento-2014/index.html (+64ms)
10:04:50   ├─ /peliculas/la-gran-aventura-lego-2014/index.html (+64ms)
10:04:50   ├─ /peliculas/12-horas-para-sobrevivir-2014/index.html (+68ms)
10:04:50   ├─ /peliculas/babadook-2014/index.html (+68ms)
10:04:50   ├─ /peliculas/betibu-2014/index.html (+68ms)
10:04:50   ├─ /peliculas/big-eyes-2014/index.html (+66ms)
10:04:50   ├─ /peliculas/big-hero-6-2014/index.html (+71ms)
10:04:50   ├─ /peliculas/boyhood-2014/index.html (+65ms)
10:04:50   ├─ /peliculas/caminando-entre-las-tumbas-2014/index.html (+67ms)
10:04:50   ├─ /peliculas/captain-america-the-winter-soldier-2014/index.html (+71ms)
10:04:50   ├─ /peliculas/corazones-de-hierro-2014/index.html (+66ms)
10:04:50   ├─ /peliculas/ex-machina-2014/index.html (+69ms)
10:04:50   ├─ /peliculas/guardians-of-the-galaxy-2014/index.html (+67ms)
10:04:50   ├─ /peliculas/how-to-train-your-dragon-2-2014/index.html (+65ms)
10:04:50   ├─ /peliculas/interstellar-2014/index.html (+67ms)
10:04:51   ├─ /peliculas/john-wick-2014/index.html (+67ms)
10:04:51   ├─ /peliculas/non-stop-sin-escalas-2014/index.html (+67ms)
10:04:51   ├─ /peliculas/relatos-salvajes-2014/index.html (+74ms)
10:04:51   ├─ /peliculas/the-amazing-spider-man-2-2014/index.html (+72ms)
10:04:51   ├─ /peliculas/una-chica-vuelve-a-casa-sola-de-noche-2014/index.html (+69ms)
10:04:51   ├─ /peliculas/what-we-do-in-the-shadows-2014/index.html (+67ms)
10:04:51   ├─ /peliculas/x-men-days-of-future-past-2014/index.html (+68ms)
10:04:51   ├─ /peliculas/the-wolf-of-wall-street-2013/index.html (+76ms)
10:04:51   ├─ /peliculas/la-gran-revancha-2013/index.html (+77ms)
10:04:51   ├─ /peliculas/her-2013/index.html (+65ms)
10:04:51   ├─ /peliculas/escandalo-americano-2013/index.html (+65ms)
10:04:51   ├─ /peliculas/lluvia-de-hamburguesas-2-2013/index.html (+66ms)
10:04:51   ├─ /peliculas/frozen-2013/index.html (+65ms)
10:04:51   ├─ /peliculas/the-tale-of-the-princess-kaguya-2013/index.html (+66ms)
10:04:51   ├─ /peliculas/plan-en-las-vegas-2013/index.html (+63ms)
10:04:52   ├─ /peliculas/12-years-a-slave-2013/index.html (+64ms)
10:04:52   ├─ /peliculas/gravedad-2013/index.html (+66ms)
10:04:52   ├─ /peliculas/prisioneros-2013/index.html (+66ms)
10:04:52   ├─ /peliculas/malavita-2013/index.html (+63ms)
10:04:52   ├─ /peliculas/el-conjuro-2013/index.html (+65ms)
10:04:52   ├─ /peliculas/curse-of-chucky-2013/index.html (+65ms)
10:04:52   ├─ /peliculas/blue-jasmine-2013/index.html (+64ms)
10:04:52   ├─ /peliculas/se-levanta-el-viento-2013/index.html (+64ms)
10:04:52   ├─ /peliculas/crystal-fairy-y-el-cactus-magico-2013/index.html (+65ms)
10:04:52   ├─ /peliculas/grown-ups-2-2013/index.html (+66ms)
10:04:52   ├─ /peliculas/mi-villano-favorito-2-2013/index.html (+70ms)
10:04:52   ├─ /peliculas/monsters-university-2013/index.html (+64ms)
10:04:52   ├─ /peliculas/fast-and-furious-6-2013/index.html (+71ms)
10:04:52   ├─ /peliculas/epic-el-mundo-secreto-2013/index.html (+65ms)
10:04:52   ├─ /peliculas/los-croods-2013/index.html (+65ms)
10:04:53   ├─ /peliculas/los-miserables-2012/index.html (+65ms)
10:04:53   ├─ /peliculas/rompe-ralph-2012/index.html (+64ms)
10:04:53   ├─ /peliculas/bienvenidos-al-fin-del-mundo-2013/index.html (+65ms)
10:04:53   ├─ /peliculas/coherencia-2013/index.html (+66ms)
10:04:53   ├─ /peliculas/corazon-de-leon-2013/index.html (+65ms)
10:04:53   ├─ /peliculas/dolor-y-dinero-2013/index.html (+63ms)
10:04:53   ├─ /peliculas/el-gran-gatsby-2013/index.html (+64ms)
10:04:53   ├─ /peliculas/el-increible-burt-wonderstone-2013/index.html (+65ms)
10:04:53   ├─ /peliculas/el-unico-superviviente-2013/index.html (+63ms)
10:04:53   ├─ /peliculas/elysium-2013/index.html (+66ms)
10:04:53   ├─ /peliculas/enemy-2013/index.html (+65ms)
10:04:53   ├─ /peliculas/fuerza-antigangster-2013/index.html (+67ms)
10:04:53   ├─ /peliculas/iron-man-3-2013/index.html (+64ms)
10:04:53   ├─ /peliculas/la-noche-de-la-expiacion-2013/index.html (+66ms)
10:04:53   ├─ /peliculas/man-of-steel-2013/index.html (+63ms)
10:04:53   ├─ /peliculas/oblivion-2013/index.html (+64ms)
10:04:54   ├─ /peliculas/red-2-2013/index.html (+72ms)
10:04:54   ├─ /peliculas/septimo-2013/index.html (+63ms)
10:04:54   ├─ /peliculas/sharknado-2013/index.html (+69ms)
10:04:54   ├─ /peliculas/solo-dios-perdona-2013/index.html (+74ms)
10:04:54   ├─ /peliculas/tesis-sobre-un-homicidio-2013/index.html (+69ms)
10:04:54   ├─ /peliculas/the-wolverine-2013/index.html (+62ms)
10:04:54   ├─ /peliculas/thor-the-dark-world-2013/index.html (+64ms)
10:04:54   ├─ /peliculas/under-the-skin-2013/index.html (+65ms)
10:04:54   ├─ /peliculas/hitchcock-2012/index.html (+65ms)
10:04:54   ├─ /peliculas/el-origen-de-los-guardianes-2012/index.html (+66ms)
10:04:54   ├─ /peliculas/lincoln-2012/index.html (+64ms)
10:04:54   ├─ /peliculas/paranorman-2012/index.html (+67ms)
10:04:54   ├─ /peliculas/argo-2012/index.html (+65ms)
10:04:54   ├─ /peliculas/hotel-transylvania-2012/index.html (+64ms)
10:04:54   ├─ /peliculas/sin-tregua-2012/index.html (+64ms)
10:04:55   ├─ /peliculas/wolf-children-2012/index.html (+64ms)
10:04:55   ├─ /peliculas/valiente-2012/index.html (+68ms)
10:04:55   ├─ /peliculas/el-verano-de-sus-vidas-2012/index.html (+67ms)
10:04:55   ├─ /peliculas/la-era-de-hielo-4-la-formacion-de-los-continentes-2012/index.html (+66ms)
10:04:55   ├─ /peliculas/thats-my-boy-2012/index.html (+71ms)
10:04:55   ├─ /peliculas/el-lorax-en-busca-de-la-trufula-perdida-2012/index.html (+64ms)
10:04:55   ├─ /peliculas/la-vida-de-flynn-2012/index.html (+64ms)
10:04:55   ├─ /peliculas/to-rome-with-love-2012/index.html (+65ms)
10:04:55   ├─ /peliculas/contraband-2012/index.html (+63ms)
10:04:55   ├─ /peliculas/cruce-de-caminos-2012/index.html (+65ms)
10:04:55   ├─ /peliculas/dark-shadows-2012/index.html (+64ms)
10:04:55   ├─ /peliculas/django-unchained-2012/index.html (+64ms)
10:04:55   ├─ /peliculas/the-act-of-killing-2012/index.html (+67ms)
10:04:55   ├─ /peliculas/el-vuelo-2012/index.html (+63ms)
10:04:55   ├─ /peliculas/elefante-blanco-2012/index.html (+64ms)
10:04:56   ├─ /peliculas/frankenweenie-2012/index.html (+67ms)
10:04:56   ├─ /peliculas/infierno-blanco-2012/index.html (+63ms)
10:04:56   ├─ /peliculas/la-cabana-del-terror-2012/index.html (+63ms)
10:04:56   ├─ /peliculas/la-caza-2012/index.html (+64ms)
10:04:56   ├─ /peliculas/looper-2012/index.html (+66ms)
10:04:56   ├─ /peliculas/prometheus-2012/index.html (+63ms)
10:04:56   ├─ /peliculas/skyfall-2012/index.html (+66ms)
10:04:56   ├─ /peliculas/ted-2012/index.html (+63ms)
10:04:56   ├─ /peliculas/the-amazing-spider-man-2012/index.html (+64ms)
10:04:56   ├─ /peliculas/the-avengers-2012/index.html (+72ms)
10:04:56   ├─ /peliculas/the-dark-knight-rises-2012/index.html (+92ms)
10:04:56   ├─ /peliculas/the-master-2012/index.html (+65ms)
10:04:56   ├─ /peliculas/tierra-prometida-2012/index.html (+64ms)
10:04:56   ├─ /peliculas/war-horse-2011/index.html (+64ms)
10:04:56   ├─ /peliculas/mission-impossible-ghost-protocol-2011/index.html (+64ms)
10:04:57   ├─ /peliculas/hugo-2011/index.html (+66ms)
10:04:57   ├─ /peliculas/un-dios-salvaje-2011/index.html (+65ms)
10:04:57   ├─ /peliculas/jack-and-jill-2011/index.html (+65ms)
10:04:57   ├─ /peliculas/arthur-christmas-operacion-regalo-2011/index.html (+66ms)
10:04:57   ├─ /peliculas/un-golpe-de-altura-2011/index.html (+66ms)
10:04:57   ├─ /peliculas/the-adventures-of-tintin-2011/index.html (+70ms)
10:04:57   ├─ /peliculas/the-artist-2011/index.html (+66ms)
10:04:57   ├─ /peliculas/george-harrison-living-in-the-material-world-2011/index.html (+66ms)
10:04:57   ├─ /peliculas/drive-2011/index.html (+67ms)
10:04:57   ├─ /peliculas/destino-final-5-2011/index.html (+68ms)
10:04:57   ├─ /peliculas/rise-of-the-planet-of-the-apes-2011/index.html (+74ms)
10:04:57   ├─ /peliculas/la-colina-de-las-amapolas-2011/index.html (+67ms)
10:04:57   ├─ /peliculas/harry-potter-and-the-deathly-hallows-part-2-2011/index.html (+72ms)
10:04:57   ├─ /peliculas/cars-2-2011/index.html (+63ms)
10:04:57   ├─ /peliculas/kung-fu-panda-2-2011/index.html (+65ms)
10:04:58   ├─ /peliculas/pirates-of-the-caribbean-on-stranger-tides-2011/index.html (+64ms)
10:04:58   ├─ /peliculas/un-lugar-donde-quedarse-2011/index.html (+66ms)
10:04:58   ├─ /peliculas/midnight-in-paris-2011/index.html (+70ms)
10:04:58   ├─ /peliculas/el-castor-2011/index.html (+65ms)
10:04:58   ├─ /peliculas/cruzadas-2011/index.html (+66ms)
10:04:58   ├─ /peliculas/fast-five-2011/index.html (+63ms)
10:04:58   ├─ /peliculas/scream-4-2011/index.html (+64ms)
10:04:58   ├─ /peliculas/rio-2011/index.html (+65ms)
10:04:58   ├─ /peliculas/winnie-the-pooh-2011/index.html (+65ms)
10:04:58   ├─ /peliculas/rango-2011/index.html (+64ms)
10:04:58   ├─ /peliculas/public-speaking-2010/index.html (+63ms)
10:04:58   ├─ /peliculas/just-go-with-it-2011/index.html (+66ms)
10:04:58   ├─ /peliculas/enredados-2010/index.html (+65ms)
10:04:58   ├─ /peliculas/captain-america-the-first-avenger-2011/index.html (+66ms)
10:04:58   ├─ /peliculas/el-juego-de-la-fortuna-2011/index.html (+65ms)
10:04:59   ├─ /peliculas/ghost-rider-spirit-of-vengeance-2011/index.html (+68ms)
10:04:59   ├─ /peliculas/green-lantern-2011/index.html (+79ms)
10:04:59   ├─ /peliculas/hostel-part-iii-2011/index.html (+108ms)
10:04:59   ├─ /peliculas/j-edgar-2011/index.html (+79ms)
10:04:59   ├─ /peliculas/la-piel-que-habito-2011/index.html (+68ms)
10:04:59   ├─ /peliculas/loco-y-estupido-amor-2011/index.html (+70ms)
10:04:59   ├─ /peliculas/los-agentes-del-destino-2011/index.html (+81ms)
10:04:59   ├─ /peliculas/los-idus-de-marzo-2011/index.html (+75ms)
10:04:59   ├─ /peliculas/los-pinguinos-de-papa-2011/index.html (+69ms)
10:04:59   ├─ /peliculas/medianeras-2011/index.html (+67ms)
10:04:59   ├─ /peliculas/nader-y-simin-una-separacion-2011/index.html (+75ms)
10:04:59   ├─ /peliculas/redada-asesina-the-raid-2011/index.html (+68ms)
10:04:59   ├─ /peliculas/sin-identidad-2011/index.html (+69ms)
10:04:59   ├─ /peliculas/tenemos-que-hablar-de-kevin-2011/index.html (+67ms)
10:05:00   ├─ /peliculas/the-human-centipede-2-full-sequence-2011/index.html (+65ms)
10:05:00   ├─ /peliculas/thor-2011/index.html (+64ms)
10:05:00   ├─ /peliculas/un-cuento-chino-2011/index.html (+64ms)
10:05:00   ├─ /peliculas/un-zoologico-en-casa-2011/index.html (+65ms)
10:05:00   ├─ /peliculas/x-men-first-class-2011/index.html (+65ms)
10:05:00   ├─ /peliculas/el-ilusionista-2010/index.html (+77ms)
10:05:00   ├─ /peliculas/valor-de-ley-2010/index.html (+71ms)
10:05:00   ├─ /peliculas/the-king-s-speech-2010/index.html (+66ms)
10:05:00   ├─ /peliculas/amor-y-otras-drogas-2010/index.html (+70ms)
10:05:00   ├─ /peliculas/harry-potter-and-the-deathly-hallows-part-1-2010/index.html (+74ms)
10:05:00   ├─ /peliculas/megamente-2010/index.html (+71ms)
10:05:00   ├─ /peliculas/the-social-network-2010/index.html (+72ms)
10:05:00   ├─ /peliculas/a-letter-to-elia-2010/index.html (+65ms)
10:05:00   ├─ /peliculas/el-americano-2010/index.html (+65ms)
10:05:01   ├─ /peliculas/i-m-still-here-2010/index.html (+63ms)
10:05:01   ├─ /peliculas/scott-pilgrim-contra-el-mundo-2010/index.html (+65ms)
10:05:01   ├─ /peliculas/mi-villano-favorito-2010/index.html (+68ms)
10:05:01   ├─ /peliculas/arrietty-y-el-mundo-de-los-diminutos-2010/index.html (+66ms)
10:05:01   ├─ /peliculas/grown-ups-2010/index.html (+65ms)
10:05:01   ├─ /peliculas/shrek-felices-para-siempre-2010/index.html (+63ms)
10:05:01   ├─ /peliculas/el-principe-de-persia-las-arenas-del-tiempo-2010/index.html (+66ms)
10:05:01   ├─ /peliculas/you-will-meet-a-tall-dark-stranger-2010/index.html (+65ms)
10:05:01   ├─ /peliculas/robin-hood-2010/index.html (+90ms)
10:05:01   ├─ /peliculas/a-nightmare-on-elm-street-2010/index.html (+65ms)
10:05:01   ├─ /peliculas/how-to-train-your-dragon-2010/index.html (+65ms)
10:05:01   ├─ /peliculas/shutter-island-2010/index.html (+65ms)
10:05:01   ├─ /peliculas/invictus-2009/index.html (+64ms)
10:05:01   ├─ /peliculas/a-serbian-film-2010/index.html (+67ms)
10:05:01   ├─ /peliculas/alice-in-wonderland-2010/index.html (+65ms)
10:05:02   ├─ /peliculas/blue-valentine-2010/index.html (+67ms)
10:05:02   ├─ /peliculas/carancho-2010/index.html (+72ms)
10:05:02   ├─ /peliculas/crimen-en-familia-2010/index.html (+66ms)
10:05:02   ├─ /peliculas/el-equipo-a-2010/index.html (+68ms)
10:05:02   ├─ /peliculas/el-libro-de-eli-2010/index.html (+64ms)
10:05:02   ├─ /peliculas/imparable-2010/index.html (+68ms)
10:05:02   ├─ /peliculas/inception-2010/index.html (+64ms)
10:05:02   ├─ /peliculas/iron-man-2-2010/index.html (+75ms)
10:05:02   ├─ /peliculas/jonah-hex-2010/index.html (+65ms)
10:05:02   ├─ /peliculas/los-otros-dos-2010/index.html (+65ms)
10:05:02   ├─ /peliculas/machete-2010/index.html (+65ms)
10:05:02   ├─ /peliculas/saw-3d-2010/index.html (+63ms)
10:05:02   ├─ /peliculas/the-fighter-2010/index.html (+69ms)
10:05:02   ├─ /peliculas/toy-story-3-2010/index.html (+64ms)
10:05:02   ├─ /peliculas/zona-verde-2010/index.html (+65ms)
10:05:03   ├─ /peliculas/avatar-2009/index.html (+64ms)
10:05:03   ├─ /peliculas/la-princesa-y-el-sapo-2009/index.html (+63ms)
10:05:03   ├─ /peliculas/todos-estan-bien-2009/index.html (+64ms)
10:05:03   ├─ /peliculas/nine-2009/index.html (+64ms)
10:05:03   ├─ /peliculas/hermanos-2009/index.html (+66ms)
10:05:03   ├─ /peliculas/amor-sin-escalas-2009/index.html (+64ms)
10:05:03   ├─ /peliculas/halloween-ii-2009/index.html (+64ms)
10:05:03   ├─ /peliculas/destino-final-4-2009/index.html (+64ms)
10:05:03   ├─ /peliculas/lluvia-de-hamburguesas-2009/index.html (+63ms)
10:05:03   ├─ /peliculas/rebelion-adolescente-2009/index.html (+64ms)
10:05:03   ├─ /peliculas/districte-9-2009/index.html (+65ms)
10:05:03   ├─ /peliculas/funny-people-2009/index.html (+63ms)
10:05:03   ├─ /peliculas/harry-potter-and-the-half-blood-prince-2009/index.html (+65ms)
10:05:03   ├─ /peliculas/enemigos-publicos-2009/index.html (+64ms)
10:05:03   ├─ /peliculas/la-era-de-hielo-3-el-origen-de-los-dinosaurios-2009/index.html (+67ms)
10:05:03   ├─ /peliculas/ano-uno-2009/index.html (+68ms)
10:05:04   ├─ /peliculas/up-2009/index.html (+66ms)
10:05:04   ├─ /peliculas/terminator-salvation-2009/index.html (+65ms)
10:05:04   ├─ /peliculas/whatever-works-2009/index.html (+66ms)
10:05:04   ├─ /peliculas/los-secretos-del-poder-2009/index.html (+65ms)
10:05:04   ├─ /peliculas/fast-and-furious-2009/index.html (+67ms)
10:05:04   ├─ /peliculas/friday-the-13th-2009/index.html (+64ms)
10:05:04   ├─ /peliculas/el-secreto-de-kells-2009/index.html (+65ms)
10:05:04   ├─ /peliculas/angeles-y-demonios-2009/index.html (+77ms)
10:05:04   ├─ /peliculas/asalto-al-tren-pelham-123-2009/index.html (+65ms)
10:05:04   ├─ /peliculas/desde-mi-cielo-2009/index.html (+65ms)
10:05:04   ├─ /peliculas/el-hombre-de-al-lado-2009/index.html (+66ms)
10:05:04   ├─ /peliculas/el-secreto-de-sus-ojos-2009/index.html (+72ms)
10:05:04   ├─ /peliculas/enter-the-void-2009/index.html (+68ms)
10:05:04   ├─ /peliculas/i-love-you-phillip-morris-2009/index.html (+67ms)
10:05:04   ├─ /peliculas/inglourious-basterds-2009/index.html (+69ms)
10:05:05   ├─ /peliculas/jennifer-s-body-2009/index.html (+68ms)
10:05:05   ├─ /peliculas/the-house-of-the-devil-2009/index.html (+68ms)
10:05:05   ├─ /peliculas/la-cinta-blanca-2009/index.html (+67ms)
10:05:05   ├─ /peliculas/los-fantasmas-de-scrooge-2009/index.html (+66ms)
10:05:05   ├─ /peliculas/los-mundos-de-coraline-2009/index.html (+69ms)
10:05:05   ├─ /peliculas/los-sustitutos-2009/index.html (+70ms)
10:05:05   ├─ /peliculas/luna-2009/index.html (+73ms)
10:05:05   ├─ /peliculas/saw-vi-2009/index.html (+67ms)
10:05:05   ├─ /peliculas/the-human-centipede-first-sequence-2009/index.html (+67ms)
10:05:05   ├─ /peliculas/watchmen-2009/index.html (+90ms)
10:05:05   ├─ /peliculas/x-men-origins-wolverine-2009/index.html (+71ms)
10:05:05   ├─ /peliculas/bedtime-stories-2008/index.html (+66ms)
10:05:05   ├─ /peliculas/gran-torino-2008/index.html (+71ms)
10:05:05   ├─ /peliculas/ip-man-2008/index.html (+63ms)
10:05:06   ├─ /peliculas/australia-2008/index.html (+65ms)
10:05:06   ├─ /peliculas/bolt-un-perro-fuera-de-serie-2008/index.html (+65ms)
10:05:06   ├─ /peliculas/slumdog-millionaire-2008/index.html (+67ms)
10:05:06   ├─ /peliculas/algo-pasa-en-hollywood-2008/index.html (+70ms)
10:05:06   ├─ /peliculas/the-hurt-locker-2008/index.html (+65ms)
10:05:06   ├─ /peliculas/nick-y-norah-una-noche-de-musica-y-amor-2008/index.html (+64ms)
10:05:06   ├─ /peliculas/asesinato-justo-2008/index.html (+66ms)
10:05:06   ├─ /peliculas/quemese-despues-de-leerse-2008/index.html (+63ms)
10:05:06   ├─ /peliculas/ponyo-y-el-secreto-de-la-sirenita-2008/index.html (+64ms)
10:05:06   ├─ /peliculas/wall-e-2008/index.html (+65ms)
10:05:06   ├─ /peliculas/you-dont-mess-with-the-zohan-2008/index.html (+63ms)
10:05:06   ├─ /peliculas/vicky-cristina-barcelona-2008/index.html (+63ms)
10:05:06   ├─ /peliculas/kung-fu-panda-2008/index.html (+70ms)
10:05:06   ├─ /peliculas/shine-a-light-2008/index.html (+67ms)
10:05:06   ├─ /peliculas/horton-y-el-mundo-de-los-quien-2008/index.html (+63ms)
10:05:07   ├─ /peliculas/si-senor-2008/index.html (+73ms)
10:05:07   ├─ /peliculas/dejame-entrar-2008/index.html (+68ms)
10:05:07   ├─ /peliculas/el-curioso-caso-de-benjamin-button-2008/index.html (+67ms)
10:05:07   ├─ /peliculas/el-incidente-2008/index.html (+67ms)
10:05:07   ├─ /peliculas/indiana-jones-and-the-kingdom-of-the-crystal-skull-2008/index.html (+68ms)
10:05:07   ├─ /peliculas/iron-man-2008/index.html (+65ms)
10:05:07   ├─ /peliculas/leonera-2008/index.html (+64ms)
10:05:07   ├─ /peliculas/martires-2008/index.html (+66ms)
10:05:07   ├─ /peliculas/operacion-valquiria-2008/index.html (+64ms)
10:05:07   ├─ /peliculas/punisher-war-zone-2008/index.html (+68ms)
10:05:07   ├─ /peliculas/quantum-of-solace-2008/index.html (+64ms)
10:05:07   ├─ /peliculas/rebobine-por-favor-2008/index.html (+66ms)
10:05:07   ├─ /peliculas/red-de-mentiras-2008/index.html (+68ms)
10:05:07   ├─ /peliculas/saw-v-2008/index.html (+66ms)
10:05:07   ├─ /peliculas/solo-un-sueno-2008/index.html (+65ms)
10:05:08   ├─ /peliculas/the-dark-knight-2008/index.html (+65ms)
10:05:08   ├─ /peliculas/the-incredible-hulk-2008/index.html (+69ms)
10:05:08   ├─ /peliculas/venganza-2008/index.html (+69ms)
10:05:08   ├─ /peliculas/juno-embarazada-por-accidente-2007/index.html (+66ms)
10:05:08   ├─ /peliculas/la-huella-2007/index.html (+65ms)
10:05:08   ├─ /peliculas/leones-por-corderos-2007/index.html (+67ms)
10:05:08   ├─ /peliculas/no-country-for-old-men-2007/index.html (+66ms)
10:05:08   ├─ /peliculas/bee-movie-la-historia-de-una-abeja-2007/index.html (+66ms)
10:05:08   ├─ /peliculas/cleaner-2007/index.html (+66ms)
10:05:08   ├─ /peliculas/halloween-2007/index.html (+65ms)
10:05:08   ├─ /peliculas/lo-que-perdimos-en-el-camino-2007/index.html (+63ms)
10:05:08   ├─ /peliculas/elizabeth-la-edad-de-oro-2007/index.html (+63ms)
10:05:08   ├─ /peliculas/la-extrana-que-hay-en-ti-2007/index.html (+64ms)
10:05:08   ├─ /peliculas/expediente-anwar-2007/index.html (+66ms)
10:05:08   ├─ /peliculas/supersalidos-2007/index.html (+65ms)
10:05:08   ├─ /peliculas/los-simpson-la-pelicula-2007/index.html (+67ms)
10:05:09   ├─ /peliculas/i-now-pronounce-you-chuck-and-larry-2007/index.html (+65ms)
10:05:09   ├─ /peliculas/ratatouille-2007/index.html (+65ms)
10:05:09   ├─ /peliculas/harry-potter-and-the-order-of-the-phoenix-2007/index.html (+72ms)
10:05:09   ├─ /peliculas/persepolis-2007/index.html (+68ms)
10:05:09   ├─ /peliculas/cassandra-s-dream-2007/index.html (+65ms)
10:05:09   ├─ /peliculas/ahora-son-13-2007/index.html (+64ms)
10:05:09   ├─ /peliculas/mr-brooks-2007/index.html (+83ms)
10:05:09   ├─ /peliculas/pirates-of-the-caribbean-at-worlds-end-2007/index.html (+65ms)
10:05:09   ├─ /peliculas/seduciendo-a-un-extrano-2007/index.html (+63ms)
10:05:09   ├─ /peliculas/sunshine-2007/index.html (+64ms)
10:05:09   ├─ /peliculas/la-familia-del-futuro-2007/index.html (+66ms)
10:05:09   ├─ /peliculas/reign-over-me-2007/index.html (+65ms)
10:05:09   ├─ /peliculas/zodiaco-2007/index.html (+68ms)
10:05:09   ├─ /peliculas/flushed-away-lo-que-el-agua-se-llevo-2006/index.html (+64ms)
10:05:09   ├─ /peliculas/american-gangster-2007/index.html (+65ms)
10:05:10   ├─ /peliculas/crimen-perfecto-2007/index.html (+66ms)
10:05:10   ├─ /peliculas/death-proof-2007/index.html (+70ms)
10:05:10   ├─ /peliculas/el-asesinato-de-jesse-james-por-el-cobarde-robert-ford-2007/index.html (+64ms)
10:05:10   ├─ /peliculas/el-orfanato-2007/index.html (+68ms)
10:05:10   ├─ /peliculas/el-ultimatum-de-bourne-2007/index.html (+72ms)
10:05:10   ├─ /peliculas/fantastic-four-rise-of-the-silver-surfer-2007/index.html (+65ms)
10:05:10   ├─ /peliculas/ghost-rider-2007/index.html (+64ms)
10:05:10   ├─ /peliculas/hostel-part-ii-2007/index.html (+67ms)
10:05:10   ├─ /peliculas/inside-2007/index.html (+66ms)
10:05:10   ├─ /peliculas/la-guerra-de-charlie-wilson-2007/index.html (+64ms)
10:05:10   ├─ /peliculas/la-noche-es-nuestra-2007/index.html (+64ms)
10:05:10   ├─ /peliculas/lars-y-la-chica-real-2007/index.html (+73ms)
10:05:10   ├─ /peliculas/numero-23-la-revelacion-2007/index.html (+62ms)
10:05:10   ├─ /peliculas/paranormal-activity-2007/index.html (+66ms)
10:05:10   ├─ /peliculas/planet-terror-2007/index.html (+64ms)
10:05:11   ├─ /peliculas/rec-2007/index.html (+67ms)
10:05:11   ├─ /peliculas/saw-iv-2007/index.html (+63ms)
10:05:11   ├─ /peliculas/shooter-el-tirador-2007/index.html (+64ms)
10:05:11   ├─ /peliculas/spider-man-3-2007/index.html (+63ms)
10:05:11   ├─ /peliculas/sweeney-todd-the-demon-barber-of-fleet-street-2007/index.html (+63ms)
10:05:11   ├─ /peliculas/el-buen-aleman-2006/index.html (+64ms)
10:05:11   ├─ /peliculas/the-prestige-2006/index.html (+66ms)
10:05:11   ├─ /peliculas/the-departed-2006/index.html (+64ms)
10:05:11   ├─ /peliculas/hijos-de-los-hombres-2006/index.html (+69ms)
10:05:11   ├─ /peliculas/paprika-2006/index.html (+66ms)
10:05:11   ├─ /peliculas/tales-from-earthsea-2006/index.html (+64ms)
10:05:11   ├─ /peliculas/scoop-2006/index.html (+66ms)
10:05:11   ├─ /peliculas/vecinos-invasores-2006/index.html (+67ms)
10:05:11   ├─ /peliculas/the-girl-who-leapt-through-time-2006/index.html (+64ms)
10:05:11   ├─ /peliculas/pirates-of-the-caribbean-dead-mans-chest-2006/index.html (+65ms)
10:05:12   ├─ /peliculas/una-mirada-en-la-oscuridad-2006/index.html (+75ms)
10:05:12   ├─ /peliculas/click-2006/index.html (+64ms)
10:05:12   ├─ /peliculas/la-casa-del-lago-2006/index.html (+64ms)
10:05:12   ├─ /peliculas/the-fast-and-the-furious-tokyo-drift-2006/index.html (+69ms)
10:05:12   ├─ /peliculas/mission-impossible-iii-2006/index.html (+68ms)
10:05:12   ├─ /peliculas/la-era-de-hielo-2-2006/index.html (+66ms)
10:05:12   ├─ /peliculas/la-vida-de-los-otros-2006/index.html (+64ms)
10:05:12   ├─ /peliculas/firewall-2006/index.html (+66ms)
10:05:12   ├─ /peliculas/destino-final-3-2006/index.html (+64ms)
10:05:12   ├─ /peliculas/amigos-con-dinero-2006/index.html (+68ms)
10:05:12   ├─ /peliculas/casino-royale-2006/index.html (+71ms)
10:05:12   ├─ /peliculas/deja-vu-2006/index.html (+65ms)
10:05:12   ├─ /peliculas/el-buen-pastor-2006/index.html (+64ms)
10:05:12   ├─ /peliculas/el-codigo-da-vinci-2006/index.html (+66ms)
10:05:12   ├─ /peliculas/el-laberinto-del-fauno-2006/index.html (+65ms)
10:05:13   ├─ /peliculas/invencible-2006/index.html (+64ms)
10:05:13   ├─ /peliculas/la-otra-cara-de-nelson-2006/index.html (+64ms)
10:05:13   ├─ /peliculas/paprika-detective-de-los-suenos-2006/index.html (+65ms)
10:05:13   ├─ /peliculas/plan-oculto-2006/index.html (+64ms)
10:05:13   ├─ /peliculas/rocky-balboa-2006/index.html (+66ms)
10:05:13   ├─ /peliculas/saw-iii-2006/index.html (+63ms)
10:05:13   ├─ /peliculas/superman-returns-2006/index.html (+65ms)
10:05:13   ├─ /peliculas/the-fall-el-sueno-de-alexandria-2006/index.html (+65ms)
10:05:13   ├─ /peliculas/x-men-the-last-stand-2006/index.html (+62ms)
10:05:13   ├─ /peliculas/munich-2005/index.html (+67ms)
10:05:13   ├─ /peliculas/la-joya-de-la-familia-2005/index.html (+66ms)
10:05:13   ├─ /peliculas/harry-potter-and-the-goblet-of-fire-2005/index.html (+66ms)
10:05:13   ├─ /peliculas/chicken-little-2005/index.html (+67ms)
10:05:13   ├─ /peliculas/jarhead-el-infierno-espera-2005/index.html (+68ms)
10:05:13   ├─ /peliculas/el-hombre-del-tiempo-2005/index.html (+65ms)
10:05:14   ├─ /peliculas/secreto-en-la-montana-2005/index.html (+64ms)
10:05:14   ├─ /peliculas/plan-de-vuelo-2005/index.html (+64ms)
10:05:14   ├─ /peliculas/el-senor-de-la-guerra-2005/index.html (+63ms)
10:05:14   ├─ /peliculas/wallace-y-gromit-la-batalla-de-los-vegetales-2005/index.html (+64ms)
10:05:14   ├─ /peliculas/johnny-june-pasion-y-locura-2005/index.html (+65ms)
10:05:14   ├─ /peliculas/no-direction-home-bob-dylan-2005/index.html (+65ms)
10:05:14   ├─ /peliculas/war-of-the-worlds-2005/index.html (+65ms)
10:05:14   ├─ /peliculas/the-longest-yard-2005/index.html (+62ms)
10:05:14   ├─ /peliculas/star-wars-episode-iii-revenge-of-the-sith-2005/index.html (+65ms)
10:05:14   ├─ /peliculas/match-point-2005/index.html (+66ms)
10:05:14   ├─ /peliculas/crash-2005/index.html (+85ms)
10:05:14   ├─ /peliculas/robots-2005/index.html (+65ms)
10:05:14   ├─ /peliculas/la-balada-de-jack-y-rose-2005/index.html (+66ms)
10:05:14   ├─ /peliculas/el-escondite-2005/index.html (+64ms)
10:05:14   ├─ /peliculas/batman-begins-2005/index.html (+63ms)
10:05:14   ├─ /peliculas/charlie-and-the-chocolate-factory-2005/index.html (+65ms)
10:05:15   ├─ /peliculas/constantine-2005/index.html (+66ms)
10:05:15   ├─ /peliculas/corpse-bride-2005/index.html (+77ms)
10:05:15   ├─ /peliculas/cuatro-hermanos-2005/index.html (+74ms)
10:05:15   ├─ /peliculas/el-aura-2005/index.html (+80ms)
10:05:15   ├─ /peliculas/el-umbral-2005/index.html (+72ms)
10:05:15   ├─ /peliculas/elektra-2005/index.html (+75ms)
10:05:15   ├─ /peliculas/fantastic-four-2005/index.html (+69ms)
10:05:15   ├─ /peliculas/grizzly-man-2005/index.html (+71ms)
10:05:15   ├─ /peliculas/hostel-2005/index.html (+71ms)
10:05:15   ├─ /peliculas/la-propuesta-2005/index.html (+70ms)
10:05:15   ├─ /peliculas/las-locuras-de-dick-y-jane-2005/index.html (+68ms)
10:05:15   ├─ /peliculas/los-renegados-del-diablo-2005/index.html (+73ms)
10:05:15   ├─ /peliculas/saw-ii-2005/index.html (+73ms)
10:05:15   ├─ /peliculas/the-descent-2005/index.html (+71ms)
10:05:16   ├─ /peliculas/tiempo-de-valientes-2005/index.html (+77ms)
10:05:16   ├─ /peliculas/the-aviator-2004/index.html (+67ms)
10:05:16   ├─ /peliculas/spanglish-2004/index.html (+71ms)
10:05:16   ├─ /peliculas/la-nueva-gran-estafa-2004/index.html (+77ms)
10:05:16   ├─ /peliculas/life-aquatic-2004/index.html (+86ms)
10:05:16   ├─ /peliculas/million-dollar-baby-2004/index.html (+71ms)
10:05:16   ├─ /peliculas/the-incredibles-2004/index.html (+65ms)
10:05:16   ├─ /peliculas/bailamos-2004/index.html (+63ms)
10:05:16   ├─ /peliculas/primer-2004/index.html (+64ms)
10:05:16   ├─ /peliculas/shark-tale-2004/index.html (+65ms)
10:05:16   ├─ /peliculas/melinda-and-melinda-2004/index.html (+71ms)
10:05:16   ├─ /peliculas/las-trillizas-de-belleville-2003/index.html (+63ms)
10:05:16   ├─ /peliculas/the-terminal-2004/index.html (+64ms)
10:05:16   ├─ /peliculas/napoleon-dynamite-2004/index.html (+66ms)
10:05:17   ├─ /peliculas/harry-potter-and-the-prisoner-of-azkaban-2004/index.html (+72ms)
10:05:17   ├─ /peliculas/el-dia-de-manana-2004/index.html (+65ms)
10:05:17   ├─ /peliculas/shrek-2-2004/index.html (+67ms)
10:05:17   ├─ /peliculas/eternal-sunshine-of-the-spotless-mind-2004/index.html (+64ms)
10:05:17   ├─ /peliculas/el-abrazo-partido-2004/index.html (+64ms)
10:05:17   ├─ /peliculas/50-first-dates-2004/index.html (+63ms)
10:05:17   ├─ /peliculas/espiritus-ocultos-2003/index.html (+64ms)
10:05:17   ├─ /peliculas/blade-trinity-2004/index.html (+65ms)
10:05:17   ├─ /peliculas/catwoman-2004/index.html (+66ms)
10:05:17   ├─ /peliculas/diario-de-una-pasion-2004/index.html (+63ms)
10:05:17   ├─ /peliculas/el-fuego-de-la-venganza-2004/index.html (+65ms)
10:05:17   ├─ /peliculas/el-maquinista-2004/index.html (+64ms)
10:05:17   ├─ /peliculas/kill-bill-vol-2-2004/index.html (+64ms)
10:05:17   ├─ /peliculas/kung-fu-sion-2004/index.html (+68ms)
10:05:17   ├─ /peliculas/la-nina-santa-2004/index.html (+67ms)
10:05:18   ├─ /peliculas/seed-of-chucky-2004/index.html (+65ms)
10:05:18   ├─ /peliculas/la-supremacia-de-bourne-2004/index.html (+65ms)
10:05:18   ├─ /peliculas/luna-de-avellaneda-2004/index.html (+64ms)
10:05:18   ├─ /peliculas/saw-2004/index.html (+64ms)
10:05:18   ├─ /peliculas/spider-man-2-2004/index.html (+64ms)
10:05:18   ├─ /peliculas/the-punisher-2004/index.html (+63ms)
10:05:18   ├─ /peliculas/troya-2004/index.html (+65ms)
10:05:18   ├─ /peliculas/una-serie-de-eventos-desafortunados-2004/index.html (+63ms)
10:05:18   ├─ /peliculas/shaun-of-the-dead-2004/index.html (+64ms)
10:05:18   ├─ /peliculas/the-lord-of-the-rings-the-return-of-the-king-2003/index.html (+65ms)
10:05:18   ├─ /peliculas/tokyo-godfathers-2003/index.html (+67ms)
10:05:18   ├─ /peliculas/21-gramos-2003/index.html (+74ms)
10:05:18   ├─ /peliculas/la-sonrisa-de-mona-lisa-2003/index.html (+64ms)
10:05:18   ├─ /peliculas/oldboy-2003/index.html (+63ms)
10:05:18   ├─ /peliculas/love-actually-2003/index.html (+63ms)
10:05:18   ├─ /peliculas/matrix-revolutions-2003/index.html (+65ms)
10:05:19   ├─ /peliculas/tierra-de-osos-2003/index.html (+63ms)
10:05:19   ├─ /peliculas/la-mancha-humana-2003/index.html (+67ms)
10:05:19   ├─ /peliculas/rio-mistico-2003/index.html (+64ms)
10:05:19   ├─ /peliculas/crueldad-intolerable-2003/index.html (+66ms)
10:05:19   ├─ /peliculas/the-blues-feel-like-going-home-2003/index.html (+74ms)
10:05:19   ├─ /peliculas/elephant-2003/index.html (+67ms)
10:05:19   ├─ /peliculas/todopoderoso-2003/index.html (+64ms)
10:05:19   ├─ /peliculas/freddy-vs-jason-2003/index.html (+64ms)
10:05:19   ├─ /peliculas/pacto-de-justicia-2003/index.html (+66ms)
10:05:19   ├─ /peliculas/sinbad-la-leyenda-de-los-siete-mares-2003/index.html (+64ms)
10:05:19   ├─ /peliculas/pirates-of-the-caribbean-the-curse-of-the-black-pearl-2003/index.html (+64ms)
10:05:19   ├─ /peliculas/terminator-3-rise-of-the-machines-2003/index.html (+67ms)
10:05:19   ├─ /peliculas/hollywood-departamento-de-homicidios-2003/index.html (+70ms)
10:05:19   ├─ /peliculas/2-fast-2-furious-2003/index.html (+64ms)
10:05:19   ├─ /peliculas/finding-nemo-2003/index.html (+64ms)
10:05:20   ├─ /peliculas/desapariciones-2003/index.html (+66ms)
10:05:20   ├─ /peliculas/matrix-reloaded-2003/index.html (+66ms)
10:05:20   ├─ /peliculas/memories-of-murder-cronica-de-un-asesino-en-serie-2003/index.html (+65ms)
10:05:20   ├─ /peliculas/anger-management-2003/index.html (+74ms)
10:05:20   ├─ /peliculas/destino-final-2-2003/index.html (+64ms)
10:05:20   ├─ /peliculas/ong-bak-el-guerrero-muay-thai-2003/index.html (+64ms)
10:05:20   ├─ /peliculas/big-fish-2003/index.html (+64ms)
10:05:20   ├─ /peliculas/daredevil-2003/index.html (+67ms)
10:05:20   ├─ /peliculas/dos-policias-rebeldes-ii-2003/index.html (+71ms)
10:05:20   ├─ /peliculas/hulk-2003/index.html (+73ms)
10:05:20   ├─ /peliculas/kill-bill-vol-1-2003/index.html (+65ms)
10:05:20   ├─ /peliculas/la-estafa-maestra-2003/index.html (+66ms)
10:05:20   ├─ /peliculas/la-habitacion-the-room-2003/index.html (+77ms)
10:05:20   ├─ /peliculas/anything-else-2003/index.html (+67ms)
10:05:20   ├─ /peliculas/x2-2003/index.html (+63ms)
10:05:21   ├─ /peliculas/atrapame-si-puedes-2002/index.html (+66ms)
10:05:21   ├─ /peliculas/hero-2002/index.html (+64ms)
10:05:21   ├─ /peliculas/gangs-of-new-york-2002/index.html (+66ms)
10:05:21   ├─ /peliculas/juego-sucio-infernal-affairs-2002/index.html (+64ms)
10:05:21   ├─ /peliculas/chicago-2002/index.html (+78ms)
10:05:21   ├─ /peliculas/the-lord-of-the-rings-the-two-towers-2002/index.html (+65ms)
10:05:21   ├─ /peliculas/eight-crazy-nights-2002/index.html (+64ms)
10:05:21   ├─ /peliculas/el-planeta-del-tesoro-2002/index.html (+67ms)
10:05:21   ├─ /peliculas/harry-potter-and-the-chamber-of-secrets-2002/index.html (+67ms)
10:05:21   ├─ /peliculas/kamchatka-2002/index.html (+63ms)
10:05:21   ├─ /peliculas/punch-drunk-love-2002/index.html (+65ms)
10:05:21   ├─ /peliculas/el-dragon-rojo-2002/index.html (+64ms)
10:05:21   ├─ /peliculas/the-banger-sisters-2002/index.html (+64ms)
10:05:21   ├─ /peliculas/condenado-2002/index.html (+63ms)
10:05:21   ├─ /peliculas/haru-en-el-reino-de-los-gatos-2002/index.html (+64ms)
10:05:22   ├─ /peliculas/la-era-de-hielo-2002/index.html (+65ms)
10:05:22   ├─ /peliculas/mr-deeds-2002/index.html (+67ms)
10:05:22   ├─ /peliculas/lilo-stitch-2002/index.html (+62ms)
10:05:22   ├─ /peliculas/minority-report-2002/index.html (+133ms)
10:05:22   ├─ /peliculas/spirit-el-corcel-indomable-2002/index.html (+65ms)
10:05:22   ├─ /peliculas/star-wars-episode-ii-attack-of-the-clones-2002/index.html (+65ms)
10:05:22   ├─ /peliculas/hollywood-ending-2002/index.html (+67ms)
10:05:22   ├─ /peliculas/kate-leopold-2001/index.html (+72ms)
10:05:22   ├─ /peliculas/la-habitacion-del-panico-2002/index.html (+66ms)
10:05:22   ├─ /peliculas/showtime-2002/index.html (+68ms)
10:05:22   ├─ /peliculas/blade-ii-2002/index.html (+66ms)
10:05:22   ├─ /peliculas/calculo-mortal-2002/index.html (+65ms)
10:05:22   ├─ /peliculas/camino-a-la-perdicion-2002/index.html (+64ms)
10:05:22   ├─ /peliculas/ciudad-de-dios-2002/index.html (+66ms)
10:05:23   ├─ /peliculas/el-bonaerense-2002/index.html (+68ms)
10:05:23   ├─ /peliculas/el-pianista-2002/index.html (+66ms)
10:05:23   ├─ /peliculas/en-defensa-del-honor-2002/index.html (+66ms)
10:05:23   ├─ /peliculas/exterminio-2002/index.html (+69ms)
10:05:23   ├─ /peliculas/halloween-resurrection-2002/index.html (+66ms)
10:05:23   ├─ /peliculas/identidad-desconocida-2002/index.html (+64ms)
10:05:23   ├─ /peliculas/infiel-2002/index.html (+65ms)
10:05:23   ├─ /peliculas/john-q-situacion-extrema-2002/index.html (+66ms)
10:05:23   ├─ /peliculas/k-19-the-widowmaker-2002/index.html (+67ms)
10:05:23   ├─ /peliculas/insomnia-2002/index.html (+64ms)
10:05:23   ├─ /peliculas/spider-man-2002/index.html (+66ms)
10:05:23   ├─ /peliculas/un-oso-rojo-2002/index.html (+67ms)
10:05:23   ├─ /peliculas/yo-soy-sam-2001/index.html (+66ms)
10:05:23   ├─ /peliculas/gosford-park-crimen-de-medianoche-2001/index.html (+67ms)
10:05:23   ├─ /peliculas/the-lord-of-the-rings-the-fellowship-of-the-ring-2001/index.html (+103ms)
10:05:24   ├─ /peliculas/a-beautiful-mind-2001/index.html (+67ms)
10:05:24   ├─ /peliculas/la-gran-estafa-2001/index.html (+67ms)
10:05:24   ├─ /peliculas/monsters-inc-2001/index.html (+70ms)
10:05:24   ├─ /peliculas/buffalo-soldiers-2001/index.html (+68ms)
10:05:24   ├─ /peliculas/la-pianista-2001/index.html (+64ms)
10:05:24   ├─ /peliculas/the-curse-of-the-jade-scorpion-2001/index.html (+64ms)
10:05:24   ├─ /peliculas/millennium-actress-2001/index.html (+64ms)
10:05:24   ├─ /peliculas/jason-x-2001/index.html (+65ms)
10:05:24   ├─ /peliculas/spirited-away-2001/index.html (+64ms)
10:05:24   ├─ /peliculas/jurassic-park-iii-2001/index.html (+66ms)
10:05:24   ├─ /peliculas/the-score-un-golpe-maestro-2001/index.html (+63ms)
10:05:24   ├─ /peliculas/atlantis-el-imperio-perdido-2001/index.html (+65ms)
10:05:24   ├─ /peliculas/shrek-2001/index.html (+69ms)
10:05:24   ├─ /peliculas/a-i-artificial-intelligence-2001/index.html (+64ms)
10:05:24   ├─ /peliculas/the-fast-and-the-furious-2001/index.html (+63ms)
10:05:25   ├─ /peliculas/moulin-rouge-2001/index.html (+65ms)
10:05:25   ├─ /peliculas/la-hora-de-la-arana-2001/index.html (+67ms)
10:05:25   ├─ /peliculas/15-minutos-2001/index.html (+65ms)
10:05:25   ├─ /peliculas/hannibal-2001/index.html (+67ms)
10:05:25   ├─ /peliculas/donnie-darko-2001/index.html (+67ms)
10:05:25   ├─ /peliculas/ali-2001/index.html (+68ms)
10:05:25   ├─ /peliculas/amelie-2001/index.html (+64ms)
10:05:25   ├─ /peliculas/dia-de-entrenamiento-2001/index.html (+65ms)
10:05:25   ├─ /peliculas/el-creyente-2001/index.html (+67ms)
10:05:25   ├─ /peliculas/el-hijo-de-la-novia-2001/index.html (+67ms)
10:05:25   ├─ /peliculas/ghost-world-2001/index.html (+64ms)
10:05:25   ├─ /peliculas/ichi-the-killer-2001/index.html (+62ms)
10:05:25   ├─ /peliculas/la-cienaga-2001/index.html (+65ms)
10:05:25   ├─ /peliculas/mulholland-drive-2001/index.html (+67ms)
10:05:25   ├─ /peliculas/planet-of-the-apes-2001/index.html (+66ms)
10:05:26   ├─ /peliculas/rock-star-2001/index.html (+82ms)
10:05:26   ├─ /peliculas/the-majestic-2001/index.html (+66ms)
10:05:26   ├─ /peliculas/vanilla-sky-2001/index.html (+63ms)
10:05:26   ├─ /peliculas/donde-estas-hermano-2000/index.html (+63ms)
10:05:26   ├─ /peliculas/las-locuras-del-emperador-2000/index.html (+65ms)
10:05:26   ├─ /peliculas/el-grinch-2000/index.html (+66ms)
10:05:26   ├─ /peliculas/little-nicky-2000/index.html (+63ms)
10:05:26   ├─ /peliculas/very-important-perros-2000/index.html (+63ms)
10:05:26   ├─ /peliculas/deseando-amar-2000/index.html (+65ms)
10:05:26   ├─ /peliculas/casi-famosos-2000/index.html (+74ms)
10:05:26   ├─ /peliculas/lo-que-la-verdad-esconde-2000/index.html (+65ms)
10:05:26   ├─ /peliculas/tigre-y-dragon-2000/index.html (+64ms)
10:05:26   ├─ /peliculas/destino-final-2000/index.html (+75ms)
10:05:26   ├─ /peliculas/pollitos-en-fuga-2000/index.html (+63ms)
10:05:26   ├─ /peliculas/dinosaurio-2000/index.html (+65ms)
10:05:27   ├─ /peliculas/fantasia-2000-2000/index.html (+64ms)
10:05:27   ├─ /peliculas/mission-impossible-ii-2000/index.html (+66ms)
10:05:27   ├─ /peliculas/small-time-crooks-2000/index.html (+64ms)
10:05:27   ├─ /peliculas/gladiator-2000/index.html (+63ms)
10:05:27   ├─ /peliculas/south-park-mas-grande-mas-largo-y-sin-cortes-1999/index.html (+63ms)
10:05:27   ├─ /peliculas/el-camino-hacia-el-dorado-2000/index.html (+68ms)
10:05:27   ├─ /peliculas/una-mujer-audaz-2000/index.html (+63ms)
10:05:27   ├─ /peliculas/colgadas-2000/index.html (+97ms)
10:05:27   ├─ /peliculas/scream-3-2000/index.html (+64ms)
10:05:27   ├─ /peliculas/amores-perros-2000/index.html (+65ms)
10:05:27   ├─ /peliculas/battle-royale-2000/index.html (+63ms)
10:05:27   ├─ /peliculas/la-tormenta-perfecta-2000/index.html (+64ms)
10:05:27   ├─ /peliculas/memento-2000/index.html (+64ms)
10:05:27   ├─ /peliculas/naufrago-2000/index.html (+69ms)
10:05:27   ├─ /peliculas/nueve-reinas-2000/index.html (+64ms)
10:05:28   ├─ /peliculas/plata-quemada-2000/index.html (+63ms)
10:05:28   ├─ /peliculas/psicopata-americano-2000/index.html (+65ms)
10:05:28   ├─ /peliculas/requiem-por-un-sueno-2000/index.html (+71ms)
10:05:28   ├─ /peliculas/snatch-cerdos-y-diamantes-2000/index.html (+64ms)
10:05:28   ├─ /peliculas/titanes-hicieron-historia-2000/index.html (+64ms)
10:05:28   ├─ /peliculas/x-men-2000/index.html (+66ms)
10:05:28   ├─ /peliculas/yo-yo-mismo-e-irene-2000/index.html (+65ms)
10:05:28   ├─ /peliculas/heroes-fuera-de-orbita-1999/index.html (+64ms)
10:05:28   ├─ /peliculas/un-domingo-cualquiera-1999/index.html (+71ms)
10:05:28   ├─ /peliculas/magnolia-1999/index.html (+72ms)
10:05:28   ├─ /peliculas/flawless-1999/index.html (+65ms)
10:05:28   ├─ /peliculas/el-informante-1999/index.html (+85ms)
10:05:28   ├─ /peliculas/como-ser-john-malkovich-1999/index.html (+68ms)
10:05:28   ├─ /peliculas/bringing-out-the-dead-1999/index.html (+70ms)
10:05:28   ├─ /peliculas/fight-club-1999/index.html (+64ms)
10:05:29   ├─ /peliculas/american-beauty-1999/index.html (+65ms)
10:05:29   ├─ /peliculas/my-voyage-to-italy-1999/index.html (+71ms)
10:05:29   ├─ /peliculas/sweet-and-lowdown-1999/index.html (+67ms)
10:05:29   ├─ /peliculas/garage-olimpo-1999/index.html (+69ms)
10:05:29   ├─ /peliculas/the-sixth-sense-1999/index.html (+64ms)
10:05:29   ├─ /peliculas/big-daddy-1999/index.html (+69ms)
10:05:29   ├─ /peliculas/mundo-grua-1999/index.html (+65ms)
10:05:29   ├─ /peliculas/tarzan-1999/index.html (+66ms)
10:05:29   ├─ /peliculas/star-wars-episode-i-the-phantom-menace-1999/index.html (+63ms)
10:05:29   ├─ /peliculas/the-matrix-1999/index.html (+65ms)
10:05:29   ├─ /peliculas/una-terapia-peligrosa-1999/index.html (+63ms)
10:05:29   ├─ /peliculas/silvia-prieto-1999/index.html (+65ms)
10:05:29   ├─ /peliculas/mensaje-en-una-botella-1999/index.html (+64ms)
10:05:29   ├─ /peliculas/cielo-de-octubre-1999/index.html (+64ms)
10:05:29   ├─ /peliculas/trabajo-basura-1999/index.html (+64ms)
10:05:30   ├─ /peliculas/audition-1999/index.html (+63ms)
10:05:30   ├─ /peliculas/el-gigante-de-hierro-1999/index.html (+64ms)
10:05:30   ├─ /peliculas/el-talento-de-mr-ripley-1999/index.html (+65ms)
10:05:30   ├─ /peliculas/existenz-1999/index.html (+67ms)
10:05:30   ├─ /peliculas/huracan-carter-1999/index.html (+64ms)
10:05:30   ├─ /peliculas/la-milla-verde-1999/index.html (+64ms)
10:05:30   ├─ /peliculas/man-on-the-moon-1999/index.html (+64ms)
10:05:30   ├─ /peliculas/ojos-bien-cerrados-1999/index.html (+65ms)
10:05:30   ├─ /peliculas/sleepy-hollow-1999/index.html (+63ms)
10:05:30   ├─ /peliculas/the-blair-witch-project-1999/index.html (+64ms)
10:05:30   ├─ /peliculas/toy-story-2-1999/index.html (+63ms)
10:05:30   ├─ /peliculas/tres-reyes-1999/index.html (+63ms)
10:05:30   ├─ /peliculas/quedate-a-mi-lado-1998/index.html (+63ms)
10:05:30   ├─ /peliculas/la-delgada-linea-roja-1998/index.html (+63ms)
10:05:30   ├─ /peliculas/el-principe-de-egipto-1998/index.html (+66ms)
10:05:30   ├─ /peliculas/shakespeare-in-love-1998/index.html (+65ms)
10:05:31   ├─ /peliculas/kiriku-y-la-bruja-1998/index.html (+69ms)
10:05:31   ├─ /peliculas/bichos-una-aventura-en-miniatura-1998/index.html (+64ms)
10:05:31   ├─ /peliculas/celebrity-1998/index.html (+72ms)
10:05:31   ├─ /peliculas/antz-hormiguitaz-1998/index.html (+66ms)
10:05:31   ├─ /peliculas/the-waterboy-1998/index.html (+62ms)
10:05:31   ├─ /peliculas/ronin-1998/index.html (+65ms)
10:05:31   ├─ /peliculas/elizabeth-1998/index.html (+62ms)
10:05:31   ├─ /peliculas/seis-dias-y-siete-noches-1998/index.html (+66ms)
10:05:31   ├─ /peliculas/saving-private-ryan-1998/index.html (+65ms)
10:05:31   ├─ /peliculas/pokemon-la-pelicula-1998/index.html (+64ms)
10:05:31   ├─ /peliculas/un-romance-peligroso-1998/index.html (+64ms)
10:05:31   ├─ /peliculas/mulan-1998/index.html (+64ms)
10:05:31   ├─ /peliculas/the-truman-show-1998/index.html (+67ms)
10:05:31   ├─ /peliculas/beavis-y-butt-head-recorren-america-1996/index.html (+64ms)
10:05:31   ├─ /peliculas/dark-city-1998/index.html (+64ms)
10:05:32   ├─ /peliculas/esfera-1998/index.html (+70ms)
10:05:32   ├─ /peliculas/the-wedding-singer-1998/index.html (+64ms)
10:05:32   ├─ /peliculas/lluvia-permanente-1998/index.html (+67ms)
10:05:32   ├─ /peliculas/blade-1998/index.html (+67ms)
10:05:32   ├─ /peliculas/el-circulo-1998/index.html (+64ms)
10:05:32   ├─ /peliculas/el-gran-lebowski-1998/index.html (+62ms)
10:05:32   ├─ /peliculas/following-1998/index.html (+67ms)
10:05:32   ├─ /peliculas/halloween-h20-20-years-later-1998/index.html (+66ms)
10:05:32   ├─ /peliculas/bride-of-chucky-1998/index.html (+63ms)
10:05:32   ├─ /peliculas/los-miserables-la-leyenda-nunca-muere-1998/index.html (+65ms)
10:05:32   ├─ /peliculas/pi-fe-en-el-caos-1998/index.html (+64ms)
10:05:32   ├─ /peliculas/poseidos-1998/index.html (+62ms)
10:05:32   ├─ /peliculas/the-faculty-1998/index.html (+65ms)
10:05:32   ├─ /peliculas/el-boxeador-1997/index.html (+65ms)
10:05:32   ├─ /peliculas/kundun-1997/index.html (+68ms)
10:05:33   ├─ /peliculas/titanic-1997/index.html (+64ms)
10:05:33   ├─ /peliculas/la-cortina-de-humo-1997/index.html (+66ms)
10:05:33   ├─ /peliculas/amistad-1997/index.html (+63ms)
10:05:33   ├─ /peliculas/scream-2-1997/index.html (+68ms)
10:05:33   ├─ /peliculas/good-will-hunting-1997/index.html (+68ms)
10:05:33   ├─ /peliculas/anastasia-1997/index.html (+68ms)
10:05:33   ├─ /peliculas/el-coleccionista-de-amantes-1997/index.html (+67ms)
10:05:33   ├─ /peliculas/el-pacificador-1997/index.html (+65ms)
10:05:33   ├─ /peliculas/deconstructing-harry-1997/index.html (+66ms)
10:05:33   ├─ /peliculas/the-end-of-evangelion-1997/index.html (+65ms)
10:05:33   ├─ /peliculas/princess-mononoke-1997/index.html (+73ms)
10:05:33   ├─ /peliculas/contacto-1997/index.html (+65ms)
10:05:33   ├─ /peliculas/gattaca-1997/index.html (+67ms)
10:05:33   ├─ /peliculas/hercules-1997/index.html (+65ms)
10:05:33   ├─ /peliculas/the-lost-world-jurassic-park-1997/index.html (+65ms)
10:05:34   ├─ /peliculas/donnie-brasco-1997/index.html (+63ms)
10:05:34   ├─ /peliculas/carretera-perdida-1997/index.html (+65ms)
10:05:34   ├─ /peliculas/alien-resurrection-1997/index.html (+64ms)
10:05:34   ├─ /peliculas/batman-and-robin-1997/index.html (+69ms)
10:05:34   ├─ /peliculas/boogie-nights-1997/index.html (+65ms)
10:05:34   ├─ /peliculas/cara-a-cara-1997/index.html (+65ms)
10:05:34   ├─ /peliculas/cube-1997/index.html (+70ms)
10:05:34   ├─ /peliculas/el-poder-de-la-justicia-1997/index.html (+64ms)
10:05:34   ├─ /peliculas/el-quinto-elemento-1997/index.html (+68ms)
10:05:34   ├─ /peliculas/gummo-1997/index.html (+66ms)
10:05:34   ├─ /peliculas/horizonte-final-1997/index.html (+67ms)
10:05:34   ├─ /peliculas/jackie-brown-1997/index.html (+65ms)
10:05:34   ├─ /peliculas/la-vida-es-bella-1997/index.html (+65ms)
10:05:34   ├─ /peliculas/los-angeles-al-desnudo-1997/index.html (+65ms)
10:05:34   ├─ /peliculas/mentiroso-mentiroso-1997/index.html (+64ms)
10:05:35   ├─ /peliculas/perfect-blue-1997/index.html (+64ms)
10:05:35   ├─ /peliculas/retrato-de-una-dama-1996/index.html (+65ms)
10:05:35   ├─ /peliculas/scream-1996/index.html (+63ms)
10:05:35   ├─ /peliculas/la-habitacion-de-marvin-1996/index.html (+65ms)
10:05:35   ├─ /peliculas/everyone-says-i-love-you-1996/index.html (+64ms)
10:05:35   ├─ /peliculas/el-crisol-1996/index.html (+65ms)
10:05:35   ├─ /peliculas/the-english-patient-1996/index.html (+65ms)
10:05:35   ├─ /peliculas/el-club-de-las-primeras-esposas-1996/index.html (+65ms)
10:05:35   ├─ /peliculas/bulletproof-1996/index.html (+63ms)
10:05:35   ├─ /peliculas/fanatico-1996/index.html (+63ms)
10:05:35   ├─ /peliculas/tin-cup-1996/index.html (+65ms)
10:05:35   ├─ /peliculas/tiempo-de-matar-1996/index.html (+65ms)
10:05:35   ├─ /peliculas/el-jorobado-de-notre-dame-1996/index.html (+70ms)
10:05:35   ├─ /peliculas/la-roca-1996/index.html (+65ms)
10:05:35   ├─ /peliculas/mission-impossible-1996/index.html (+70ms)
10:05:35   ├─ /peliculas/trainspotting-1996/index.html (+64ms)
10:05:36   ├─ /peliculas/happy-gilmore-1996/index.html (+67ms)
10:05:36   ├─ /peliculas/crash-extranos-placeres-1996/index.html (+65ms)
10:05:36   ├─ /peliculas/el-insoportable-1996/index.html (+79ms)
10:05:36   ├─ /peliculas/en-honor-a-la-verdad-1996/index.html (+66ms)
10:05:36   ├─ /peliculas/from-dusk-till-dawn-1996/index.html (+64ms)
10:05:36   ├─ /peliculas/jovenes-y-brujas-1996/index.html (+63ms)
10:05:36   ├─ /peliculas/mars-attacks-1996/index.html (+65ms)
10:05:36   ├─ /peliculas/michael-collins-1996/index.html (+66ms)
10:05:36   ├─ /peliculas/pasion-obsesiva-1996/index.html (+64ms)
10:05:36   ├─ /peliculas/romeo-julieta-de-william-shakespeare-1996/index.html (+66ms)
10:05:36   ├─ /peliculas/nixon-1995/index.html (+63ms)
10:05:36   ├─ /peliculas/sabrina-y-sus-amores-1995/index.html (+65ms)
10:05:36   ├─ /peliculas/sentido-y-sensibilidad-1995/index.html (+68ms)
10:05:36   ├─ /peliculas/casino-1995/index.html (+68ms)
10:05:36   ├─ /peliculas/toy-story-1995/index.html (+65ms)
10:05:37   ├─ /peliculas/ghost-in-the-shell-1995/index.html (+62ms)
10:05:37   ├─ /peliculas/ace-ventura-un-loco-en-africa-1995/index.html (+65ms)
10:05:37   ├─ /peliculas/mighty-aphrodite-1995/index.html (+64ms)
10:05:37   ├─ /peliculas/a-personal-journey-with-martin-scorsese-through-american-movies-1995/index.html (+65ms)
10:05:37   ├─ /peliculas/halloween-the-curse-of-michael-myers-1995/index.html (+64ms)
10:05:37   ├─ /peliculas/lancelot-el-primer-caballero-1995/index.html (+61ms)
10:05:37   ├─ /peliculas/se7en-1995/index.html (+63ms)
10:05:37   ├─ /peliculas/todo-por-un-sueno-1995/index.html (+64ms)
10:05:37   ├─ /peliculas/mundo-acuatico-1995/index.html (+63ms)
10:05:37   ├─ /peliculas/susurros-del-corazon-1995/index.html (+62ms)
10:05:37   ├─ /peliculas/pocahontas-1995/index.html (+64ms)
10:05:37   ├─ /peliculas/el-odio-1995/index.html (+69ms)
10:05:37   ├─ /peliculas/braveheart-1995/index.html (+64ms)
10:05:37   ├─ /peliculas/jungla-de-cristal-la-venganza-1995/index.html (+65ms)
10:05:37   ├─ /peliculas/carrington-1995/index.html (+64ms)
10:05:37   ├─ /peliculas/mientras-dormias-1995/index.html (+68ms)
10:05:38   ├─ /peliculas/a-goofy-movie-1995/index.html (+63ms)
10:05:38   ├─ /peliculas/billy-madison-1995/index.html (+64ms)
10:05:38   ├─ /peliculas/antes-de-amanecer-1995/index.html (+64ms)
10:05:38   ├─ /peliculas/apolo-13-1995/index.html (+64ms)
10:05:38   ├─ /peliculas/batman-forever-1995/index.html (+64ms)
10:05:38   ├─ /peliculas/caballos-salvajes-1995/index.html (+67ms)
10:05:38   ├─ /peliculas/como-conquistar-hollywood-1995/index.html (+66ms)
10:05:38   ├─ /peliculas/el-demonio-vestido-de-azul-1995/index.html (+64ms)
10:05:38   ├─ /peliculas/el-dia-de-la-bestia-1995/index.html (+65ms)
10:05:38   ├─ /peliculas/four-rooms-1995/index.html (+63ms)
10:05:38   ├─ /peliculas/fuego-contra-fuego-1995/index.html (+64ms)
10:05:38   ├─ /peliculas/la-ciudad-de-los-ninos-perdidos-1995/index.html (+64ms)
10:05:38   ├─ /peliculas/marea-roja-1995/index.html (+64ms)
10:05:38   ├─ /peliculas/rob-roy-la-pasion-de-un-rebelde-1995/index.html (+77ms)
10:05:38   ├─ /peliculas/showgirls-1995/index.html (+64ms)
10:05:39   ├─ /peliculas/junior-1994/index.html (+70ms)
10:05:39   ├─ /peliculas/frankenstein-de-mary-shelley-1994/index.html (+65ms)
10:05:39   ├─ /peliculas/dependientes-1994/index.html (+66ms)
10:05:39   ├─ /peliculas/the-shawshank-redemption-1994/index.html (+65ms)
10:05:39   ├─ /peliculas/bullets-over-broadway-1994/index.html (+63ms)
10:05:39   ├─ /peliculas/peligro-inminente-1994/index.html (+67ms)
10:05:39   ├─ /peliculas/el-cliente-1994/index.html (+66ms)
10:05:39   ├─ /peliculas/chungking-express-1994/index.html (+64ms)
10:05:39   ├─ /peliculas/volar-por-los-aires-1994/index.html (+64ms)
10:05:39   ├─ /peliculas/wyatt-earp-1994/index.html (+63ms)
10:05:39   ├─ /peliculas/forrest-gump-1994/index.html (+63ms)
10:05:39   ├─ /peliculas/the-lion-king-1994/index.html (+65ms)
10:05:39   ├─ /peliculas/maverick-1994/index.html (+64ms)
10:05:39   ├─ /peliculas/ace-ventura-un-detective-diferente-1994/index.html (+68ms)
10:05:39   ├─ /peliculas/ed-wood-1994/index.html (+64ms)
10:05:40   ├─ /peliculas/el-cuervo-1994/index.html (+64ms)
10:05:40   ├─ /peliculas/el-especialista-1994/index.html (+65ms)
10:05:40   ├─ /peliculas/hoop-dreams-1994/index.html (+66ms)
10:05:40   ├─ /peliculas/la-locura-del-rey-jorge-1994/index.html (+65ms)
10:05:40   ├─ /peliculas/la-mascara-1994/index.html (+63ms)
10:05:40   ├─ /peliculas/wes-craven-s-new-nightmare-1994/index.html (+66ms)
10:05:40   ├─ /peliculas/las-cosas-que-nunca-mueren-1994/index.html (+65ms)
10:05:40   ├─ /peliculas/pulp-fiction-1994/index.html (+63ms)
10:05:40   ├─ /peliculas/tonto-y-retonto-1994/index.html (+68ms)
10:05:40   ├─ /peliculas/en-el-nombre-del-padre-1993/index.html (+68ms)
10:05:40   ├─ /peliculas/batman-la-mascara-del-fantasma-1993/index.html (+63ms)
10:05:40   ├─ /peliculas/schindler-s-list-1993/index.html (+66ms)
10:05:40   ├─ /peliculas/un-mundo-perfecto-1993/index.html (+63ms)
10:05:40   ├─ /peliculas/atrapado-por-su-pasado-1993/index.html (+65ms)
10:05:40   ├─ /peliculas/lo-que-queda-del-dia-1993/index.html (+66ms)
10:05:40   ├─ /peliculas/el-extrano-mundo-de-jack-1993/index.html (+65ms)
10:05:41   ├─ /peliculas/el-demoledor-1993/index.html (+93ms)
10:05:41   ├─ /peliculas/the-age-of-innocence-1993/index.html (+64ms)
10:05:41   ├─ /peliculas/manhattan-murder-mystery-1993/index.html (+65ms)
10:05:41   ├─ /peliculas/el-fugitivo-1993/index.html (+67ms)
10:05:41   ├─ /peliculas/jurassic-park-1993/index.html (+63ms)
10:05:41   ├─ /peliculas/mucho-ruido-y-pocas-nueces-1993/index.html (+64ms)
10:05:41   ├─ /peliculas/funes-un-gran-amor-1993/index.html (+84ms)
10:05:41   ├─ /peliculas/la-chica-del-gangster-1993/index.html (+69ms)
10:05:41   ├─ /peliculas/el-informe-pelicano-1993/index.html (+64ms)
10:05:41   ├─ /peliculas/el-piano-1993/index.html (+64ms)
10:05:41   ├─ /peliculas/filadelfia-1993/index.html (+63ms)
10:05:41   ├─ /peliculas/seis-grados-de-separacion-1993/index.html (+65ms)
10:05:41   ├─ /peliculas/super-mario-bros-la-pelicula-1993/index.html (+62ms)
10:05:41   ├─ /peliculas/tango-feroz-la-leyenda-de-tanguito-1993/index.html (+67ms)
10:05:42   ├─ /peliculas/un-dia-de-furia-1993/index.html (+66ms)
10:05:42   ├─ /peliculas/jason-goes-to-hell-the-final-friday-1993/index.html (+65ms)
10:05:42   ├─ /peliculas/dracula-de-bram-stoker-1992/index.html (+64ms)
10:05:42   ├─ /peliculas/exito-a-cualquier-precio-1992/index.html (+66ms)
10:05:42   ├─ /peliculas/husbands-and-wives-1992/index.html (+65ms)
10:05:42   ├─ /peliculas/el-ultimo-mohicano-1992/index.html (+65ms)
10:05:42   ├─ /peliculas/unforgiven-1992/index.html (+64ms)
10:05:42   ├─ /peliculas/porco-rosso-1992/index.html (+66ms)
10:05:42   ├─ /peliculas/aladdin-1992/index.html (+65ms)
10:05:42   ├─ /peliculas/un-equipo-muy-especial-1992/index.html (+64ms)
10:05:42   ├─ /peliculas/juego-de-patriotas-1992/index.html (+63ms)
10:05:42   ├─ /peliculas/el-juego-de-hollywood-1992/index.html (+65ms)
10:05:42   ├─ /peliculas/hard-boiled-1992/index.html (+70ms)
10:05:42   ├─ /peliculas/un-lugar-en-el-mundo-1992/index.html (+68ms)
10:05:42   ├─ /peliculas/los-amigos-de-peter-1992/index.html (+65ms)
10:05:42   ├─ /peliculas/alien-3-1992/index.html (+64ms)
10:05:43   ├─ /peliculas/batman-returns-1992/index.html (+68ms)
10:05:43   ├─ /peliculas/candyman-1992/index.html (+67ms)
10:05:43   ├─ /peliculas/el-ejercito-de-las-tinieblas-1992/index.html (+65ms)
10:05:43   ├─ /peliculas/instinto-basico-1992/index.html (+64ms)
10:05:43   ├─ /peliculas/la-muerte-le-sienta-bien-1992/index.html (+63ms)
10:05:43   ├─ /peliculas/malcolm-x-1992/index.html (+71ms)
10:05:43   ├─ /peliculas/reservoir-dogs-1992/index.html (+64ms)
10:05:43   ├─ /peliculas/tu-madre-se-ha-comido-a-mi-perro-1992/index.html (+65ms)
10:05:43   ├─ /peliculas/jfk-caso-abierto-1991/index.html (+65ms)
10:05:43   ├─ /peliculas/shadows-and-fog-1991/index.html (+65ms)
10:05:43   ├─ /peliculas/cape-fear-1991/index.html (+65ms)
10:05:43   ├─ /peliculas/la-bella-y-la-bestia-1991/index.html (+65ms)
10:05:43   ├─ /peliculas/el-pequeno-tate-1991/index.html (+64ms)
10:05:43   ├─ /peliculas/morir-todavia-1991/index.html (+65ms)
10:05:43   ├─ /peliculas/una-segunda-oportunidad-1991/index.html (+67ms)
10:05:44   ├─ /peliculas/barton-fink-1991/index.html (+71ms)
10:05:44   ├─ /peliculas/recuerdos-del-ayer-1991/index.html (+66ms)
10:05:44   ├─ /peliculas/extermineitors-iii-la-gran-pelea-final-1991/index.html (+77ms)
10:05:44   ├─ /peliculas/thelma-y-louise-1991/index.html (+67ms)
10:05:44   ├─ /peliculas/hook-1991/index.html (+64ms)
10:05:44   ├─ /peliculas/the-silence-of-the-lambs-1991/index.html (+65ms)
10:05:44   ├─ /peliculas/delicatessen-1991/index.html (+64ms)
10:05:44   ├─ /peliculas/el-almuerzo-desnudo-1991/index.html (+64ms)
10:05:44   ├─ /peliculas/child-s-play-3-1991/index.html (+71ms)
10:05:44   ├─ /peliculas/freddy-s-dead-the-final-nightmare-1991/index.html (+65ms)
10:05:44   ├─ /peliculas/alice-1990/index.html (+64ms)
10:05:44   ├─ /peliculas/el-padrino-parte-iii-1990/index.html (+65ms)
10:05:44   ├─ /peliculas/despertares-1990/index.html (+63ms)
10:05:44   ├─ /peliculas/dances-with-wolves-1990/index.html (+65ms)
10:05:44   ├─ /peliculas/it-1990/index.html (+73ms)
10:05:45   ├─ /peliculas/los-rescatadores-en-cangurolandia-1990/index.html (+64ms)
10:05:45   ├─ /peliculas/home-alone-1990/index.html (+64ms)
10:05:45   ├─ /peliculas/calda-emocion-1990/index.html (+64ms)
10:05:45   ├─ /peliculas/muerte-entre-las-flores-1990/index.html (+68ms)
10:05:45   ├─ /peliculas/postales-desde-el-filo-1990/index.html (+76ms)
10:05:45   ├─ /peliculas/goodfellas-1990/index.html (+70ms)
10:05:45   ├─ /peliculas/corazon-salvaje-1990/index.html (+69ms)
10:05:45   ├─ /peliculas/extermineitors-ii-la-venganza-del-dragon-1990/index.html (+62ms)
10:05:45   ├─ /peliculas/back-to-the-future-part-iii-1990/index.html (+68ms)
10:05:45   ├─ /peliculas/mujer-bonita-1990/index.html (+70ms)
10:05:45   ├─ /peliculas/captain-america-1990/index.html (+66ms)
10:05:45   ├─ /peliculas/darkman-1990/index.html (+63ms)
10:05:45   ├─ /peliculas/desafio-total-1990/index.html (+64ms)
10:05:45   ├─ /peliculas/dias-de-trueno-1990/index.html (+64ms)
10:05:45   ├─ /peliculas/edward-scissorhands-1990/index.html (+74ms)
10:05:46   ├─ /peliculas/la-escalera-de-jacob-1990/index.html (+90ms)
10:05:46   ├─ /peliculas/child-s-play-2-1990/index.html (+73ms)
10:05:46   ├─ /peliculas/paris-is-burning-1990/index.html (+64ms)
10:05:46   ├─ /peliculas/rocky-v-1990/index.html (+64ms)
10:05:46   ├─ /peliculas/troll-2-1990/index.html (+66ms)
10:05:46   ├─ /peliculas/always-1989/index.html (+62ms)
10:05:46   ├─ /peliculas/nunca-fuimos-angeles-1989/index.html (+65ms)
10:05:46   ├─ /peliculas/driving-miss-daisy-1989/index.html (+65ms)
10:05:46   ├─ /peliculas/santa-sangre-1989/index.html (+67ms)
10:05:46   ├─ /peliculas/back-to-the-future-part-ii-1989/index.html (+64ms)
10:05:46   ├─ /peliculas/la-sirenita-1989/index.html (+66ms)
10:05:46   ├─ /peliculas/noches-de-harlem-1989/index.html (+73ms)
10:05:46   ├─ /peliculas/going-overboard-1989/index.html (+63ms)
10:05:46   ├─ /peliculas/crimes-and-misdemeanors-1989/index.html (+65ms)
10:05:47   ├─ /peliculas/el-cocinero-el-ladron-su-mujer-y-su-amante-1989/index.html (+64ms)
10:05:47   ├─ /peliculas/abyss-1989/index.html (+65ms)
10:05:47   ├─ /peliculas/nicky-la-aprendiz-de-bruja-1989/index.html (+65ms)
10:05:47   ├─ /peliculas/los-extermineitors-1989/index.html (+63ms)
10:05:47   ├─ /peliculas/do-the-right-thing-1989/index.html (+73ms)
10:05:47   ├─ /peliculas/karate-kid-iii-el-desafio-final-1989/index.html (+63ms)
10:05:47   ├─ /peliculas/baneros-ii-la-playa-loca-1989/index.html (+64ms)
10:05:47   ├─ /peliculas/escuela-de-rebeldes-1989/index.html (+66ms)
10:05:47   ├─ /peliculas/batman-1989/index.html (+65ms)
10:05:47   ├─ /peliculas/halloween-5-the-revenge-of-michael-myers-1989/index.html (+65ms)
10:05:47   ├─ /peliculas/indiana-jones-and-the-last-crusade-1989/index.html (+65ms)
10:05:47   ├─ /peliculas/la-guerra-de-los-rose-1989/index.html (+66ms)
10:05:47   ├─ /peliculas/a-nightmare-on-elm-street-5-the-dream-child-1989/index.html (+66ms)
10:05:47   ├─ /peliculas/tetsuo-the-iron-man-1989/index.html (+67ms)
10:05:47   ├─ /peliculas/the-punisher-1989/index.html (+66ms)
10:05:47   ├─ /peliculas/tiempos-de-gloria-1989/index.html (+66ms)
10:05:48   ├─ /peliculas/friday-the-13th-part-viii-jason-takes-manhattan-1989/index.html (+65ms)
10:05:48   ├─ /peliculas/el-turista-accidental-1988/index.html (+64ms)
10:05:48   ├─ /peliculas/armas-de-mujer-1988/index.html (+63ms)
10:05:48   ├─ /peliculas/jungla-de-cristal-1988/index.html (+64ms)
10:05:48   ├─ /peliculas/rain-man-1988/index.html (+64ms)
10:05:48   ├─ /peliculas/agarralo-como-puedas-1988/index.html (+65ms)
10:05:48   ├─ /peliculas/en-busca-del-valle-encantado-1988/index.html (+64ms)
10:05:48   ├─ /peliculas/oliver-y-su-pandilla-1988/index.html (+65ms)
10:05:48   ├─ /peliculas/conexion-tequila-1988/index.html (+64ms)
10:05:48   ├─ /peliculas/acusados-1988/index.html (+64ms)
10:05:48   ├─ /peliculas/the-last-temptation-of-christ-1988/index.html (+66ms)
10:05:48   ├─ /peliculas/el-sendero-de-la-traicion-1988/index.html (+76ms)
10:05:48   ├─ /peliculas/akira-1988/index.html (+68ms)
10:05:48   ├─ /peliculas/arturo-el-millonario-seductor-2-1988/index.html (+65ms)
10:05:48   ├─ /peliculas/los-bufalos-de-durham-1988/index.html (+65ms)
10:05:49   ├─ /peliculas/busqueda-frenetica-1988/index.html (+66ms)
10:05:49   ├─ /peliculas/la-insoportable-levedad-del-ser-1988/index.html (+65ms)
10:05:49   ├─ /peliculas/beetlejuice-1988/index.html (+64ms)
10:05:49   ├─ /peliculas/cinema-paradiso-1988/index.html (+66ms)
10:05:49   ├─ /peliculas/desaparecida-1988/index.html (+64ms)
10:05:49   ├─ /peliculas/estan-vivos-1988/index.html (+64ms)
10:05:49   ├─ /peliculas/grave-of-the-fireflies-1988/index.html (+63ms)
10:05:49   ├─ /peliculas/halloween-4-the-return-of-michael-myers-1988/index.html (+70ms)
10:05:49   ├─ /peliculas/inseparables-1988/index.html (+67ms)
10:05:49   ├─ /peliculas/child-s-play-1988/index.html (+65ms)
10:05:49   ├─ /peliculas/another-woman-1988/index.html (+63ms)
10:05:49   ├─ /peliculas/a-nightmare-on-elm-street-4-the-dream-master-1988/index.html (+68ms)
10:05:49   ├─ /peliculas/the-thin-blue-line-1988/index.html (+65ms)
10:05:49   ├─ /peliculas/friday-the-13th-part-vii-the-new-blood-1988/index.html (+65ms)
10:05:49   ├─ /peliculas/september-1987/index.html (+64ms)
10:05:50   ├─ /peliculas/empire-of-the-sun-1987/index.html (+64ms)
10:05:50   ├─ /peliculas/el-cielo-sobre-berlin-1987/index.html (+66ms)
10:05:50   ├─ /peliculas/baby-tu-vales-mucho-1987/index.html (+64ms)
10:05:50   ├─ /peliculas/las-brujas-de-eastwick-1987/index.html (+63ms)
10:05:50   ├─ /peliculas/los-intocables-de-eliot-ness-1987/index.html (+64ms)
10:05:50   ├─ /peliculas/arizona-baby-1987/index.html (+71ms)
10:05:50   ├─ /peliculas/radio-days-1987/index.html (+65ms)
10:05:50   ├─ /peliculas/a-nightmare-on-elm-street-3-dream-warriors-1987/index.html (+63ms)
10:05:50   ├─ /peliculas/depredador-1987/index.html (+64ms)
10:05:50   ├─ /peliculas/la-chaqueta-metalica-1987/index.html (+63ms)
10:05:50   ├─ /peliculas/la-princesa-prometida-1987/index.html (+64ms)
10:05:50   ├─ /peliculas/robocop-el-defensor-del-futuro-1987/index.html (+71ms)
10:05:50   ├─ /peliculas/superman-iv-the-quest-for-peace-1987/index.html (+68ms)
10:05:50   ├─ /peliculas/terrorificamente-muertos-1987/index.html (+64ms)
10:05:50   ├─ /peliculas/the-last-emperor-1987/index.html (+65ms)
10:05:50   ├─ /peliculas/wall-street-1987/index.html (+64ms)
10:05:51   ├─ /peliculas/platoon-1986/index.html (+65ms)
10:05:51   ├─ /peliculas/la-costa-mosquito-1986/index.html (+65ms)
10:05:51   ├─ /peliculas/la-mision-1986/index.html (+65ms)
10:05:51   ├─ /peliculas/vellut-blau-1986/index.html (+68ms)
10:05:51   ├─ /peliculas/the-color-of-money-1986/index.html (+66ms)
10:05:51   ├─ /peliculas/peggy-sue-se-caso-1986/index.html (+64ms)
10:05:51   ├─ /peliculas/la-noche-de-los-lapices-1986/index.html (+66ms)
10:05:51   ├─ /peliculas/stand-by-me-1986/index.html (+64ms)
10:05:51   ├─ /peliculas/castle-in-the-sky-1986/index.html (+76ms)
10:05:51   ├─ /peliculas/taron-y-el-caldero-magico-1985/index.html (+66ms)
10:05:51   ├─ /peliculas/basil-el-gran-detective-1986/index.html (+67ms)
10:05:51   ├─ /peliculas/karate-kid-ii-la-historia-continua-1986/index.html (+65ms)
10:05:51   ├─ /peliculas/peligrosamente-juntos-1986/index.html (+66ms)
10:05:51   ├─ /peliculas/golpe-en-la-pequena-china-1986/index.html (+66ms)
10:05:51   ├─ /peliculas/crossroads-1986/index.html (+64ms)
10:05:52   ├─ /peliculas/hannah-and-her-sisters-1986/index.html (+64ms)
10:05:52   ├─ /peliculas/aliens-1986/index.html (+64ms)
10:05:52   ├─ /peliculas/howard-the-duck-1986/index.html (+65ms)
10:05:52   ├─ /peliculas/la-mosca-1986/index.html (+65ms)
10:05:52   ├─ /peliculas/friday-the-13th-part-vi-jason-lives-1986/index.html (+62ms)
10:05:52   ├─ /peliculas/out-of-africa-1985/index.html (+64ms)
10:05:52   ├─ /peliculas/the-color-purple-1985/index.html (+64ms)
10:05:52   ├─ /peliculas/armas-invencibles-police-story-1985/index.html (+66ms)
10:05:52   ├─ /peliculas/masacre-ven-y-mira-1985/index.html (+64ms)
10:05:52   ├─ /peliculas/after-hours-1985/index.html (+62ms)
10:05:52   ├─ /peliculas/silverado-1985/index.html (+68ms)
10:05:52   ├─ /peliculas/back-to-the-future-1985/index.html (+66ms)
10:05:52   ├─ /peliculas/los-goonies-1985/index.html (+89ms)
10:05:52   ├─ /peliculas/testigo-en-peligro-1985/index.html (+65ms)
10:05:52   ├─ /peliculas/lady-halcon-1985/index.html (+64ms)
10:05:53   ├─ /peliculas/the-purple-rose-of-cairo-1985/index.html (+69ms)
10:05:53   ├─ /peliculas/brazil-la-pelicula-1985/index.html (+62ms)
10:05:53   ├─ /peliculas/the-breakfast-club-1985/index.html (+65ms)
10:05:53   ├─ /peliculas/a-nightmare-on-elm-street-2-freddy-s-revenge-1985/index.html (+64ms)
10:05:53   ├─ /peliculas/esperando-la-carroza-1985/index.html (+66ms)
10:05:53   ├─ /peliculas/la-historia-oficial-1985/index.html (+65ms)
10:05:53   ├─ /peliculas/mad-max-beyond-thunderdome-1985/index.html (+64ms)
10:05:53   ├─ /peliculas/mordiscos-peligrosos-1985/index.html (+62ms)
10:05:53   ├─ /peliculas/pee-wees-big-adventure-1985/index.html (+63ms)
10:05:53   ├─ /peliculas/re-animator-1985/index.html (+62ms)
10:05:53   ├─ /peliculas/rocky-iv-1985/index.html (+66ms)
10:05:53   ├─ /peliculas/shoah-1985/index.html (+64ms)
10:05:53   ├─ /peliculas/friday-the-13th-a-new-beginning-1985/index.html (+64ms)
10:05:53   ├─ /peliculas/enamorarse-1984/index.html (+64ms)
10:05:53   ├─ /peliculas/the-terminator-1984/index.html (+64ms)
10:05:54   ├─ /peliculas/en-un-lugar-del-corazon-1984/index.html (+71ms)
10:05:54   ├─ /peliculas/amadeus-1984/index.html (+67ms)
10:05:54   ├─ /peliculas/karate-kid-el-momento-de-la-verdad-1984/index.html (+63ms)
10:05:54   ├─ /peliculas/erase-una-vez-en-america-1984/index.html (+64ms)
10:05:54   ├─ /peliculas/el-mejor-1984/index.html (+69ms)
10:05:54   ├─ /peliculas/la-historia-sin-fin-1984/index.html (+65ms)
10:05:54   ├─ /peliculas/nausicaa-of-the-valley-of-the-wind-1984/index.html (+83ms)
10:05:54   ├─ /peliculas/broadway-danny-rose-1984/index.html (+63ms)
10:05:54   ├─ /peliculas/camila-1984/index.html (+64ms)
10:05:54   ├─ /peliculas/cazafantasmas-1984/index.html (+64ms)
10:05:54   ├─ /peliculas/indiana-jones-and-the-temple-of-doom-1984/index.html (+65ms)
10:05:54   ├─ /peliculas/paris-texas-1984/index.html (+64ms)
10:05:54   ├─ /peliculas/a-nightmare-on-elm-street-1984/index.html (+70ms)
10:05:54   ├─ /peliculas/stop-making-sense-1984/index.html (+64ms)
10:05:54   ├─ /peliculas/supergirl-1984/index.html (+66ms)
10:05:55   ├─ /peliculas/the-toxic-avenger-1984/index.html (+64ms)
10:05:55   ├─ /peliculas/this-is-spinal-tap-1984/index.html (+65ms)
10:05:55   ├─ /peliculas/friday-the-13th-the-final-chapter-1984/index.html (+65ms)
10:05:55   ├─ /peliculas/terms-of-endearment-1983/index.html (+66ms)
10:05:55   ├─ /peliculas/la-zona-muerta-1983/index.html (+63ms)
10:05:55   ├─ /peliculas/zelig-1983/index.html (+65ms)
10:05:55   ├─ /peliculas/star-wars-episode-vi-return-of-the-jedi-1983/index.html (+65ms)
10:05:55   ├─ /peliculas/el-ansia-1983/index.html (+65ms)
10:05:55   ├─ /peliculas/el-ano-que-vivimos-peligrosamente-1982/index.html (+69ms)
10:05:55   ├─ /peliculas/el-precio-del-poder-1983/index.html (+68ms)
10:05:55   ├─ /peliculas/superman-iii-1983/index.html (+64ms)
10:05:55   ├─ /peliculas/videodrome-1983/index.html (+64ms)
10:05:55   ├─ /peliculas/the-king-of-comedy-1982/index.html (+64ms)
10:05:55   ├─ /peliculas/el-secreto-de-nimh-1982/index.html (+64ms)
10:05:55   ├─ /peliculas/limite-48-horas-1982/index.html (+64ms)
10:05:55   ├─ /peliculas/gandhi-1982/index.html (+69ms)
10:05:56   ├─ /peliculas/el-ultimo-unicornio-1982/index.html (+64ms)
10:05:56   ├─ /peliculas/aquel-excitante-curso-1982/index.html (+63ms)
10:05:56   ├─ /peliculas/friday-the-13th-part-iii-1982/index.html (+66ms)
10:05:56   ├─ /peliculas/oficial-y-caballero-1982/index.html (+70ms)
10:05:56   ├─ /peliculas/a-midsummer-night-s-sex-comedy-1982/index.html (+63ms)
10:05:56   ├─ /peliculas/blade-runner-1982/index.html (+65ms)
10:05:56   ├─ /peliculas/la-cosa-el-enigma-de-otro-mundo-1982/index.html (+64ms)
10:05:56   ├─ /peliculas/e-t-the-extra-terrestrial-1982/index.html (+66ms)
10:05:56   ├─ /peliculas/grease-2-1982/index.html (+64ms)
10:05:56   ├─ /peliculas/basket-case-1982/index.html (+65ms)
10:05:56   ├─ /peliculas/halloween-iii-season-of-the-witch-1982/index.html (+63ms)
10:05:56   ├─ /peliculas/poltergeist-1982/index.html (+66ms)
10:05:56   ├─ /peliculas/rocky-iii-1982/index.html (+63ms)
10:05:56   ├─ /peliculas/the-dark-crystal-1982/index.html (+64ms)
10:05:56   ├─ /peliculas/tootsie-1982/index.html (+69ms)
10:05:57   ├─ /peliculas/confesiones-verdaderas-1981/index.html (+80ms)
10:05:57   ├─ /peliculas/heavy-metal-1981/index.html (+90ms)
10:05:57   ├─ /peliculas/el-zorro-y-el-sabueso-1981/index.html (+67ms)
10:05:57   ├─ /peliculas/la-posesion-1981/index.html (+70ms)
10:05:57   ├─ /peliculas/1997-rescate-en-nueva-york-1981/index.html (+73ms)
10:05:57   ├─ /peliculas/chariots-of-fire-1981/index.html (+81ms)
10:05:57   ├─ /peliculas/friday-the-13th-part-2-1981/index.html (+63ms)
10:05:57   ├─ /peliculas/el-cartero-siempre-llama-dos-veces-1981/index.html (+65ms)
10:05:57   ├─ /peliculas/el-mas-alla-1981/index.html (+72ms)
10:05:57   ├─ /peliculas/halloween-ii-1981/index.html (+66ms)
10:05:57   ├─ /peliculas/impacto-1981/index.html (+65ms)
10:05:57   ├─ /peliculas/mad-max-2-1981/index.html (+65ms)
10:05:57   ├─ /peliculas/the-evil-dead-1981/index.html (+66ms)
10:05:57   ├─ /peliculas/raiders-of-the-lost-ark-1981/index.html (+65ms)
10:05:58   ├─ /peliculas/scanners-1981/index.html (+66ms)
10:05:58   ├─ /peliculas/los-perros-de-la-guerra-1980/index.html (+68ms)
10:05:58   ├─ /peliculas/raging-bull-1980/index.html (+71ms)
10:05:58   ├─ /peliculas/stardust-memories-1980/index.html (+71ms)
10:05:58   ├─ /peliculas/ordinary-people-1980/index.html (+67ms)
10:05:58   ├─ /peliculas/aterriza-como-puedas-1980/index.html (+66ms)
10:05:58   ├─ /peliculas/the-shining-1980/index.html (+65ms)
10:05:58   ├─ /peliculas/star-wars-episode-v-the-empire-strikes-back-1980/index.html (+65ms)
10:05:58   ├─ /peliculas/friday-the-13th-1980/index.html (+71ms)
10:05:58   ├─ /peliculas/el-hombre-elefante-1980/index.html (+77ms)
10:05:58   ├─ /peliculas/holocausto-canibal-1980/index.html (+66ms)
10:05:58   ├─ /peliculas/superman-ii-1980/index.html (+66ms)
10:05:58   ├─ /peliculas/empieza-el-espectaculo-1979/index.html (+71ms)
10:05:58   ├─ /peliculas/1941-1979/index.html (+66ms)
10:05:58   ├─ /peliculas/kramer-vs-kramer-1979/index.html (+64ms)
10:05:59   ├─ /peliculas/comenzar-de-nuevo-1979/index.html (+64ms)
10:05:59   ├─ /peliculas/la-vida-de-brian-1979/index.html (+65ms)
10:05:59   ├─ /peliculas/alien-1979/index.html (+68ms)
10:05:59   ├─ /peliculas/stalker-1979/index.html (+66ms)
10:05:59   ├─ /peliculas/apocalypse-now-1979/index.html (+64ms)
10:05:59   ├─ /peliculas/la-calle-del-adios-1979/index.html (+64ms)
10:05:59   ├─ /peliculas/manhattan-1979/index.html (+63ms)
10:05:59   ├─ /peliculas/the-warriors-los-amos-de-la-noche-1979/index.html (+65ms)
10:05:59   ├─ /peliculas/mad-max-1979/index.html (+66ms)
10:05:59   ├─ /peliculas/rocky-ii-1979/index.html (+67ms)
10:05:59   ├─ /peliculas/the-brood-1979/index.html (+63ms)
10:05:59   ├─ /peliculas/the-deer-hunter-1978/index.html (+71ms)
10:05:59   ├─ /peliculas/halloween-1978/index.html (+65ms)
10:05:59   ├─ /peliculas/watership-down-1978/index.html (+66ms)
10:05:59   ├─ /peliculas/american-boy-a-profile-of-steven-prince-1978/index.html (+68ms)
10:06:00   ├─ /peliculas/dias-del-cielo-1978/index.html (+65ms)
10:06:00   ├─ /peliculas/interiors-1978/index.html (+66ms)
10:06:00   ├─ /peliculas/camino-del-sur-1978/index.html (+65ms)
10:06:00   ├─ /peliculas/the-last-waltz-1978/index.html (+64ms)
10:06:00   ├─ /peliculas/superman-1978/index.html (+63ms)
10:06:00   ├─ /peliculas/close-encounters-of-the-third-kind-1977/index.html (+64ms)
10:06:00   ├─ /peliculas/house-1977/index.html (+63ms)
10:06:00   ├─ /peliculas/los-rescatadores-1977/index.html (+63ms)
10:06:00   ├─ /peliculas/new-york-new-york-1977/index.html (+65ms)
10:06:00   ├─ /peliculas/star-wars-episode-iv-a-new-hope-1977/index.html (+63ms)
10:06:00   ├─ /peliculas/annie-hall-1977/index.html (+65ms)
10:06:00   ├─ /peliculas/cabeza-borradora-1977/index.html (+63ms)
10:06:00   ├─ /peliculas/fiebre-del-sabado-noche-1977/index.html (+68ms)
10:06:00   ├─ /peliculas/suspiria-1977/index.html (+68ms)
10:06:00   ├─ /peliculas/rocky-1976/index.html (+65ms)
10:06:01   ├─ /peliculas/network-un-mundo-implacable-1976/index.html (+65ms)
10:06:01   ├─ /peliculas/taxi-driver-1976/index.html (+62ms)
10:06:01   ├─ /peliculas/one-flew-over-the-cuckoo-s-nest-1975/index.html (+65ms)
10:06:01   ├─ /peliculas/tarde-de-perros-1975/index.html (+73ms)
10:06:01   ├─ /peliculas/jaws-1975/index.html (+64ms)
10:06:01   ├─ /peliculas/love-and-death-1975/index.html (+63ms)
10:06:01   ├─ /peliculas/los-caballeros-de-la-mesa-cuadrada-y-sus-locos-seguidores-1975/index.html (+76ms)
10:06:01   ├─ /peliculas/barry-lyndon-1975/index.html (+63ms)
10:06:01   ├─ /peliculas/el-espectaculo-de-imagenes-de-terror-de-rocky-1975/index.html (+62ms)
10:06:01   ├─ /peliculas/grey-gardens-1975/index.html (+63ms)
10:06:01   ├─ /peliculas/alice-doesnt-live-here-anymore-1974/index.html (+65ms)
10:06:01   ├─ /peliculas/italianamerican-1974/index.html (+64ms)
10:06:01   ├─ /peliculas/robin-hood-1973/index.html (+64ms)
10:06:01   ├─ /peliculas/chinatown-1974/index.html (+66ms)
10:06:01   ├─ /peliculas/la-patagonia-rebelde-1974/index.html (+64ms)
10:06:01   ├─ /peliculas/the-sugarland-express-1974/index.html (+67ms)
10:06:02   ├─ /peliculas/la-conversacion-1974/index.html (+66ms)
10:06:02   ├─ /peliculas/la-matanza-de-texas-1974/index.html (+64ms)
10:06:02   ├─ /peliculas/the-exorcist-1973/index.html (+64ms)
10:06:02   ├─ /peliculas/the-sting-1973/index.html (+65ms)
10:06:02   ├─ /peliculas/sleeper-1973/index.html (+66ms)
10:06:02   ├─ /peliculas/el-hombre-de-mimbre-1973/index.html (+65ms)
10:06:02   ├─ /peliculas/el-planeta-salvaje-1973/index.html (+64ms)
10:06:02   ├─ /peliculas/la-montana-sagrada-1973/index.html (+68ms)
10:06:02   ├─ /peliculas/mean-streets-1973/index.html (+66ms)
10:06:02   ├─ /peliculas/boxcar-bertha-1972/index.html (+65ms)
10:06:02   ├─ /peliculas/suenos-de-un-seductor-1972/index.html (+64ms)
10:06:02   ├─ /peliculas/solaris-1972/index.html (+69ms)
10:06:02   ├─ /peliculas/the-godfather-1972/index.html (+66ms)
10:06:02   ├─ /peliculas/los-aristogatos-1970/index.html (+64ms)
10:06:02   ├─ /peliculas/pink-flamingos-1972/index.html (+64ms)
10:06:03   ├─ /peliculas/everything-you-always-wanted-to-know-about-sex-but-were-afraid-to-ask-1972/index.html (+64ms)
10:06:03   ├─ /peliculas/perros-de-paja-1971/index.html (+69ms)
10:06:03   ├─ /peliculas/duel-1971/index.html (+64ms)
10:06:03   ├─ /peliculas/la-naranja-mecanica-1971/index.html (+66ms)
10:06:03   ├─ /peliculas/the-french-connection-1971/index.html (+67ms)
10:06:03   ├─ /peliculas/la-ultima-pelicula-1971/index.html (+64ms)
10:06:03   ├─ /peliculas/bananas-1971/index.html (+67ms)
10:06:03   ├─ /peliculas/el-topo-1970/index.html (+64ms)
10:06:03   ├─ /peliculas/street-scenes-1970-1970/index.html (+66ms)
10:06:03   ├─ /peliculas/hola-mama-1970/index.html (+69ms)
10:06:03   ├─ /peliculas/patton-1970/index.html (+68ms)
10:06:03   ├─ /peliculas/dos-hombres-y-un-destino-1969/index.html (+64ms)
10:06:03   ├─ /peliculas/grupo-salvaje-1969/index.html (+66ms)
10:06:03   ├─ /peliculas/el-libro-de-la-selva-1967/index.html (+64ms)
10:06:03   ├─ /peliculas/midnight-cowboy-1969/index.html (+66ms)
10:06:04   ├─ /peliculas/el-incinerador-de-cadaveres-1969/index.html (+65ms)
10:06:04   ├─ /peliculas/take-the-money-and-run-1969/index.html (+64ms)
10:06:04   ├─ /peliculas/hasta-que-llego-su-hora-1968/index.html (+66ms)
10:06:04   ├─ /peliculas/oliver-1968/index.html (+65ms)
10:06:04   ├─ /peliculas/whos-that-knocking-at-my-door-1967/index.html (+67ms)
10:06:04   ├─ /peliculas/yellow-submarine-1968/index.html (+67ms)
10:06:04   ├─ /peliculas/el-bebe-de-rosemary-1968/index.html (+67ms)
10:06:04   ├─ /peliculas/2001-a-space-odyssey-1968/index.html (+64ms)
10:06:04   ├─ /peliculas/el-silencio-de-un-hombre-1967/index.html (+70ms)
10:06:04   ├─ /peliculas/in-the-heat-of-the-night-1967/index.html (+64ms)
10:06:04   ├─ /peliculas/dont-look-back-1967/index.html (+64ms)
10:06:04   ├─ /peliculas/el-graduado-1967/index.html (+63ms)
10:06:04   ├─ /peliculas/las-margaritas-1966/index.html (+67ms)
10:06:04   ├─ /peliculas/el-bueno-el-feo-y-el-malo-1966/index.html (+65ms)
10:06:04   ├─ /peliculas/a-man-for-all-seasons-1966/index.html (+66ms)
10:06:04   ├─ /peliculas/what-s-up-tiger-lily-1966/index.html (+64ms)
10:06:05   ├─ /peliculas/el-pecado-compartido-1966/index.html (+64ms)
10:06:05   ├─ /peliculas/la-batalla-de-argel-1966/index.html (+65ms)
10:06:05   ├─ /peliculas/batman-1966/index.html (+65ms)
10:06:05   ├─ /peliculas/the-sound-of-music-1965/index.html (+84ms)
10:06:05   ├─ /peliculas/my-fair-lady-1964/index.html (+71ms)
10:06:05   ├─ /peliculas/telefono-rojo-volamos-hacia-moscu-1964/index.html (+64ms)
10:06:05   ├─ /peliculas/tom-jones-1963/index.html (+65ms)
10:06:05   ├─ /peliculas/fellini-ocho-y-medio-1963/index.html (+64ms)
10:06:05   ├─ /peliculas/la-gran-evasion-1963/index.html (+64ms)
10:06:05   ├─ /peliculas/lawrence-of-arabia-1962/index.html (+65ms)
10:06:05   ├─ /peliculas/west-side-story-1961/index.html (+66ms)
10:06:05   ├─ /peliculas/101-dalmatas-1961/index.html (+65ms)
10:06:05   ├─ /peliculas/la-bella-durmiente-1959/index.html (+73ms)
10:06:05   ├─ /peliculas/psycho-1960/index.html (+68ms)
10:06:06   ├─ /peliculas/the-apartment-1960/index.html (+64ms)
10:06:06   ├─ /peliculas/al-final-de-la-escapada-1960/index.html (+66ms)
10:06:06   ├─ /peliculas/la-dolce-vita-1960/index.html (+65ms)
10:06:06   ├─ /peliculas/ben-hur-1959/index.html (+64ms)
10:06:06   ├─ /peliculas/north-by-northwest-1959/index.html (+65ms)
10:06:06   ├─ /peliculas/los-cuatrocientos-golpes-1959/index.html (+77ms)
10:06:06   ├─ /peliculas/con-faldas-y-a-lo-loco-1959/index.html (+71ms)
10:06:06   ├─ /peliculas/gigi-1958/index.html (+73ms)
10:06:06   ├─ /peliculas/vertigo-1958/index.html (+67ms)
10:06:06   ├─ /peliculas/senderos-de-gloria-1957/index.html (+68ms)
10:06:06   ├─ /peliculas/the-bridge-on-the-river-kwai-1957/index.html (+65ms)
10:06:06   ├─ /peliculas/12-angry-men-1957/index.html (+65ms)
10:06:06   ├─ /peliculas/el-septimo-sello-1957/index.html (+67ms)
10:06:06   ├─ /peliculas/around-the-world-in-80-days-1956/index.html (+65ms)
10:06:06   ├─ /peliculas/la-dama-y-el-vagabundo-1955/index.html (+66ms)
10:06:07   ├─ /peliculas/la-ventana-indiscreta-1954/index.html (+65ms)
10:06:07   ├─ /peliculas/marty-1955/index.html (+68ms)
10:06:07   ├─ /peliculas/la-noche-del-cazador-1955/index.html (+65ms)
10:06:07   ├─ /peliculas/on-the-waterfront-1954/index.html (+78ms)
10:06:07   ├─ /peliculas/los-siete-samurais-1954/index.html (+66ms)
10:06:07   ├─ /peliculas/seven-samurai-1954/index.html (+65ms)
10:06:07   ├─ /peliculas/cuentos-de-tokio-1953/index.html (+64ms)
10:06:07   ├─ /peliculas/from-here-to-eternity-1953/index.html (+65ms)
10:06:07   ├─ /peliculas/peter-pan-1953/index.html (+69ms)
10:06:07   ├─ /peliculas/cantando-bajo-la-lluvia-1952/index.html (+64ms)
10:06:07   ├─ /peliculas/the-greatest-show-on-earth-1952/index.html (+64ms)
10:06:07   ├─ /peliculas/an-american-in-paris-1951/index.html (+62ms)
10:06:07   ├─ /peliculas/la-cenicienta-1950/index.html (+63ms)
10:06:07   ├─ /peliculas/el-crepusculo-de-los-dioses-1950/index.html (+68ms)
10:06:07   ├─ /peliculas/all-about-eve-1950/index.html (+64ms)
10:06:08   ├─ /peliculas/rashomon-1950/index.html (+64ms)
10:06:08   ├─ /peliculas/el-tercer-hombre-1949/index.html (+64ms)
10:06:08   ├─ /peliculas/all-the-king-s-men-1949/index.html (+64ms)
10:06:08   ├─ /peliculas/ladron-de-bicicletas-1948/index.html (+68ms)
10:06:08   ├─ /peliculas/hamlet-1948/index.html (+64ms)
10:06:08   ├─ /peliculas/las-zapatillas-rojas-1948/index.html (+65ms)
10:06:08   ├─ /peliculas/gentleman-s-agreement-1947/index.html (+64ms)
10:06:08   ├─ /peliculas/the-best-years-of-our-lives-1946/index.html (+66ms)
10:06:08   ├─ /peliculas/el-sueno-eterno-1946/index.html (+68ms)
10:06:08   ├─ /peliculas/the-lost-weekend-1945/index.html (+63ms)
10:06:08   ├─ /peliculas/pacto-de-sangre-1944/index.html (+67ms)
10:06:08   ├─ /peliculas/going-my-way-1944/index.html (+65ms)
10:06:08   ├─ /peliculas/bambi-1942/index.html (+65ms)
10:06:08   ├─ /peliculas/casablanca-1943/index.html (+64ms)
10:06:08   ├─ /peliculas/dumbo-1941/index.html (+64ms)
10:06:08   ├─ /peliculas/mrs-miniver-1942/index.html (+66ms)
10:06:09   ├─ /peliculas/how-green-was-my-valley-1941/index.html (+65ms)
10:06:09   ├─ /peliculas/citizen-kane-1941/index.html (+63ms)
10:06:09   ├─ /peliculas/el-halcon-maltes-1941/index.html (+72ms)
10:06:09   ├─ /peliculas/fantasia-1940/index.html (+77ms)
10:06:09   ├─ /peliculas/rebecca-1940/index.html (+65ms)
10:06:09   ├─ /peliculas/pinocho-1940/index.html (+64ms)
10:06:09   ├─ /peliculas/gone-with-the-wind-1939/index.html (+63ms)
10:06:09   ├─ /peliculas/the-wizard-of-oz-1939/index.html (+64ms)
10:06:09   ├─ /peliculas/you-can-t-take-it-with-you-1938/index.html (+66ms)
10:06:09   ├─ /peliculas/the-life-of-emile-zola-1937/index.html (+68ms)
10:06:09   ├─ /peliculas/blancanieves-y-los-siete-enanitos-1937/index.html (+65ms)
10:06:09   ├─ /peliculas/the-great-ziegfeld-1936/index.html (+83ms)
10:06:09   ├─ /peliculas/tiempos-modernos-1936/index.html (+64ms)
10:06:09   ├─ /peliculas/mutiny-on-the-bounty-1935/index.html (+64ms)
10:06:09   ├─ /peliculas/it-happened-one-night-1934/index.html (+68ms)
10:06:10   ├─ /peliculas/cavalcade-1933/index.html (+65ms)
10:06:10   ├─ /peliculas/grand-hotel-1932/index.html (+67ms)
10:06:10   ├─ /peliculas/freaks-1932/index.html (+64ms)
10:06:10   ├─ /peliculas/cimarron-1931/index.html (+66ms)
10:06:10   ├─ /peliculas/m-el-vampiro-de-dusseldorf-1931/index.html (+67ms)
10:06:10   ├─ /peliculas/all-quiet-on-the-western-front-1930/index.html (+70ms)
10:06:10   ├─ /peliculas/the-broadway-melody-1929/index.html (+71ms)
10:06:10   ├─ /peliculas/man-with-a-movie-camera-1929/index.html (+65ms)
10:06:10   ├─ /peliculas/la-pasion-de-juana-de-arco-1928/index.html (+63ms)
10:06:10   ├─ /peliculas/wings-1927/index.html (+65ms)
10:06:10   ├─ /peliculas/metropolis-1927/index.html (+64ms)
10:06:10   ├─ /peliculas/el-maquinista-de-la-general-1926/index.html (+66ms)
10:06:10   ├─ /peliculas/nosferatu-1922/index.html (+67ms)
10:06:10   ├─ /personas/brad-pitt/index.html (+82ms)
10:06:10   ├─ /personas/adam-sandler/index.html (+77ms)
10:06:11   ├─ /personas/sunny-sandler/index.html (+75ms)
10:06:11   ├─ /personas/al-pacino/index.html (+75ms)
10:06:11   ├─ /personas/leonardo-dicaprio/index.html (+75ms)
10:06:11   ├─ /personas/tom-hanks/index.html (+74ms)
10:06:11   ├─ /personas/robert-de-niro/index.html (+76ms)
10:06:11   ├─ /personas/denzel-washington/index.html (+73ms)
10:06:11   ├─ /personas/morgan-freeman/index.html (+76ms)
10:06:11   ├─ /personas/jack-nicholson/index.html (+76ms)
10:06:11   ├─ /personas/christian-bale/index.html (+74ms)
10:06:11   ├─ /personas/joaquin-phoenix/index.html (+73ms)
10:06:11   ├─ /personas/russell-crowe/index.html (+74ms)
10:06:11   ├─ /personas/meryl-streep/index.html (+86ms)
10:06:11   ├─ /personas/kate-winslet/index.html (+76ms)
10:06:12   ├─ /personas/cate-blanchett/index.html (+76ms)
10:06:12   ├─ /personas/angelina-jolie/index.html (+82ms)
10:06:12   ├─ /personas/jodie-foster/index.html (+73ms)
10:06:12   ├─ /personas/emma-stone/index.html (+74ms)
10:06:12   ├─ /personas/natalie-portman/index.html (+77ms)
10:06:12   ├─ /personas/charlize-theron/index.html (+73ms)
10:06:12   ├─ /personas/anne-hathaway/index.html (+80ms)
10:06:12   ├─ /personas/jennifer-lawrence/index.html (+80ms)
10:06:12   ├─ /personas/steven-spielberg/index.html (+75ms)
10:06:12   ├─ /personas/christopher-nolan/index.html (+74ms)
10:06:12   ├─ /personas/quentin-tarantino/index.html (+74ms)
10:06:12   ├─ /personas/hayao-miyazaki/index.html (+75ms)
10:06:12   ├─ /personas/james-cameron/index.html (+79ms)
10:06:13   ├─ /personas/martin-scorsese/index.html (+77ms)
10:06:13   ├─ /personas/francis-ford-coppola/index.html (+73ms)
10:06:13   ├─ /personas/george-lucas/index.html (+78ms)
10:06:13   ├─ /personas/peter-jackson/index.html (+74ms)
10:06:13   ├─ /personas/guillermo-del-toro/index.html (+74ms)
10:06:13   ├─ /personas/danny-devito/index.html (+74ms)
10:06:13   ├─ /personas/michelle-pfeiffer/index.html (+74ms)
10:06:13   ├─ /personas/tim-burton/index.html (+72ms)
10:06:13   ├─ /personas/shirley-maclaine/index.html (+78ms)
10:06:13   ├─ /personas/wesley-snipes/index.html (+75ms)
10:06:13   ├─ /personas/clark-gable/index.html (+75ms)
10:06:13   ├─ /personas/peter-o-toole/index.html (+77ms)
10:06:13   ├─ /personas/tim-roth/index.html (+75ms)
10:06:14   ├─ /personas/winona-ryder/index.html (+75ms)
10:06:14   ├─ /personas/joe-pesci/index.html (+74ms)
10:06:14   ├─ /personas/john-lithgow/index.html (+77ms)
10:06:14   ├─ /personas/charlton-heston/index.html (+85ms)
10:06:14   ├─ /personas/helena-bonham-carter/index.html (+75ms)
10:06:14   ├─ /personas/stanley-kubrick/index.html (+73ms)
10:06:14   ├─ /personas/william-wyler/index.html (+74ms)
10:06:14   ├─ /personas/woody-allen/index.html (+75ms)
10:06:14   ├─ /personas/juan-jose-campanella/index.html (+73ms)
10:06:14   ├─ /personas/santiago-segura/index.html (+77ms)
10:06:14   ├─ /personas/moria-casan/index.html (+74ms)
10:06:14   ├─ /personas/timothee-chalamet/index.html (+73ms)
10:06:14   ├─ /personas/paul-mescal/index.html (+73ms)
10:06:15   ├─ /personas/austin-butler/index.html (+77ms)
10:06:15   ├─ /personas/glen-powell/index.html (+94ms)
10:06:15   ├─ /personas/pedro-pascal/index.html (+77ms)
10:06:15   ├─ /personas/cillian-murphy/index.html (+79ms)
10:06:15   ├─ /personas/barry-keoghan/index.html (+73ms)
10:06:15   ├─ /personas/colman-domingo/index.html (+79ms)
10:06:15   ├─ /personas/sebastian-stan/index.html (+73ms)
10:06:15   ├─ /personas/andrew-garfield/index.html (+75ms)
10:06:15   ├─ /personas/robert-pattinson/index.html (+73ms)
10:06:15   ├─ /personas/josh-o-connor/index.html (+82ms)
10:06:15   ├─ /personas/aaron-taylor-johnson/index.html (+74ms)
10:06:15   ├─ /personas/adrien-brody/index.html (+73ms)
10:06:15   ├─ /personas/kieran-culkin/index.html (+73ms)
10:06:16   ├─ /personas/ralph-fiennes/index.html (+76ms)
10:06:16   ├─ /personas/daniel-craig/index.html (+74ms)
10:06:16   ├─ /personas/tom-cruise/index.html (+77ms)
10:06:16   ├─ /personas/ryan-gosling/index.html (+73ms)
10:06:16   ├─ /personas/michael-b-jordan/index.html (+81ms)
10:06:16   ├─ /personas/adam-driver/index.html (+81ms)
10:06:16   ├─ /personas/jacob-elordi/index.html (+73ms)
10:06:16   ├─ /personas/oscar-isaac/index.html (+73ms)
10:06:16   ├─ /personas/dev-patel/index.html (+73ms)
10:06:16   ├─ /personas/wagner-moura/index.html (+72ms)
10:06:16   ├─ /personas/harrison-ford/index.html (+74ms)
10:06:16   ├─ /personas/chris-pratt/index.html (+73ms)
10:06:16   ├─ /personas/keanu-reeves/index.html (+76ms)
10:06:16   ├─ /personas/jonah-hill/index.html (+73ms)
10:06:17   ├─ /personas/eric-bana/index.html (+76ms)
10:06:17   ├─ /personas/ben-affleck/index.html (+74ms)
10:06:17   ├─ /personas/chris-hemsworth/index.html (+74ms)
10:06:17   ├─ /personas/hugh-jackman/index.html (+79ms)
10:06:17   ├─ /personas/michael-fassbender/index.html (+75ms)
10:06:17   ├─ /personas/daniel-radcliffe/index.html (+79ms)
10:06:17   ├─ /personas/robert-downey-jr/index.html (+80ms)
10:06:17   ├─ /personas/chris-evans/index.html (+74ms)
10:06:17   ├─ /personas/mark-ruffalo/index.html (+74ms)
10:06:17   ├─ /personas/matt-damon/index.html (+77ms)
10:06:17   ├─ /personas/michael-keaton/index.html (+74ms)
10:06:17   ├─ /personas/tom-hardy/index.html (+75ms)
10:06:17   ├─ /personas/dwayne-johnson/index.html (+73ms)
10:06:18   ├─ /personas/ryan-reynolds/index.html (+77ms)
10:06:18   ├─ /personas/samuel-l-jackson/index.html (+77ms)
10:06:18   ├─ /personas/benedict-cumberbatch/index.html (+75ms)
10:06:18   ├─ /personas/jake-gyllenhaal/index.html (+75ms)
10:06:18   ├─ /personas/javier-bardem/index.html (+76ms)
10:06:18   ├─ /personas/jonathan-bailey/index.html (+75ms)
10:06:18   ├─ /personas/nicholas-hoult/index.html (+76ms)
10:06:18   ├─ /personas/john-david-washington/index.html (+76ms)
10:06:18   ├─ /personas/josh-brolin/index.html (+77ms)
10:06:18   ├─ /personas/jeremy-strong/index.html (+75ms)
10:06:18   ├─ /personas/daniel-kaluuya/index.html (+85ms)
10:06:18   ├─ /personas/brian-tyree-henry/index.html (+77ms)
10:06:18   ├─ /personas/mahershala-ali/index.html (+75ms)
10:06:19   ├─ /personas/ebon-moss-bachrach/index.html (+74ms)
10:06:19   ├─ /personas/paul-dano/index.html (+75ms)
10:06:19   ├─ /personas/willem-dafoe/index.html (+74ms)
10:06:19   ├─ /personas/rami-malek/index.html (+73ms)
10:06:19   ├─ /personas/jude-law/index.html (+76ms)
10:06:19   ├─ /personas/miles-teller/index.html (+75ms)
10:06:19   ├─ /personas/george-clooney/index.html (+76ms)
10:06:19   ├─ /personas/hugh-grant/index.html (+73ms)
10:06:19   ├─ /personas/chiwetel-ejiofor/index.html (+82ms)
10:06:19   ├─ /personas/gary-oldman/index.html (+84ms)
10:06:19   ├─ /personas/steven-yeun/index.html (+72ms)
10:06:19   ├─ /personas/bradley-cooper/index.html (+74ms)
10:06:19   ├─ /personas/colin-farrell/index.html (+76ms)
10:06:20   ├─ /personas/brendan-fraser/index.html (+75ms)
10:06:20   ├─ /personas/eddie-redmayne/index.html (+75ms)
10:06:20   ├─ /personas/paul-giamatti/index.html (+76ms)
10:06:20   ├─ /personas/tom-holland/index.html (+80ms)
10:06:20   ├─ /personas/ewan-mcgregor/index.html (+73ms)
10:06:20   ├─ /personas/mads-mikkelsen/index.html (+78ms)
10:06:20   ├─ /personas/jack-black/index.html (+73ms)
10:06:20   ├─ /personas/pierce-brosnan/index.html (+73ms)
10:06:20   ├─ /personas/jason-momoa/index.html (+75ms)
10:06:20   ├─ /personas/zendaya/index.html (+76ms)
10:06:20   ├─ /personas/sydney-sweeney/index.html (+76ms)
10:06:20   ├─ /personas/mikey-madison/index.html (+75ms)
10:06:20   ├─ /personas/demi-moore/index.html (+96ms)
10:06:21   ├─ /personas/zoe-saldana/index.html (+75ms)
10:06:21   ├─ /personas/margaret-qualley/index.html (+74ms)
10:06:21   ├─ /personas/florence-pugh/index.html (+75ms)
10:06:21   ├─ /personas/jenna-ortega/index.html (+74ms)
10:06:21   ├─ /personas/anya-taylor-joy/index.html (+74ms)
10:06:21   ├─ /personas/cailee-spaeny/index.html (+73ms)
10:06:21   ├─ /personas/rebecca-ferguson/index.html (+75ms)
10:06:21   ├─ /personas/ana-de-armas/index.html (+76ms)
10:06:21   ├─ /personas/ariana-grande/index.html (+74ms)
10:06:21   ├─ /personas/cynthia-erivo/index.html (+76ms)
10:06:21   ├─ /personas/fernanda-torres/index.html (+75ms)
10:06:21   ├─ /personas/vanessa-kirby/index.html (+80ms)
10:06:21   ├─ /personas/rachel-zegler/index.html (+74ms)
10:06:22   ├─ /personas/ayo-edebiri/index.html (+74ms)
10:06:22   ├─ /personas/jessie-buckley/index.html (+73ms)
10:06:22   ├─ /personas/margot-robbie/index.html (+75ms)
10:06:22   ├─ /personas/julianne-moore/index.html (+76ms)
10:06:22   ├─ /personas/sandra-huller/index.html (+75ms)
10:06:22   ├─ /personas/pamela-anderson/index.html (+75ms)
10:06:22   ├─ /personas/renate-reinsve/index.html (+76ms)
10:06:22   ├─ /personas/elle-fanning/index.html (+78ms)
10:06:22   ├─ /personas/julia-garner/index.html (+74ms)
10:06:22   ├─ /personas/juno-temple/index.html (+72ms)
10:06:22   ├─ /personas/rachel-brosnahan/index.html (+74ms)
10:06:22   ├─ /personas/sophie-thatcher/index.html (+95ms)
10:06:22   ├─ /personas/sean-baker/index.html (+76ms)
10:06:22   ├─ /personas/denis-villeneuve/index.html (+74ms)
10:06:23   ├─ /personas/coralie-fargeat/index.html (+75ms)
10:06:23   ├─ /personas/brady-corbet/index.html (+72ms)
10:06:23   ├─ /personas/ryan-coogler/index.html (+84ms)
10:06:23   ├─ /personas/james-gunn/index.html (+90ms)
10:06:23   ├─ /personas/bong-joon-ho/index.html (+73ms)
10:06:23   ├─ /personas/joseph-kosinski/index.html (+74ms)
10:06:23   ├─ /personas/christopher-mcquarrie/index.html (+72ms)
10:06:23   ├─ /personas/jon-m-chu/index.html (+74ms)
10:06:23   ├─ /personas/james-mangold/index.html (+75ms)
10:06:23   ├─ /personas/edward-berger/index.html (+73ms)
10:06:23   ├─ /personas/danny-boyle/index.html (+76ms)
10:06:23   ├─ /personas/luca-guadagnino/index.html (+75ms)
10:06:23   ├─ /personas/paul-thomas-anderson/index.html (+79ms)
10:06:24   ├─ /personas/ricardo-darin/index.html (+74ms)
10:06:24   ├─ /personas/peter-lanzani/index.html (+74ms)
10:06:24   ├─ /personas/leonardo-sbaraglia/index.html (+74ms)
10:06:24   ├─ /personas/guillermo-francella/index.html (+72ms)
10:06:24   ├─ /personas/chino-darin/index.html (+75ms)
10:06:24   ├─ /personas/dolores-fonzi/index.html (+72ms)
10:06:24   ├─ /personas/mercedes-moran/index.html (+72ms)
10:06:24   ├─ /personas/soledad-villamil/index.html (+77ms)
10:06:24   ├─ /personas/erica-rivas/index.html (+74ms)
10:06:24   ├─ /personas/alejandra-flechner/index.html (+73ms)
10:06:24   ├─ /personas/lucrecia-martel/index.html (+73ms)
10:06:24   ├─ /personas/santiago-mitre/index.html (+73ms)
10:06:24   ├─ /personas/damian-szifron/index.html (+73ms)
10:06:25   ├─ /personas/emma-watson/index.html (+78ms)
10:06:25   ├─ /personas/scarlett-johansson/index.html (+75ms)
10:06:25   ├─ /personas/lupita-nyong-o/index.html (+82ms)
10:06:25   ├─ /personas/emily-blunt/index.html (+72ms)
10:06:25   ├─ /personas/amy-adams/index.html (+82ms)
10:06:25   ├─ /personas/jessica-chastain/index.html (+73ms)
10:06:25   ├─ /personas/hailee-steinfeld/index.html (+86ms)
10:06:25   ├─ /personas/ariana-debose/index.html (+76ms)
10:06:25   ├─ /personas/kirsten-dunst/index.html (+76ms)
10:06:25   ├─ /personas/rachel-mcadams/index.html (+73ms)
10:06:25   ├─ /personas/daisy-edgar-jones/index.html (+74ms)
10:06:25   ├─ /personas/jamie-lee-curtis/index.html (+77ms)
10:06:25   ├─ /personas/sigourney-weaver/index.html (+74ms)
10:06:26   ├─ /personas/jennifer-connelly/index.html (+75ms)
10:06:26   ├─ /personas/viola-davis/index.html (+75ms)
10:06:26   ├─ /personas/halle-berry/index.html (+82ms)
10:06:26   ├─ /personas/brie-larson/index.html (+75ms)
10:06:26   ├─ /personas/awkwafina/index.html (+74ms)
10:06:26   ├─ /personas/america-ferrera/index.html (+79ms)
10:06:26   ├─ /personas/michelle-williams/index.html (+73ms)
10:06:26   ├─ /personas/keke-palmer/index.html (+74ms)
10:06:26   ├─ /personas/caitriona-balfe/index.html (+78ms)
10:06:26   ├─ /personas/kristen-wiig/index.html (+76ms)
10:06:26   ├─ /personas/rebecca-hall/index.html (+74ms)
10:06:26   ├─ /personas/rosamund-pike/index.html (+73ms)
10:06:26   ├─ /personas/will-smith/index.html (+80ms)
10:06:26   ├─ /personas/nicolas-cage/index.html (+74ms)
10:06:27   ├─ /personas/jamie-foxx/index.html (+74ms)
10:06:27   ├─ /personas/sylvester-stallone/index.html (+89ms)
10:06:27   ├─ /personas/laurence-fishburne/index.html (+76ms)
10:06:27   ├─ /personas/johnny-depp/index.html (+75ms)
10:06:27   ├─ /personas/ian-mckellen/index.html (+74ms)
10:06:27   ├─ /personas/liam-neeson/index.html (+73ms)
10:06:27   ├─ /personas/edward-norton/index.html (+72ms)
10:06:27   ├─ /personas/ke-huy-quan/index.html (+86ms)
10:06:27   ├─ /personas/james-mcavoy/index.html (+73ms)
10:06:27   ├─ /personas/christoph-waltz/index.html (+74ms)
10:06:27   ├─ /personas/don-cheadle/index.html (+74ms)
10:06:27   ├─ /personas/jesse-eisenberg/index.html (+74ms)
10:06:27   ├─ /personas/woody-harrelson/index.html (+72ms)
10:06:28   ├─ /personas/viggo-mortensen/index.html (+74ms)
10:06:28   ├─ /personas/tom-hiddleston/index.html (+73ms)
10:06:28   ├─ /personas/brendan-gleeson/index.html (+75ms)
10:06:28   ├─ /personas/jesse-plemons/index.html (+82ms)
10:06:28   ├─ /personas/colin-firth/index.html (+86ms)
10:06:28   ├─ /personas/dustin-hoffman/index.html (+92ms)
10:06:28   ├─ /personas/gene-hackman/index.html (+80ms)
10:06:28   ├─ /personas/antonio-banderas/index.html (+78ms)
10:06:28   ├─ /personas/ben-kingsley/index.html (+87ms)
10:06:28   ├─ /personas/christopher-walken/index.html (+86ms)
10:06:28   ├─ /personas/david-fincher/index.html (+85ms)
10:06:28   ├─ /personas/ridley-scott/index.html (+94ms)
10:06:29   ├─ /personas/george-miller/index.html (+75ms)
10:06:29   ├─ /personas/greta-gerwig/index.html (+75ms)
10:06:29   ├─ /personas/damien-chazelle/index.html (+76ms)
10:06:29   ├─ /personas/yorgos-lanthimos/index.html (+76ms)
10:06:29   ├─ /personas/matt-reeves/index.html (+80ms)
10:06:29   ├─ /personas/chloe-zhao/index.html (+77ms)
10:06:29   ├─ /personas/sam-mendes/index.html (+79ms)
10:06:29   ├─ /personas/robert-eggers/index.html (+83ms)
10:06:29   ├─ /personas/hector-alterio/index.html (+80ms)
10:06:29   ├─ /personas/luis-brandoni/index.html (+78ms)
10:06:29   ├─ /personas/oscar-martinez/index.html (+82ms)
10:06:29   ├─ /personas/diego-peretti/index.html (+74ms)
10:06:29   ├─ /personas/dario-grandinetti/index.html (+73ms)
10:06:30   ├─ /personas/nahuel-perez-biscayart/index.html (+75ms)
10:06:30   ├─ /personas/daniel-fanego/index.html (+75ms)
10:06:30   ├─ /personas/julio-chavez/index.html (+73ms)
10:06:30   ├─ /personas/joaquin-furriel/index.html (+73ms)
10:06:30   ├─ /personas/eduardo-blanco/index.html (+76ms)
10:06:30   ├─ /personas/gaston-pauls/index.html (+73ms)
10:06:30   ├─ /personas/mauricio-dayub/index.html (+72ms)
10:06:30   ├─ /personas/norma-aleandro/index.html (+74ms)
10:06:30   ├─ /personas/graciela-borges/index.html (+75ms)
10:06:30   ├─ /personas/martina-gusman/index.html (+79ms)
10:06:30   ├─ /personas/cecilia-dopazo/index.html (+73ms)
10:06:30   ├─ /personas/julieta-diaz/index.html (+99ms)
10:06:30   ├─ /personas/fernan-miras/index.html (+73ms)
10:06:31   ├─ /personas/jorge-marrale/index.html (+73ms)
10:06:31   ├─ /personas/natalia-oreiro/index.html (+73ms)
10:06:31   ├─ /personas/rafael-ferro/index.html (+75ms)
10:06:31   ├─ /personas/gore-verbinski/index.html (+78ms)
10:06:31   ├─ /personas/sam-rockwell/index.html (+73ms)
10:06:31   ├─ /personas/brad-dourif/index.html (+75ms)
10:06:31   ├─ /personas/rupert-grint/index.html (+76ms)
10:06:31   ├─ /personas/mark-hamill/index.html (+73ms)
10:06:31   ├─ /personas/arnold-schwarzenegger/index.html (+75ms)
10:06:31   ├─ /personas/christopher-reeve/index.html (+74ms)
10:06:31   ├─ /personas/donald-pleasence/index.html (+73ms)
10:06:31   ├─ /personas/geoffrey-rush/index.html (+83ms)
10:06:31   ├─ /personas/henry-cavill/index.html (+75ms)
10:06:32   ├─ /personas/robert-englund/index.html (+75ms)
10:06:32   ├─ /personas/ving-rhames/index.html (+78ms)
10:06:32   ├─ /personas/ed-harris/index.html (+72ms)
10:06:32   ├─ /personas/gerard-butler/index.html (+73ms)
10:06:32   ├─ /personas/jeff-goldblum/index.html (+79ms)
10:06:32   ├─ /personas/mel-gibson/index.html (+74ms)
10:06:32   ├─ /personas/paul-rudd/index.html (+73ms)
10:06:32   ├─ /personas/sam-worthington/index.html (+72ms)
10:06:32   ├─ /personas/chris-pine/index.html (+75ms)
10:06:32   ├─ /personas/christopher-lloyd/index.html (+81ms)
10:06:32   ├─ /personas/david-arquette/index.html (+77ms)
10:06:32   ├─ /personas/james-franco/index.html (+78ms)
10:06:32   ├─ /personas/jason-bateman/index.html (+81ms)
10:06:33   ├─ /personas/marlon-brando/index.html (+79ms)
10:06:33   ├─ /personas/michael-j-fox/index.html (+81ms)
10:06:33   ├─ /personas/orlando-bloom/index.html (+80ms)
10:06:33   ├─ /personas/patrick-stewart/index.html (+77ms)
10:06:33   ├─ /personas/paul-walker/index.html (+80ms)
10:06:33   ├─ /personas/tommy-lee-jones/index.html (+93ms)
10:06:33   ├─ /personas/vin-diesel/index.html (+80ms)
10:06:33   ├─ /personas/anthony-mackie/index.html (+85ms)
10:06:33   ├─ /personas/andy-serkis/index.html (+79ms)
10:06:33   ├─ /personas/michael-caine/index.html (+85ms)
10:06:33   ├─ /personas/michael-shannon/index.html (+79ms)
10:06:33   ├─ /personas/jeremy-renner/index.html (+82ms)
10:06:33   ├─ /personas/alberto-ammann/index.html (+81ms)
10:06:34   ├─ /personas/luis-ziembrowski/index.html (+76ms)
10:06:34   ├─ /personas/carrie-fisher/index.html (+73ms)
10:06:34   ├─ /personas/carrie-anne-moss/index.html (+73ms)
10:06:34   ├─ /personas/courteney-cox/index.html (+74ms)
10:06:34   ├─ /personas/gal-gadot/index.html (+73ms)
10:06:34   ├─ /personas/neve-campbell/index.html (+74ms)
10:06:34   ├─ /personas/gwyneth-paltrow/index.html (+78ms)
10:06:34   ├─ /personas/uma-thurman/index.html (+76ms)
10:06:34   ├─ /personas/bryce-dallas-howard/index.html (+73ms)
10:06:34   ├─ /personas/evangeline-lilly/index.html (+73ms)
10:06:34   ├─ /personas/linda-hamilton/index.html (+75ms)
10:06:34   ├─ /personas/tessa-thompson/index.html (+73ms)
10:06:34   ├─ /personas/jodie-comer/index.html (+75ms)
10:06:35   ├─ /personas/penelope-cruz/index.html (+76ms)
10:06:35   ├─ /personas/jennifer-garner/index.html (+79ms)
10:06:35   ├─ /personas/melissa-barrera/index.html (+75ms)
10:06:35   ├─ /personas/keegan-michael-key/index.html (+74ms)
10:06:35   ├─ /personas/charlie-day/index.html (+75ms)
10:06:35   ├─ /personas/jack-quaid/index.html (+75ms)
10:06:35   ├─ /personas/joseph-quinn/index.html (+73ms)
10:06:35   ├─ /personas/john-travolta/index.html (+73ms)
10:06:35   ├─ /personas/jim-carrey/index.html (+82ms)
10:06:35   ├─ /personas/eddie-murphy/index.html (+77ms)
10:06:35   ├─ /personas/mark-wahlberg/index.html (+73ms)
10:06:35   ├─ /personas/michael-clarke-duncan/index.html (+74ms)
10:06:35   ├─ /personas/kris-kristofferson/index.html (+79ms)
10:06:36   ├─ /personas/alan-arkin/index.html (+73ms)
10:06:36   ├─ /personas/f-murray-abraham/index.html (+78ms)
10:06:36   ├─ /personas/jeff-bridges/index.html (+79ms)
10:06:36   ├─ /personas/john-malkovich/index.html (+79ms)
10:06:36   ├─ /personas/jon-voight/index.html (+75ms)
10:06:36   ├─ /personas/kevin-costner/index.html (+82ms)
10:06:36   ├─ /personas/christopher-plummer/index.html (+78ms)
10:06:36   ├─ /personas/jeffrey-wright/index.html (+74ms)
10:06:36   ├─ /personas/jared-leto/index.html (+72ms)
10:06:36   ├─ /personas/john-goodman/index.html (+75ms)
10:06:36   ├─ /personas/joseph-gordon-levitt/index.html (+73ms)
10:06:36   ├─ /personas/alec-baldwin/index.html (+80ms)
10:06:36   ├─ /personas/anthony-hopkins/index.html (+72ms)
10:06:37   ├─ /personas/daniel-day-lewis/index.html (+73ms)
10:06:37   ├─ /personas/harvey-keitel/index.html (+79ms)
10:06:37   ├─ /personas/robin-williams/index.html (+77ms)
10:06:37   ├─ /personas/millie-bobby-brown/index.html (+80ms)
10:06:37   ├─ /personas/milly-alcock/index.html (+75ms)
10:06:37   ├─ /personas/sadie-sandler/index.html (+76ms)
10:06:37   ├─ /personas/sadie-sink/index.html (+76ms)
10:06:37   ├─ /personas/zazie-beetz/index.html (+75ms)
10:06:37   ├─ /personas/patricia-arquette/index.html (+75ms)
10:06:37   ├─ /personas/samara-weaving/index.html (+76ms)
10:06:37   ├─ /personas/kathryn-newton/index.html (+80ms)
10:06:37   ├─ /personas/adria-arjona/index.html (+74ms)
10:06:37   ├─ /personas/cameron-diaz/index.html (+75ms)
10:06:38   ├─ /personas/toni-collette/index.html (+77ms)
10:06:38   ├─ /personas/keira-knightley/index.html (+78ms)
10:06:38   ├─ /personas/glenn-close/index.html (+73ms)
10:06:38   ├─ /personas/kim-basinger/index.html (+75ms)
10:06:38   ├─ /personas/eva-green/index.html (+78ms)
10:06:38   ├─ /personas/catherine-o-hara/index.html (+74ms)
10:06:38   ├─ /personas/annette-bening/index.html (+77ms)
10:06:38   ├─ /personas/diane-keaton/index.html (+72ms)
10:06:38   ├─ /personas/felicity-jones/index.html (+74ms)
10:06:38   ├─ /personas/jennifer-tilly/index.html (+73ms)
10:06:38   ├─ /personas/laura-dern/index.html (+74ms)
10:06:38   ├─ /personas/eva-marie-saint/index.html (+75ms)
10:06:38   ├─ /personas/talia-shire/index.html (+99ms)
10:06:39   ├─ /personas/emily-watson/index.html (+90ms)
10:06:39   ├─ /personas/mia-farrow/index.html (+115ms)
10:06:39   ├─ /personas/alfred-hitchcock/index.html (+78ms)
10:06:39   ├─ /personas/clint-eastwood/index.html (+78ms)
10:06:39   ├─ /personas/taika-waititi/index.html (+96ms)
10:06:39   ├─ /personas/kenneth-branagh/index.html (+91ms)
10:06:39   ├─ /personas/brad-bird/index.html (+78ms)
10:06:39   ├─ /personas/robert-zemeckis/index.html (+74ms)
10:06:39   ├─ /personas/sam-raimi/index.html (+80ms)
10:06:39   ├─ /personas/ron-howard/index.html (+73ms)
10:06:39   ├─ /personas/robert-redford/index.html (+85ms)
10:06:39   ├─ /personas/billy-wilder/index.html (+108ms)
10:06:40   ├─ /personas/bruce-willis/index.html (+100ms)
10:06:40   ├─ /personas/milla-jovovich/index.html (+81ms)
10:06:40   ├─ /personas/tobin-bell/index.html (+84ms)
10:06:40   ├─ /personas/michelle-rodriguez/index.html (+99ms)
10:06:40   ├─ /personas/tony-leung-chiu-wai/index.html (+96ms)
10:06:40   ├─ /personas/ellen-burstyn/index.html (+86ms)
10:06:40   ├─ /personas/jason-statham/index.html (+86ms)
10:06:40   ├─ /personas/juliette-lewis/index.html (+80ms)
10:06:40   ├─ /personas/kurt-russell/index.html (+83ms)
10:06:40   ├─ /personas/bill-murray/index.html (+92ms)
10:06:40   ├─ /personas/carl-weathers/index.html (+82ms)
10:06:41   ├─ /personas/dan-aykroyd/index.html (+91ms)
10:06:41   ├─ /personas/ethan-hawke/index.html (+85ms)
10:06:41   ├─ /personas/geena-davis/index.html (+90ms)
10:06:41   ├─ /personas/guy-pearce/index.html (+82ms)
10:06:41   ├─ /personas/idris-elba/index.html (+77ms)
10:06:41   ├─ /personas/john-hurt/index.html (+86ms)
10:06:41   ├─ /personas/john-turturro/index.html (+88ms)
10:06:41   ├─ /personas/malcolm-mcdowell/index.html (+95ms)
10:06:41   ├─ /personas/matthew-mcconaughey/index.html (+93ms)
10:06:41   ├─ /personas/michael-biehn/index.html (+77ms)
10:06:41   ├─ /personas/rachel-weisz/index.html (+81ms)
10:06:41   ├─ /personas/steve-carell/index.html (+80ms)
10:06:42   ├─ /personas/tilda-swinton/index.html (+87ms)
10:06:42   ├─ /personas/tim-robbins/index.html (+79ms)
10:06:42   ├─ /personas/william-holden/index.html (+87ms)
10:06:42   ├─ /personas/alicia-vikander/index.html (+77ms)
10:06:42   ├─ /personas/drew-barrymore/index.html (+80ms)
10:06:42   ├─ /personas/elijah-wood/index.html (+84ms)
10:06:42   ├─ /personas/faye-dunaway/index.html (+81ms)
10:06:42   ├─ /personas/frances-mcdormand/index.html (+84ms)
10:06:42   ├─ /personas/holly-hunter/index.html (+99ms)
10:06:42   ├─ /personas/hugo-weaving/index.html (+76ms)
10:06:42   ├─ /personas/humphrey-bogart/index.html (+84ms)
10:06:42   ├─ /personas/jackie-chan/index.html (+82ms)
10:06:43   ├─ /personas/james-stewart/index.html (+82ms)
10:06:43   ├─ /personas/jessica-alba/index.html (+77ms)
10:06:43   ├─ /personas/jessica-lange/index.html (+78ms)
10:06:43   ├─ /personas/michelle-yeoh/index.html (+80ms)
10:06:43   ├─ /personas/nicole-kidman/index.html (+85ms)
10:06:43   ├─ /personas/philip-seymour-hoffman/index.html (+85ms)
10:06:43   ├─ /personas/richard-dreyfuss/index.html (+75ms)
10:06:43   ├─ /personas/robin-wright/index.html (+96ms)
10:06:43   ├─ /personas/sam-neill/index.html (+83ms)
10:06:43   ├─ /personas/sean-penn/index.html (+94ms)
10:06:43   ├─ /personas/susan-sarandon/index.html (+91ms)
10:06:43   ├─ /personas/alan-rickman/index.html (+79ms)
10:06:44   ├─ /personas/andy-garcia/index.html (+82ms)
10:06:44   ├─ /personas/anjelica-huston/index.html (+85ms)
10:06:44   ├─ /personas/audrey-hepburn/index.html (+81ms)
10:06:44   ├─ /personas/bryan-cranston/index.html (+83ms)
10:06:44   ├─ /personas/cary-grant/index.html (+78ms)
10:06:44   ├─ /personas/catherine-deneuve/index.html (+91ms)
10:06:44   ├─ /personas/clive-owen/index.html (+79ms)
10:06:44   ├─ /personas/danny-glover/index.html (+81ms)
10:06:44   ├─ /personas/emma-thompson/index.html (+107ms)
10:06:44   ├─ /personas/julia-roberts/index.html (+76ms)
10:06:44   ├─ /personas/michael-douglas/index.html (+82ms)
10:06:44   ├─ /personas/naomi-watts/index.html (+91ms)
10:06:45   ├─ /personas/salma-hayek/index.html (+84ms)
10:06:45   ├─ /personas/sandra-bullock/index.html (+76ms)
10:06:45   ├─ /personas/sharon-stone/index.html (+81ms)
10:06:45   ├─ /personas/steven-seagal/index.html (+92ms)
10:06:45   ├─ /personas/val-kilmer/index.html (+82ms)
10:06:45   ├─ /personas/kevin-spacey/index.html (+83ms)
10:06:45   ├─ /personas/mia-goth/index.html (+85ms)
10:06:45   ├─ /personas/amanda-seyfried/index.html (+79ms)
10:06:45   ├─ /personas/diego-luna/index.html (+88ms)
10:06:45   ├─ /personas/ian-holm/index.html (+81ms)
10:06:45   ├─ /personas/dave-bautista/index.html (+81ms)
10:06:45   ├─ /personas/alan-alda/index.html (+91ms)
10:06:46   ├─ /personas/dianne-wiest/index.html (+80ms)
10:06:46   ├─ /personas/morena-baccarin/index.html (+84ms)
10:06:46   ├─ /personas/alexander-skarsgard/index.html (+83ms)
10:06:46   ├─ /personas/max-von-sydow/index.html (+77ms)
10:06:46   ├─ /personas/ciaran-hinds/index.html (+81ms)
10:06:46   ├─ /personas/jon-bernthal/index.html (+80ms)
10:06:46   ├─ /personas/ernest-borgnine/index.html (+79ms)
10:06:46   ├─ /personas/heather-langenkamp/index.html (+87ms)
10:06:46   ├─ /personas/rooney-mara/index.html (+79ms)
10:06:46   ├─ /personas/mary-elizabeth-mastrantonio/index.html (+80ms)
10:06:46   ├─ /personas/ron-perlman/index.html (+103ms)
10:06:46   ├─ /personas/jennifer-jason-leigh/index.html (+77ms)
10:06:47   ├─ /personas/maggie-cheung/index.html (+82ms)
10:06:47   ├─ /personas/danny-huston/index.html (+90ms)
10:06:47   ├─ /personas/bob-hoskins/index.html (+80ms)
10:06:47   ├─ /personas/mark-rylance/index.html (+75ms)
10:06:47   ├─ /personas/john-cusack/index.html (+78ms)
10:06:47   ├─ /personas/james-woods/index.html (+99ms)
10:06:47   ├─ /personas/stanley-tucci/index.html (+99ms)
10:06:47   ├─ /personas/will-ferrell/index.html (+116ms)
10:06:47   ├─ /personas/charlotte-rampling/index.html (+86ms)
10:06:47   ├─ /personas/domhnall-gleeson/index.html (+96ms)
10:06:47   ├─ /personas/martin-landau/index.html (+94ms)
10:06:48   ├─ /personas/bruce-campbell/index.html (+87ms)
10:06:48   ├─ /personas/richard-e-grant/index.html (+83ms)
10:06:48   ├─ /personas/toshiro-mifune/index.html (+84ms)
10:06:48   ├─ /personas/jessica-harper/index.html (+87ms)
10:06:48   ├─ /personas/simon-pegg/index.html (+81ms)
10:06:48   ├─ /personas/freida-pinto/index.html (+74ms)
10:06:48   ├─ /personas/zachary-levi/index.html (+81ms)
10:06:48   ├─ /personas/margot-kidder/index.html (+76ms)
10:06:48   ├─ /personas/tim-allen/index.html (+75ms)
10:06:48   ├─ /personas/haley-joel-osment/index.html (+79ms)
10:06:48   ├─ /personas/henry-fonda/index.html (+75ms)
10:06:48   ├─ /personas/tom-skerritt/index.html (+79ms)
10:06:49   ├─ /personas/harry-dean-stanton/index.html (+77ms)
10:06:49   ├─ /personas/charles-dance/index.html (+110ms)
10:06:49   ├─ /personas/charlie-sheen/index.html (+91ms)
10:06:49   ├─ /personas/oliver-stone/index.html (+85ms)
10:06:49   ├─ /personas/forest-whitaker/index.html (+84ms)
10:06:49   ├─ /personas/tom-berenger/index.html (+87ms)
10:06:49   ├─ /personas/helen-mirren/index.html (+80ms)
10:06:49   ├─ /personas/robert-duvall/index.html (+95ms)
10:06:49   ├─ /personas/jennifer-aniston/index.html (+90ms)
10:06:49   ├─ /personas/john-leguizamo/index.html (+80ms)
10:06:49   ├─ /personas/steve-buscemi/index.html (+80ms)
10:06:49   ├─ /personas/joan-allen/index.html (+92ms)
10:06:50   ├─ /personas/richard-gere/index.html (+84ms)
10:06:50   ├─ /personas/rene-russo/index.html (+89ms)
10:06:50   ├─ /personas/vera-farmiga/index.html (+77ms)
10:06:50   ├─ /personas/jeremy-irons/index.html (+78ms)
10:06:50   ├─ /personas/dakota-fanning/index.html (+85ms)
10:06:50   ├─ /personas/goldie-hawn/index.html (+97ms)
10:06:50   ├─ /personas/maggie-smith/index.html (+93ms)
10:06:50   ├─ /personas/sean-connery/index.html (+83ms)
10:06:50   ├─ /personas/kevin-bacon/index.html (+79ms)
10:06:50   ├─ /personas/tony-scott/index.html (+85ms)
10:06:50   ├─ /personas/david-yates/index.html (+75ms)
10:06:50   ├─ /personas/joel-schumacher/index.html (+88ms)
10:06:51   ├─ /personas/steven-soderbergh/index.html (+84ms)
10:06:51   ├─ /personas/barry-levinson/index.html (+85ms)
10:06:51   ├─ /personas/brian-de-palma/index.html (+88ms)
10:06:51   ├─ /personas/chris-columbus/index.html (+81ms)
10:06:51   ├─ /personas/james-wan/index.html (+107ms)
10:06:51   ├─ /personas/john-g-avildsen/index.html (+86ms)
10:06:51   ├─ /personas/pablo-trapero/index.html (+77ms)
10:06:51   ├─ /personas/wes-craven/index.html (+83ms)
10:06:51   ├─ /personas/baz-luhrmann/index.html (+76ms)
10:06:51   ├─ /personas/david-lynch/index.html (+78ms)
10:06:51   ├─ /personas/gus-van-sant/index.html (+84ms)
10:06:52   ├─ /personas/akira-kurosawa/index.html (+78ms)
10:06:52   ├─ /personas/sean-astin/index.html (+80ms)
10:06:52   ├─ /personas/karl-urban/index.html (+79ms)
10:06:52   ├─ /personas/liv-tyler/index.html (+76ms)
10:06:52   ├─ /personas/adrian-suar/index.html (+84ms)
10:06:52   ├─ /personas/marcelo-pineyro/index.html (+77ms)
10:06:52   ├─ /personas/andy-muschietti/index.html (+82ms)
10:06:52   ├─ /personas/sebastian-borensztein/index.html (+79ms)
10:06:52   ├─ /personas/fabian-bielinsky/index.html (+95ms)
10:06:52   ├─ /personas/hector-olivera/index.html (+89ms)
10:06:52   ├─ /personas/luis-ortega/index.html (+86ms)
10:06:52   ├─ /personas/benjamin-naishtat/index.html (+81ms)
10:06:52   ├─ /personas/adolfo-aristarain/index.html (+82ms)
10:06:53   ├─ /personas/alejandro-doria/index.html (+79ms)
10:06:53   ├─ /personas/luis-puenzo/index.html (+91ms)
10:06:53   ├─ /personas/maria-luisa-bemberg/index.html (+77ms)
10:06:53   ├─ /personas/adrian-caetano/index.html (+79ms)
10:06:53   ├─ /personas/daniel-burman/index.html (+86ms)
10:06:53   ├─ /personas/ariel-winograd/index.html (+77ms)
10:06:53   ├─ /personas/demian-rugna/index.html (+90ms)
10:06:53   ├─ /personas/juan-minujin/index.html (+79ms)
10:06:53   ├─ /personas/luis-luque/index.html (+82ms)
10:06:53   ├─ /personas/cecilia-roth/index.html (+75ms)
10:06:53   ├─ /personas/federico-luppi/index.html (+87ms)
10:06:53   ├─ /personas/pepe-soriano/index.html (+95ms)
10:06:54   ├─ /personas/arturo-puig/index.html (+91ms)
10:06:54   ├─ /personas/adriana-aizemberg/index.html (+85ms)
10:06:54   ├─ /personas/claudio-rissi/index.html (+91ms)
10:06:54   ├─ /personas/pablo-rago/index.html (+85ms)
10:06:54   ├─ /personas/luis-machin/index.html (+92ms)
10:06:54   ├─ /personas/antonio-gasalla/index.html (+86ms)
10:06:54   ├─ /personas/andrea-del-boca/index.html (+79ms)
10:06:54   ├─ /personas/carla-peterson/index.html (+79ms)
10:06:54   ├─ /personas/carlos-belloso/index.html (+83ms)
10:06:54   ├─ /personas/m-night-shyamalan/index.html (+79ms)
10:06:54   ├─ /personas/david-cronenberg/index.html (+76ms)
10:06:55   ├─ /personas/rob-reiner/index.html (+84ms)
10:06:55   ├─ /personas/darren-aronofsky/index.html (+78ms)
10:06:55   ├─ /personas/john-carpenter/index.html (+98ms)
10:06:55   ├─ /personas/jonathan-demme/index.html (+94ms)
10:06:55   ├─ /personas/michael-mann/index.html (+79ms)
10:06:55   ├─ /personas/wes-anderson/index.html (+88ms)
10:06:55   ├─ /personas/ang-lee/index.html (+79ms)
10:06:55   ├─ /personas/alfonso-cuaron/index.html (+79ms)
10:06:55   ├─ /personas/alejandro-gonzalez-inarritu/index.html (+101ms)
10:06:55   ├─ /personas/kathryn-bigelow/index.html (+75ms)
10:06:55   ├─ /personas/spike-lee/index.html (+85ms)
10:06:55   ├─ /personas/sergio-leone/index.html (+81ms)
10:06:56   ├─ /personas/pedro-almodovar/index.html (+94ms)
10:06:56   ├─ /personas/michael-cera/index.html (+88ms)
10:06:56   ├─ /personas/bill-hader/index.html (+83ms)
10:06:56   ├─ /personas/casey-affleck/index.html (+83ms)
10:06:56   ├─ /personas/dennis-quaid/index.html (+82ms)
10:06:56   ├─ /personas/john-c-reilly/index.html (+86ms)
10:06:56   ├─ /personas/patrick-wilson/index.html (+88ms)
10:06:56   ├─ /personas/peter-sarsgaard/index.html (+84ms)
10:06:56   ├─ /personas/anna-kendrick/index.html (+98ms)
10:06:56   ├─ /personas/billy-crudup/index.html (+94ms)
10:06:56   ├─ /personas/jeff-daniels/index.html (+89ms)
10:06:56   ├─ /personas/kate-beckinsale/index.html (+83ms)
10:06:57   ├─ /personas/kate-hudson/index.html (+87ms)
10:06:57   ├─ /personas/matthew-broderick/index.html (+80ms)
10:06:57   ├─ /personas/michael-pena/index.html (+84ms)
10:06:57   ├─ /personas/paul-newman/index.html (+87ms)
10:06:57   ├─ /personas/reese-witherspoon/index.html (+81ms)
10:06:57   ├─ /personas/aaron-eckhart/index.html (+86ms)
10:06:57   ├─ /personas/allison-janney/index.html (+85ms)
10:06:57   ├─ /personas/ben-stiller/index.html (+91ms)
10:06:57   ├─ /personas/bill-nighy/index.html (+92ms)
10:06:57   ├─ /personas/bill-skarsgard/index.html (+106ms)
10:06:57   ├─ /personas/catherine-keener/index.html (+96ms)
10:06:58   ├─ /personas/claire-danes/index.html (+74ms)
10:06:58   ├─ /personas/claire-foy/index.html (+88ms)
10:06:58   ├─ /personas/donald-sutherland/index.html (+73ms)
10:06:58   ├─ /personas/greta-lee/index.html (+75ms)
10:06:58   ├─ /personas/judi-dench/index.html (+83ms)
10:06:58   ├─ /personas/kathy-bates/index.html (+76ms)
10:06:58   ├─ /personas/leslie-mann/index.html (+74ms)
10:06:58   ├─ /personas/marion-cotillard/index.html (+76ms)
10:06:58   ├─ /personas/marisa-tomei/index.html (+76ms)
10:06:58   ├─ /personas/martin-sheen/index.html (+81ms)
10:06:58   ├─ /personas/meg-ryan/index.html (+78ms)
10:06:58   ├─ /personas/mike-myers/index.html (+86ms)
10:06:58   ├─ /personas/olga-kurylenko/index.html (+92ms)
10:06:59   ├─ /personas/patricia-clarkson/index.html (+76ms)
10:06:59   ├─ /personas/ray-liotta/index.html (+90ms)
10:06:59   ├─ /personas/sarah-paulson/index.html (+78ms)
10:06:59   ├─ /personas/stellan-skarsgard/index.html (+82ms)
10:06:59   ├─ /personas/timothy-spall/index.html (+76ms)
10:06:59   ├─ /personas/zac-efron/index.html (+74ms)
10:06:59   ├─ /personas/albert-brooks/index.html (+77ms)
10:06:59   ├─ /personas/albert-finney/index.html (+78ms)
10:06:59   ├─ /personas/alfredo-castro/index.html (+78ms)
10:06:59   ├─ /personas/angela-lansbury/index.html (+74ms)
10:06:59   ├─ /personas/anna-faris/index.html (+79ms)
10:06:59   ├─ /personas/billy-crystal/index.html (+76ms)
10:07:00   ├─ /personas/burt-reynolds/index.html (+85ms)
10:07:00   ├─ /personas/candice-bergen/index.html (+87ms)
10:07:00   ├─ /personas/debra-winger/index.html (+77ms)
10:07:00   ├─ /personas/luisana-lopilato/index.html (+78ms)
10:07:00   ├─ /personas/diego-capusotto/index.html (+77ms)
10:07:00   ├─ /personas/emilio-disi/index.html (+75ms)
10:07:00   ├─ /personas/gino-renni/index.html (+75ms)
10:07:00   ├─ /personas/dady-brieva/index.html (+87ms)
10:07:00   ├─ /personas/enrique-pinti/index.html (+78ms)
10:07:00   ├─ /personas/nacha-guevara/index.html (+73ms)
10:07:00   ├─ /personas/veronica-llinas/index.html (+77ms)
10:07:00   ├─ /personas/valeria-bertuccelli/index.html (+75ms)
10:07:00   ├─ /personas/tomas-fonzi/index.html (+75ms)
10:07:01   ├─ /personas/eva-de-dominici/index.html (+85ms)
10:07:01   ├─ /personas/agustin-aristaran/index.html (+83ms)
10:07:01   ├─ /personas/juan-diego-botto/index.html (+98ms)
10:07:01   ├─ /personas/gaspar-noe/index.html (+76ms)
10:07:01   ├─ /personas/adriana-salgueiro/index.html (+83ms)
10:07:01   ├─ /personas/dario-barassi/index.html (+81ms)
10:07:01   ├─ /personas/pablo-echarri/index.html (+73ms)
10:07:01   ├─ /personas/leonor-benedetto/index.html (+88ms)
10:07:01   ├─ /personas/susu-pecoraro/index.html (+79ms)
10:07:01   ├─ /personas/rita-cortese/index.html (+74ms)
10:07:01   ├─ /personas/hugo-arana/index.html (+76ms)
10:07:01   ├─ /personas/leticia-bredice/index.html (+77ms)
10:07:02   ├─ /personas/julieta-cardinali/index.html (+75ms)
10:07:02   ├─ /personas/julieta-zylberberg/index.html (+80ms)
10:07:02   ├─ /personas/raul-de-la-torre/index.html (+75ms)
10:07:02   ├─ /personas/marcelo-subiotto/index.html (+73ms)
10:07:02   ├─ /personas/esteban-bigliardi/index.html (+76ms)
10:07:02   ├─ /personas/cesar-bordon/index.html (+74ms)
10:07:02   ├─ /personas/clara-kovacic/index.html (+84ms)
10:07:02   ├─ /personas/demian-salomon/index.html (+73ms)
10:07:02   ├─ /personas/jazmin-stuart/index.html (+75ms)
10:07:02   ├─ /personas/antonella-costa/index.html (+74ms)
10:07:02   ├─ /personas/ines-efron/index.html (+73ms)
10:07:02   ├─ /personas/ines-estevez/index.html (+76ms)
10:07:02   ├─ /personas/muriel-santa-ana/index.html (+75ms)
10:07:03   ├─ /personas/susana-pampin/index.html (+82ms)
10:07:03   ├─ /personas/javier-drolas/index.html (+91ms)
10:07:03   ├─ /personas/laura-paredes/index.html (+78ms)
10:07:03   ├─ /personas/diego-cremonesi/index.html (+86ms)
10:07:03   ├─ /personas/guillermo-pfening/index.html (+82ms)
10:07:03   ├─ /personas/german-de-silva/index.html (+75ms)
10:07:03   ├─ /personas/daniel-araoz/index.html (+84ms)
10:07:03   ├─ /personas/carola-reyna/index.html (+77ms)
10:07:03   ├─ /personas/rosario-blefari/index.html (+79ms)
10:07:03   ├─ /personas/alejo-garcia-pintos/index.html (+81ms)
10:07:03   ├─ /personas/ignacio-huang/index.html (+76ms)
10:07:03   ├─ /personas/dario-levy/index.html (+82ms)
10:07:03   ├─ /personas/hector-echavarria/index.html (+73ms)
10:07:04   ├─ /personas/alejandro-hartmann/index.html (+82ms)
10:07:04   ├─ /personas/ezequiel-rodriguez/index.html (+82ms)
10:07:04   ├─ /personas/albertina-carri/index.html (+74ms)
10:07:04   ├─ /personas/marcos-carnevale/index.html (+90ms)
10:07:04   ├─ /personas/ana-katz/index.html (+79ms)
10:07:04   ├─ /personas/alejandro-agresti/index.html (+75ms)
10:07:04   ├─ /personas/diego-lerman/index.html (+80ms)
10:07:04   ├─ /personas/lucia-puenzo/index.html (+77ms)
10:07:04   ├─ /personas/gaston-duprat/index.html (+78ms)
10:07:04   ├─ /personas/ariel-rotter/index.html (+89ms)
10:07:04   ├─ /personas/gustavo-taretto/index.html (+74ms)
10:07:04   ├─ /personas/paula-hernandez/index.html (+77ms)
10:07:05   ├─ /personas/milagros-mumenthaler/index.html (+79ms)
10:07:05   ├─ /personas/martin-rejtman/index.html (+90ms)
10:07:05   ├─ /personas/raul-perrone/index.html (+84ms)
10:07:05   ├─ /personas/rodrigo-moreno/index.html (+90ms)
10:07:05   ├─ /personas/hernan-goldfrid/index.html (+101ms)
10:07:05   ├─ /personas/sebastian-schindel/index.html (+87ms)
10:07:05   ├─ /personas/nestor-montalbano/index.html (+83ms)
10:07:05   ├─ /personas/nicanor-loreti/index.html (+75ms)
10:07:05   ├─ /personas/nicolas-onetti/index.html (+79ms)
10:07:05   ├─ /personas/miguel-cohan/index.html (+76ms)
10:07:05   ├─ /personas/carlos-galettini/index.html (+103ms)
10:07:05   ├─ /personas/juan-cabral/index.html (+82ms)
10:07:06   ├─ /personas/juan-taratuto/index.html (+78ms)
10:07:06   ├─ /personas/diego-rafecas/index.html (+82ms)
10:07:06   ├─ /personas/pablo-giorgelli/index.html (+80ms)
10:07:06   ├─ /personas/laura-citarella/index.html (+78ms)
10:07:06   ├─ /personas/rafael-spregelburd/index.html (+76ms)
10:07:06   ├─ /personas/cristina-banegas/index.html (+79ms)
10:07:06   ├─ /personas/claudia-lapaco/index.html (+82ms)
10:07:06   ├─ /personas/beatriz-spelzini/index.html (+78ms)
10:07:06   ├─ /personas/jean-pierre-noher/index.html (+77ms)
10:07:06   ├─ /personas/jorge-delia/index.html (+78ms)
10:07:06   ├─ /personas/jorge-roman/index.html (+93ms)
10:07:06   ├─ /personas/lorena-vega/index.html (+90ms)
10:07:07   ├─ /personas/maria-alche/index.html (+81ms)
10:07:07   ├─ /personas/mimi-ardu/index.html (+89ms)
10:07:07   ├─ /personas/monica-lairana/index.html (+78ms)
10:07:07   ├─ /personas/oscar-ferreiro/index.html (+73ms)
10:07:07   ├─ /personas/pablo-cedron/index.html (+79ms)
10:07:07   ├─ /personas/peto-menahem/index.html (+74ms)
10:07:07   ├─ /personas/rodrigo-noya/index.html (+80ms)
10:07:07   ├─ /personas/valeria-lois/index.html (+77ms)
10:07:07   ├─ /personas/viviana-saccone/index.html (+90ms)
10:07:07   ├─ /personas/silvia-kutika/index.html (+80ms)
10:07:07   ├─ /personas/magui-bravi/index.html (+94ms)
10:07:07   ├─ /personas/fernanda-mistral/index.html (+94ms)
10:07:08   ├─ /personas/pablo-novak/index.html (+79ms)
10:07:08   ├─ /personas/eugenia-alonso/index.html (+81ms)
10:07:08   ├─ /personas/alberto-ajaka/index.html (+80ms)
10:07:08   ├─ /personas/daniel-valenzuela/index.html (+77ms)
10:07:08   ├─ /personas/camila-peralta/index.html (+86ms)
10:07:08   ├─ /personas/luis-margani/index.html (+74ms)
10:07:08   ├─ /personas/carlos-echevarria/index.html (+72ms)
10:07:08   ├─ /personas/juan-barberini/index.html (+77ms)
10:07:08   ├─ /personas/lautaro-delgado-tymruk/index.html (+74ms)
10:07:08   ├─ /personas/matias-mayer/index.html (+80ms)
10:07:08   ├─ /personas/melina-petriella/index.html (+74ms)
10:07:08   ├─ /personas/miriam-odorico/index.html (+82ms)
10:07:08   ├─ /personas/cumelen-sanz/index.html (+73ms)
10:07:09   ├─ /personas/sergio-boris/index.html (+73ms)
10:07:09   ├─ /personas/enrique-pineyro/index.html (+82ms)
10:07:09   ├─ /personas/gonzalo-calzada/index.html (+74ms)
10:07:09   ├─ /personas/martin-hodara/index.html (+76ms)
10:07:09   ├─ /personas/cristian-bernard/index.html (+103ms)
10:07:09   ├─ /personas/natalia-meta/index.html (+82ms)
10:07:09   ├─ /personas/nicolas-galvagno/index.html (+73ms)
10:07:09   ├─ /personas/patricia-saran/index.html (+75ms)
10:07:09   ├─ /personas/brian-buley/index.html (+78ms)
10:07:09   ├─ /personas/romina-ricci/index.html (+74ms)
10:07:09   ├─ /personas/mario-alarcon/index.html (+78ms)
10:07:09   ├─ /personas/alejandro-fiore/index.html (+79ms)
10:07:09   ├─ /personas/edgardo-castro/index.html (+78ms)
10:07:10   ├─ /personas/carlos-weber/index.html (+74ms)
10:07:10   ├─ /personas/mara-bestelli/index.html (+75ms)
10:07:10   ├─ /personas/margarita-molfino/index.html (+89ms)
10:07:10   ├─ /personas/maria-merlino/index.html (+77ms)
10:07:10   ├─ /personas/victoria-almeida/index.html (+79ms)
10:07:10   ├─ /personas/katia-szechtman/index.html (+88ms)
10:07:10   ├─ /personas/pablo-razuk/index.html (+82ms)
10:07:10   ├─ /personas/pablo-yotich/index.html (+75ms)
10:07:10   ├─ /personas/gabriel-arbos/index.html (+79ms)
10:07:10   ├─ /personas/matias-gueilburt/index.html (+73ms)
10:07:10   ├─ /personas/agustin-adba/index.html (+82ms)
10:07:10   ├─ /personas/sergio-pangaro/index.html (+77ms)
10:07:10   ├─ /personas/luly-drozdek/index.html (+75ms)
10:07:11   ├─ /personas/vita-escardo/index.html (+78ms)
10:07:11   ├─ /personas/martin-adjemian/index.html (+75ms)
10:07:11   ├─ /personas/jose-maria-monje/index.html (+79ms)
10:07:11   ├─ /personas/juan-martin-hsu/index.html (+76ms)
10:07:11   ├─ /personas/index.html (+55.91s)
10:08:07   ├─ /politica-de-privacidad/index.html (+4ms)
10:08:07   ├─ /politica-editorial/index.html (+3ms)
10:08:07   ├─ /que-miro-hoy/index.html (+278ms)
10:08:07   ├─ /robots.txt (+3ms)
10:08:07   ├─ /sitemap.xml (+75ms)
10:08:07   ├─ /sobre-cine-posta/index.html (+4ms)
10:08:07   ├─ /trailers/animales-ben-affleck-2026/index.html (+2ms)
10:08:07   ├─ /trailers/annemarie-2026/index.html (+2ms)
10:08:07   ├─ /trailers/mandaadi-2026/index.html (+1ms)
10:08:07   ├─ /trailers/matchbox-la-pelicula-2026/index.html (+1ms)
10:08:07   ├─ /trailers/project-baby-2026/index.html (+2ms)
10:08:07   ├─ /trailers/a-cualquier-precio-2026/index.html (+2ms)
10:08:07   ├─ /trailers/drags-to-riches-2026/index.html (+1ms)
10:08:07   ├─ /trailers/el-tren-fluvial-2026/index.html (+1ms)
10:08:07   ├─ /trailers/hope-el-primer-impacto-2026/index.html (+1ms)
10:08:07   ├─ /trailers/la-ultima-bala-2026/index.html (+1ms)
10:08:07   ├─ /trailers/lo-dejamos-aca-2026/index.html (+1ms)
10:08:07   ├─ /trailers/madre-siniestra-2026/index.html (+1ms)
10:08:07   ├─ /trailers/socias-por-accidente-2026/index.html (+11ms)
10:08:07   ├─ /trailers/la-casa-2025/index.html (+2ms)
10:08:07   ├─ /trailers/la-vida-es-asi-2025/index.html (+2ms)
10:08:07   ├─ /trailers/cars-2006/index.html (+1ms)
10:08:07   ├─ /trailers/quien-es-martin-mull-2026/index.html (+1ms)
10:08:07   ├─ /trailers/cada-vez-menos-extrano-2026/index.html (+1ms)
10:08:07   ├─ /trailers/pulp-que-harias-por-una-cancion-mas-2026/index.html (+1ms)
10:08:07   ├─ /trailers/vigilante-2026/index.html (+1ms)
10:08:07   ├─ /trailers/una-pelicula-de-parque-chas-2025/index.html (+1ms)
10:08:07   ├─ /trailers/el-ultimo-desafio-k2-en-invierno-2026/index.html (+1ms)
10:08:07   ├─ /trailers/las-cartas-de-la-vida-2026/index.html (+1ms)
10:08:07   ├─ /trailers/schumacher-94-nace-una-leyenda-2026/index.html (+1ms)
10:08:07   ├─ /trailers/cable-mortal-2026/index.html (+1ms)
10:08:07   ├─ /trailers/digger-2026/index.html (+1ms)
10:08:07   ├─ /trailers/disney-creadores-de-mundos-2026/index.html (+1ms)
10:08:07   ├─ /trailers/escondida-en-mi-cabeza-2026/index.html (+1ms)
10:08:07   ├─ /trailers/guardianes-del-museo-2-2026/index.html (+1ms)
10:08:07   ├─ /trailers/hangar-rojo-2026/index.html (+1ms)
10:08:07   ├─ /trailers/midnight-girls-2026/index.html (+1ms)
10:08:07   ├─ /trailers/ninja-wars-blackfox-vs-shoguns-ninja-2026/index.html (+1ms)
10:08:07   ├─ /trailers/papa-a-cargo-2026/index.html (+1ms)
10:08:07   ├─ /trailers/puella-magi-madoka-magica-walpurgisnacht-rising-2026/index.html (+1ms)
10:08:07   ├─ /trailers/relajadas-y-muy-peligrosas-2026/index.html (+1ms)
10:08:07   ├─ /trailers/ricos-sin-dinero-2026/index.html (+1ms)
10:08:07   ├─ /trailers/soulm8te-2026/index.html (+1ms)
10:08:07   ├─ /trailers/verity-la-sombra-de-un-engano-2026/index.html (+1ms)
10:08:07   ├─ /trailers/vertigo-2-punto-muerto-2026/index.html (+1ms)
10:08:07   ├─ /trailers/cuentos-del-jardin-magico-2025/index.html (+1ms)
10:08:07   ├─ /trailers/retrato-de-un-pianista-2025/index.html (+1ms)
10:08:07   ├─ /trailers/ay-mi-perro-2026/index.html (+1ms)
10:08:07   ├─ /trailers/linkin-park-unshatter-2026/index.html (+1ms)
10:08:07   ├─ /trailers/mononoke-iii-la-maldicion-de-la-serpiente-2026/index.html (+1ms)
10:08:07   ├─ /trailers/the-swan-el-reality-mas-extremo-2026/index.html (+1ms)
10:08:07   ├─ /trailers/the-furious-pertaruhan-maruah-2026/index.html (+1ms)
10:08:07   ├─ /trailers/furia-de-los-thunderman-2026/index.html (+1ms)
10:08:07   ├─ /trailers/el-diario-de-pilar-en-amazonas-2026/index.html (+1ms)
10:08:07   ├─ /trailers/stray-kids-the-dominate-experience-2026/index.html (+1ms)
10:08:07   ├─ /trailers/unabomber-2026/index.html (+1ms)
10:08:07   ├─ /trailers/el-corazon-de-la-bestia-2026/index.html (+1ms)
10:08:07   ├─ /trailers/el-ultimo-gran-golpe-2026/index.html (+1ms)
10:08:07   ├─ /trailers/hospital-britanico-2026/index.html (+1ms)
10:08:07   ├─ /trailers/la-isla-olvidada-2026/index.html (+1ms)
10:08:07   ├─ /trailers/su-propio-infierno-2026/index.html (+1ms)
10:08:07   ├─ /trailers/bajo-tus-pies-2025/index.html (+1ms)
10:08:07   ├─ /trailers/encantador-2025/index.html (+1ms)
10:08:07   ├─ /trailers/sinagtala-2025/index.html (+1ms)
10:08:07   ├─ /trailers/los-calvos-2024/index.html (+1ms)
10:08:07   ├─ /trailers/baby-do-die-do-2026/index.html (+1ms)
10:08:07   ├─ /trailers/la-hipotesis-del-amor-2026/index.html (+1ms)
10:08:07   ├─ /trailers/autos-mota-y-rocanrol-2025/index.html (+1ms)
10:08:07   ├─ /trailers/sin-rastro-2025/index.html (+1ms)
10:08:07   ├─ /trailers/sombras-del-pasado-2024/index.html (+1ms)
10:08:07   ├─ /trailers/cuatro-historias-de-deseo-3-2026/index.html (+1ms)
10:08:07   ├─ /trailers/irumudi-2026/index.html (+1ms)
10:08:07   ├─ /trailers/modha-rathri-2026/index.html (+1ms)
10:08:07   ├─ /trailers/tiburon-blanco-la-bestia-del-mar-2025/index.html (+1ms)
10:08:07   ├─ /trailers/desobediente-2026/index.html (+1ms)
10:08:07   ├─ /trailers/el-arbol-magico-2026/index.html (+1ms)
10:08:07   ├─ /trailers/panda-plan-2-la-tribu-magica-2026/index.html (+1ms)
10:08:07   ├─ /trailers/resident-evil-noche-cero-2026/index.html (+1ms)
10:08:07   ├─ /trailers/incognito-2025/index.html (+1ms)
10:08:07   ├─ /trailers/tres-adioses-2025/index.html (+1ms)
10:08:07   ├─ /trailers/septiembre-5-2024/index.html (+1ms)
10:08:07   ├─ /trailers/puella-magi-madoka-magica-la-rebelion-2013/index.html (+1ms)
10:08:07   ├─ /trailers/one-piece-la-pelicula-2000/index.html (+1ms)
10:08:07   ├─ /trailers/la-apuesta-mas-alta-2026/index.html (+1ms)
10:08:07   ├─ /trailers/gracias-equipo-2026/index.html (+1ms)
10:08:07   ├─ /trailers/libang-libu-2026/index.html (+1ms)
10:08:07   ├─ /trailers/islandia-2025/index.html (+1ms)
10:08:07   ├─ /trailers/el-maestro-del-crimen-2024/index.html (+1ms)
10:08:07   ├─ /trailers/pintor-at-paraluman-2024/index.html (+1ms)
10:08:07   ├─ /trailers/pibas-superpoderosas-2023/index.html (+1ms)
10:08:07   ├─ /trailers/tickets-2023/index.html (+1ms)
10:08:07   ├─ /trailers/tu-forma-de-ver-el-mundo-2022/index.html (+1ms)
10:08:07   ├─ /trailers/de-aca-a-la-china-2020/index.html (+1ms)
10:08:07   ├─ /trailers/game-of-death-2017/index.html (+1ms)
10:08:07   ├─ /trailers/sequia-2017/index.html (+1ms)
10:08:07   ├─ /trailers/caza-bajo-el-sol-2014/index.html (+1ms)
10:08:07   ├─ /trailers/aunque-me-cueste-la-vida-2008/index.html (+1ms)
10:08:07   ├─ /trailers/v-de-vendetta-2005/index.html (+1ms)
10:08:07   ├─ /trailers/la-momia-1999/index.html (+1ms)
10:08:07   ├─ /trailers/star-trek-vi-aquel-pais-desconocido-1991/index.html (+1ms)
10:08:07   ├─ /trailers/star-trek-v-la-ultima-frontera-1989/index.html (+1ms)
10:08:07   ├─ /trailers/star-trek-iv-mision-salvar-la-tierra-1986/index.html (+1ms)
10:08:07   ├─ /trailers/star-trek-iii-en-busca-de-spock-1984/index.html (+1ms)
10:08:07   ├─ /trailers/llama-a-mi-agente-la-pelicula-2026/index.html (+1ms)
10:08:07   ├─ /trailers/ballena-asesina-2026/index.html (+1ms)
10:08:07   ├─ /trailers/besar-es-facil-2026/index.html (+1ms)
10:08:07   ├─ /trailers/codigo-venganza-2026/index.html (+1ms)
10:08:07   ├─ /trailers/couture-vidas-entrelazadas-2026/index.html (+1ms)
10:08:07   ├─ /trailers/el-dia-de-la-revelacion-2026/index.html (+1ms)
10:08:07   ├─ /trailers/el-heladero-2026/index.html (+1ms)
10:08:07   ├─ /trailers/hasta-que-la-verdad-los-separe-2026/index.html (+1ms)
10:08:07   ├─ /trailers/hechizo-de-amor-la-magia-continua-2026/index.html (+1ms)
10:08:07   ├─ /trailers/italiana-2026/index.html (+1ms)
10:08:07   ├─ /trailers/la-ambicion-de-los-savage-2026/index.html (+1ms)
10:08:07   ├─ /trailers/los-archivos-perdidos-del-dr-romanoski-2026/index.html (+1ms)
10:08:07   ├─ /trailers/moscas-2026/index.html (+1ms)
10:08:07   ├─ /trailers/nosotros-al-final-2026/index.html (+1ms)
10:08:07   ├─ /trailers/oasis-don-t-look-back-in-anger-2026/index.html (+1ms)
10:08:07   ├─ /trailers/red-de-mentiras-2026/index.html (+1ms)
10:08:07   ├─ /trailers/supergirl-2026/index.html (+1ms)
10:08:07   ├─ /trailers/tadeo-el-explorador-y-la-lampara-maravillosa-2026/index.html (+1ms)
10:08:07   ├─ /trailers/8-2025/index.html (+1ms)
10:08:07   ├─ /trailers/aniversario-2025/index.html (+1ms)
10:08:07   ├─ /trailers/las-corrientes-2025/index.html (+1ms)
10:08:07   ├─ /trailers/las-malditas-2025/index.html (+1ms)
10:08:07   ├─ /trailers/lector-omnisciente-la-profecia-2025/index.html (+1ms)
10:08:07   ├─ /trailers/mi-mejor-escena-2025/index.html (+1ms)
10:08:07   ├─ /trailers/mirando-a-traves-del-agua-2025/index.html (+1ms)
10:08:07   ├─ /trailers/volcan-fuego-bajo-tierra-2025/index.html (+1ms)
10:08:07   ├─ /trailers/las-corredoras-2024/index.html (+1ms)
10:08:07   ├─ /trailers/raices-2024/index.html (+1ms)
10:08:07   ├─ /trailers/romeo-y-ofelia-2024/index.html (+1ms)
10:08:07   ├─ /trailers/alguien-esta-dentro-de-la-casa-2023/index.html (+1ms)
10:08:07   ├─ /trailers/baian-the-assassin-m-d-2023/index.html (+1ms)
10:08:07   ├─ /trailers/fragil-2023/index.html (+1ms)
10:08:07   ├─ /trailers/sociedad-de-honor-2022/index.html (+1ms)
10:08:07   ├─ /trailers/la-encomienda-2021/index.html (+1ms)
10:08:07   ├─ /trailers/una-navidad-de-locos-2021/index.html (+1ms)
10:08:07   ├─ /trailers/moneda-de-cambio-2020/index.html (+1ms)
10:08:07   ├─ /trailers/siberia-2020/index.html (+1ms)
10:08:07   ├─ /trailers/pistolero-2019/index.html (+1ms)
10:08:07   ├─ /trailers/lady-bloodfight-2016/index.html (+1ms)
10:08:07   ├─ /trailers/el-club-2015/index.html (+1ms)
10:08:07   ├─ /trailers/la-luz-incidente-2015/index.html (+1ms)
10:08:07   ├─ /trailers/extraterrestrial-2014/index.html (+1ms)
10:08:07   ├─ /trailers/puella-magi-madoka-magica-la-pelicula-parte-2-2012/index.html (+1ms)
10:08:07   ├─ /trailers/hermandad-de-sangre-2009/index.html (+1ms)
10:08:07   ├─ /trailers/atrapadas-por-la-mafia-2002/index.html (+1ms)
10:08:07   ├─ /trailers/el-americano-impasible-2002/index.html (+1ms)
10:08:07   ├─ /trailers/the-others-2001/index.html (+1ms)
10:08:07   ├─ /trailers/el-fin-de-los-dias-1999/index.html (+1ms)
10:08:07   ├─ /trailers/fargo-secuestro-voluntario-1996/index.html (+1ms)
10:08:07   ├─ /trailers/por-que-me-case-entonces-2026/index.html (+1ms)
10:08:07   ├─ /trailers/band-of-brothers-legacy-2026/index.html (+1ms)
10:08:07   ├─ /trailers/enfrentados-marfil-2026/index.html (+1ms)
10:08:07   ├─ /trailers/different-strokes-2023/index.html (+1ms)
10:08:07   ├─ /trailers/top-gun-maverick-2022/index.html (+1ms)
10:08:07   ├─ /trailers/alone-sola-2020/index.html (+1ms)
10:08:07   ├─ /trailers/shirley-2020/index.html (+1ms)
10:08:07   ├─ /trailers/las-ninas-bien-2019/index.html (+1ms)
10:08:07   ├─ /trailers/penelope-2018/index.html (+1ms)
10:08:07   ├─ /trailers/la-gran-apuesta-2015/index.html (+1ms)
10:08:07   ├─ /trailers/anaconda-3-la-amenaza-2008/index.html (+1ms)
10:08:07   ├─ /trailers/como-locos-a-por-el-oro-2008/index.html (+1ms)
10:08:07   ├─ /trailers/el-tren-de-las-3-10-2007/index.html (+1ms)
10:08:07   ├─ /trailers/una-hija-diferente-2004/index.html (+1ms)
10:08:07   ├─ /trailers/adaptation-el-ladron-de-orquideas-2002/index.html (+1ms)
10:08:07   ├─ /trailers/camino-de-guerra-2000/index.html (+1ms)
10:08:07   ├─ /trailers/copycat-1995/index.html (+1ms)
10:08:07   ├─ /trailers/batman-knightfall-part-1-knightfall-2026/index.html (+1ms)
10:08:07   ├─ /trailers/fukushima-una-pesadilla-nuclear-2026/index.html (+1ms)
10:08:07   ├─ /trailers/jack-ryan-de-tom-clancy-guerra-encubierta-2026/index.html (+1ms)
10:08:07   ├─ /trailers/secretos-del-deporte-mr-t-2026/index.html (+1ms)
10:08:07   ├─ /trailers/stavros-halkias-uncle-stav-2026/index.html (+1ms)
10:08:07   ├─ /trailers/the-medium-2021/index.html (+1ms)
10:08:07   ├─ /trailers/bumblebee-2018/index.html (+1ms)
10:08:07   ├─ /trailers/jack-reacher-nunca-vuelvas-atras-2016/index.html (+1ms)
10:08:07   ├─ /trailers/en-la-gama-de-los-grises-2015/index.html (+1ms)
10:08:07   ├─ /trailers/jack-reacher-bajo-la-mira-2012/index.html (+1ms)
10:08:07   ├─ /trailers/el-padre-de-los-inventos-2010/index.html (+1ms)
10:08:07   ├─ /trailers/alex-y-emma-2003/index.html (+1ms)
10:08:07   ├─ /trailers/the-godfather-part-ii-1974/index.html (+1ms)
10:08:07   ├─ /trailers/the-alto-knights-mafia-y-poder-2025/index.html (+1ms)
10:08:07   ├─ /trailers/pozos-de-ambicion-2007/index.html (+1ms)
10:08:07   ├─ /trailers/animal-factory-2000/index.html (+1ms)
10:08:07   ├─ /trailers/mayday-2026/index.html (+1ms)
10:08:07   ├─ /trailers/colony-zona-cero-2026/index.html (+1ms)
10:08:07   ├─ /trailers/fito-paez-el-mundo-cabe-en-una-cancion-2026/index.html (+1ms)
10:08:07   ├─ /trailers/gandhari-2026/index.html (+1ms)
10:08:07   ├─ /trailers/pepita-la-pistolera-2026/index.html (+1ms)
10:08:07   ├─ /trailers/esa-cosa-con-alas-2025/index.html (+1ms)
10:08:07   ├─ /trailers/la-negociacion-2025/index.html (+1ms)
10:08:07   ├─ /trailers/una-quinta-en-portugal-2025/index.html (+1ms)
10:08:07   ├─ /trailers/masha-y-los-osos-la-pelicula-2023/index.html (+1ms)
10:08:07   ├─ /trailers/puella-magi-madoka-magica-la-pelicula-parte-1-2012/index.html (+1ms)
10:08:07   ├─ /trailers/terminator-2-judgment-day-1991/index.html (+1ms)
10:08:07   ├─ /trailers/carrera-contra-el-tiempo-2026/index.html (+1ms)
10:08:07   ├─ /trailers/lego-star-wars-the-mandalorian-2026/index.html (+1ms)
10:08:07   ├─ /trailers/momentos-decisivos-generacion-11-s-2026/index.html (+1ms)
10:08:07   ├─ /trailers/the-mandalorian-and-grogu-2026/index.html (+1ms)
10:08:07   ├─ /trailers/el-falsario-2026/index.html (+1ms)
10:08:07   ├─ /trailers/afterburn-zona-cero-2025/index.html (+1ms)
10:08:07   ├─ /trailers/omni-loop-2024/index.html (+1ms)
10:08:07   ├─ /trailers/dracula-2025/index.html (+1ms)
10:08:07   ├─ /trailers/como-una-esposa-2022/index.html (+1ms)
10:08:07   ├─ /trailers/bull-2021/index.html (+1ms)
10:08:07   ├─ /trailers/barreda-2026/index.html (+1ms)
10:08:07   ├─ /trailers/gintama-la-pelicula-yoshiwara-en-llamas-2026/index.html (+1ms)
10:08:07   ├─ /trailers/la-ultima-escena-2026/index.html (+1ms)
10:08:07   ├─ /trailers/susurran-tu-nombre-2026/index.html (+1ms)
10:08:07   ├─ /trailers/te-extrano-te-amo-2026/index.html (+1ms)
10:08:07   ├─ /trailers/una-mujer-sin-pasado-2026/index.html (+1ms)
10:08:07   ├─ /trailers/llamame-madre-2025/index.html (+1ms)
10:08:07   ├─ /trailers/turbulencias-2025/index.html (+1ms)
10:08:07   ├─ /trailers/frente-al-tornado-2021/index.html (+1ms)
10:08:07   ├─ /trailers/otra-ronda-2020/index.html (+1ms)
10:08:07   ├─ /trailers/demonic-2015/index.html (+1ms)
10:08:07   ├─ /trailers/the-barkley-marathons-the-race-that-eats-its-young-2014/index.html (+1ms)
10:08:07   ├─ /trailers/el-gato-con-botas-2011/index.html (+1ms)
10:08:07   ├─ /trailers/shrek-tercero-2007/index.html (+1ms)
10:08:07   ├─ /trailers/cin3-fili4-2026/index.html (+2ms)
10:08:07   ├─ /trailers/coyote-vs-acme-2026/index.html (+2ms)
10:08:07   ├─ /trailers/impacto-mortal-2026/index.html (+1ms)
10:08:07   ├─ /trailers/la-asistente-de-la-morgue-2026/index.html (+3ms)
10:08:07   ├─ /trailers/la-guerra-de-los-ultimos-2026/index.html (+2ms)
10:08:07   ├─ /trailers/la-nina-del-azucar-2026/index.html (+1ms)
10:08:07   ├─ /trailers/lu-pau-2026/index.html (+3ms)
10:08:07   ├─ /trailers/solo-por-una-noche-2026/index.html (+4ms)
10:08:07   ├─ /trailers/tierra-de-crimen-2026/index.html (+2ms)
10:08:07   ├─ /trailers/cosas-pequenas-como-estas-2024/index.html (+1ms)
10:08:07   ├─ /trailers/la-inmersion-2023/index.html (+1ms)
10:08:07   ├─ /trailers/los-colonos-2023/index.html (+1ms)
10:08:07   ├─ /trailers/burke-and-hare-2010/index.html (+1ms)
10:08:07   ├─ /trailers/2012-2009/index.html (+1ms)
10:08:07   ├─ /trailers/la-matanza-de-texas-2003/index.html (+1ms)
10:08:07   ├─ /trailers/harry-potter-and-the-sorcerers-stone-2001/index.html (+1ms)
10:08:07   ├─ /trailers/sunrise-el-ultimo-amanecer-2026/index.html (+1ms)
10:08:07   ├─ /trailers/back-to-black-2024/index.html (+1ms)
10:08:07   ├─ /trailers/ella-dijo-2022/index.html (+1ms)
10:08:07   ├─ /trailers/american-assassin-2017/index.html (+1ms)
10:08:07   ├─ /trailers/venganza-nunca-subestimes-a-una-mujer-2017/index.html (+1ms)
10:08:07   ├─ /trailers/ricki-2015/index.html (+1ms)
10:08:07   ├─ /trailers/la-boda-de-rachel-2008/index.html (+1ms)
10:08:07   ├─ /trailers/dano-colateral-2002/index.html (+1ms)
10:08:07   ├─ /trailers/corre-lola-corre-1998/index.html (+1ms)
10:08:07   ├─ /trailers/babe-el-cerdito-valiente-1995/index.html (+1ms)
10:08:07   ├─ /trailers/bullitt-1968/index.html (+1ms)
10:08:07   ├─ /trailers/el-increible-hombre-menguante-1957/index.html (+1ms)
10:08:07   ├─ /trailers/secretos-del-deporte-el-testimonio-de-vince-young-2026/index.html (+1ms)
10:08:07   ├─ /trailers/noche-de-paz-noche-de-muerte-2025/index.html (+1ms)
10:08:07   ├─ /trailers/los-olvidados-cicatrices-2023/index.html (+1ms)
10:08:07   ├─ /trailers/ninja-turtles-caos-mutante-2023/index.html (+1ms)
10:08:07   ├─ /trailers/pokemon-detective-pikachu-2019/index.html (+1ms)
10:08:07   ├─ /trailers/good-time-viviendo-al-limite-2017/index.html (+1ms)
10:08:07   ├─ /trailers/posesion-infernal-2013/index.html (+1ms)
10:08:07   ├─ /trailers/17-otra-vez-2009/index.html (+1ms)
10:08:07   ├─ /trailers/resident-evil-el-huesped-maldito-2002/index.html (+1ms)
10:08:07   ├─ /trailers/practicamente-magia-1998/index.html (+1ms)
10:08:07   ├─ /trailers/la-maquina-the-smashing-machine-2025/index.html (+1ms)
10:08:07   ├─ /trailers/harold-y-el-lapiz-magico-2024/index.html (+1ms)
10:08:07   ├─ /trailers/la-trampa-2024/index.html (+1ms)
10:08:07   ├─ /trailers/no-odiaras-2020/index.html (+1ms)
10:08:07   ├─ /trailers/un-dia-en-el-haram-2017/index.html (+1ms)
10:08:07   ├─ /trailers/the-human-race-2013/index.html (+1ms)
10:08:07   ├─ /trailers/the-fall-guy-2024/index.html (+1ms)
10:08:07   ├─ /trailers/triple-9-2016/index.html (+1ms)
10:08:07   ├─ /trailers/fragmentada-2023/index.html (+1ms)
10:08:07   ├─ /trailers/rosebush-pruning-2026/index.html (+1ms)
10:08:07   ├─ /trailers/song-sung-blue-cancion-para-dos-2025/index.html (+1ms)
10:08:07   ├─ /trailers/la-muerte-de-robin-hood-2026/index.html (+1ms)
10:08:07   ├─ /trailers/la-noche-del-demonio-estan-entre-nosotros-2026/index.html (+1ms)
10:08:07   ├─ /trailers/tu-corazon-sera-destrozado-2026/index.html (+1ms)
10:08:07   ├─ /trailers/el-gran-falsificador-2025/index.html (+1ms)
10:08:07   ├─ /trailers/un-trago-de-infierno-2024/index.html (+1ms)
10:08:07   ├─ /trailers/my-neighbor-totoro-1988/index.html (+1ms)
10:08:07   ├─ /trailers/la-voluntad-de-dios-2026/index.html (+1ms)
10:08:07   ├─ /trailers/guerra-de-novias-2009/index.html (+1ms)
10:08:07   ├─ /trailers/camp-rock-3-2026/index.html (+1ms)
10:08:07   ├─ /trailers/el-turno-del-papa-2026/index.html (+1ms)
10:08:07   ├─ /trailers/my-best-friend-his-girlfriend-and-me-2026/index.html (+1ms)
10:08:07   ├─ /trailers/mystery-arena-2026/index.html (+1ms)
10:08:07   ├─ /trailers/no-se-desea-buena-suerte-2026/index.html (+1ms)
10:08:07   ├─ /trailers/bugonia-2025/index.html (+1ms)
10:08:07   ├─ /trailers/los-muertos-no-mueren-2019/index.html (+1ms)
10:08:07   ├─ /trailers/adolescencia-sexo-y-muerte-en-campamento-miasma-2026/index.html (+1ms)
10:08:07   ├─ /trailers/el-final-de-la-calle-oak-2026/index.html (+1ms)
10:08:07   ├─ /trailers/esto-aquello-y-todo-lo-demas-2026/index.html (+1ms)
10:08:07   ├─ /trailers/insaciable-2026/index.html (+1ms)
10:08:07   ├─ /trailers/paw-patrol-la-dino-pelicula-2026/index.html (+1ms)
10:08:07   ├─ /trailers/travis-barker-mas-alla-del-miedo-2026/index.html (+1ms)
10:08:07   ├─ /trailers/un-hijo-propio-2026/index.html (+1ms)
10:08:07   ├─ /trailers/yo-narciso-2026/index.html (+1ms)
10:08:07   ├─ /trailers/sin-ley-2025/index.html (+1ms)
10:08:07   ├─ /trailers/nando-entre-dos-mundos-2026/index.html (+1ms)
10:08:07   ├─ /trailers/la-heroina-del-lazo-2026/index.html (+1ms)
10:08:07   ├─ /trailers/main-vaapas-aaunga-2026/index.html (+1ms)
10:08:07   ├─ /trailers/animales-2026/index.html (+1ms)
10:08:07   ├─ /trailers/carrera-de-bestias-2026/index.html (+1ms)
10:08:07   ├─ /trailers/el-huesped-oculto-2026/index.html (+1ms)
10:08:07   ├─ /trailers/la-ultima-casa-2026/index.html (+1ms)
10:08:07   ├─ /trailers/escuadron-letal-2025/index.html (+1ms)
10:08:07   ├─ /trailers/los-aitas-2025/index.html (+1ms)
10:08:07   ├─ /trailers/los-mejores-de-manila-2025/index.html (+1ms)
10:08:07   ├─ /trailers/la-cura-siniestra-2017/index.html (+1ms)
10:08:07   ├─ /trailers/la-fuente-de-la-vida-2006/index.html (+1ms)
10:08:07   ├─ /trailers/ateez-light-the-way-in-cinemas-2026/index.html (+1ms)
10:08:07   ├─ /trailers/canelones-2026/index.html (+1ms)
10:08:07   ├─ /trailers/el-dia-d-bajo-presion-2026/index.html (+1ms)
10:08:07   ├─ /trailers/engendro-2026/index.html (+1ms)
10:08:07   ├─ /trailers/katseye-wild-hearts-2026/index.html (+1ms)
10:08:07   ├─ /trailers/la-invitacion-2026/index.html (+1ms)
10:08:07   ├─ /trailers/franz-2025/index.html (+1ms)
10:08:07   ├─ /trailers/nimrods-a-green-day-comedy-2025/index.html (+1ms)
10:08:07   ├─ /trailers/el-escandalo-de-trustor-desde-dentro-2026/index.html (+1ms)
10:08:07   ├─ /trailers/psycho-killer-2026/index.html (+1ms)
10:08:07   ├─ /trailers/jujutsu-kaisen-0-2021/index.html (+1ms)
10:08:07   ├─ /trailers/palm-springs-2020/index.html (+1ms)
10:08:07   ├─ /trailers/un-comeback-salvaje-2026/index.html (+1ms)
10:08:07   ├─ /trailers/clika-2026/index.html (+1ms)
10:08:07   ├─ /trailers/luchadores-2-2026/index.html (+1ms)
10:08:07   ├─ /trailers/five-nights-at-freddys-2-2025/index.html (+1ms)
10:08:07   ├─ /trailers/fantastico-sr-fox-2009/index.html (+1ms)
10:08:07   ├─ /trailers/la-tierra-explota-2026/index.html (+1ms)
10:08:07   ├─ /trailers/spider-man-brand-new-day-2026/index.html (+1ms)
10:08:07   ├─ /trailers/wham-10-days-in-china-2026/index.html (+1ms)
10:08:07   ├─ /trailers/los-domingos-2025/index.html (+1ms)
10:08:07   ├─ /trailers/marianela-y-el-cadaver-2024/index.html (+1ms)
10:08:07   ├─ /trailers/el-diablo-viste-a-la-moda-2-2026/index.html (+1ms)
10:08:07   ├─ /trailers/la-boca-del-diablo-2026/index.html (+1ms)
10:08:07   ├─ /trailers/guardianes-de-la-noche-la-fortaleza-infinita-2025/index.html (+1ms)
10:08:07   ├─ /trailers/avatar-la-leyenda-de-aang-2026/index.html (+1ms)
10:08:07   ├─ /trailers/barbarian-2022/index.html (+1ms)
10:08:07   ├─ /trailers/72-hours-2026/index.html (+1ms)
10:08:07   ├─ /trailers/dink-2026/index.html (+1ms)
10:08:07   ├─ /trailers/los-creyentes-2026/index.html (+1ms)
10:08:07   ├─ /trailers/elize-sombras-de-una-mujer-2026/index.html (+1ms)
10:08:08   ├─ /trailers/thelma-la-venganza-nunca-ha-sido-tan-dulce-2024/index.html (+1ms)
10:08:08   ├─ /trailers/el-ultimo-duelo-2021/index.html (+1ms)
10:08:08   ├─ /trailers/23-000-vidas-2026/index.html (+1ms)
10:08:08   ├─ /trailers/deseo-2026/index.html (+1ms)
10:08:08   ├─ /trailers/heartstopper-para-siempre-2026/index.html (+1ms)
10:08:08   ├─ /trailers/los-descendientes-viaje-al-mundo-oscuro-2026/index.html (+1ms)
10:08:08   ├─ /trailers/dias-extranos-1995/index.html (+1ms)
10:08:08   ├─ /trailers/la-odisea-2026/index.html (+1ms)
10:08:08   ├─ /trailers/golden-kamuy-the-abashiri-prison-raid-2026/index.html (+1ms)
10:08:08   ├─ /trailers/susana-y-elvira-sin-plan-b-2026/index.html (+1ms)
10:08:08   ├─ /trailers/evil-dead-en-llamas-2026/index.html (+1ms)
10:08:08   ├─ /trailers/los-caminantes-de-la-calle-2026/index.html (+1ms)
10:08:08   ├─ /trailers/moana-live-action-2026/index.html (+1ms)
10:08:08   ├─ /trailers/dos-pianos-2025/index.html (+1ms)
10:08:08   ├─ /trailers/hasta-el-final-2026/index.html (+1ms)
10:08:08   ├─ /trailers/el-afinador-2026/index.html (+1ms)
10:08:08   ├─ /trailers/minions-monstruos-2026/index.html (+1ms)
10:08:08   ├─ /trailers/enola-holmes-3-2026/index.html (+1ms)
10:08:08   ├─ /trailers/chris-y-martina-el-set-decisivo-2026/index.html (+1ms)
10:08:08   ├─ /trailers/bleach-thousand-year-blood-war-the-calamity-2026/index.html (+1ms)
10:08:08   ├─ /trailers/jackass-la-ultima-y-nos-vamos-2026/index.html (+1ms)
10:08:08   ├─ /trailers/leviticus-ritual-de-sangre-2026/index.html (+1ms)
10:08:08   ├─ /trailers/los-colores-del-tiempo-2026/index.html (+1ms)
10:08:08   ├─ /trailers/in-the-hand-of-dante-2026/index.html (+1ms)
10:08:08   ├─ /trailers/mensajes-de-voz-para-isabelle-2026/index.html (+1ms)
10:08:08   ├─ /trailers/kobayashi-san-chi-no-maid-dragon-samishigariya-no-ryuu-2025/index.html (+1ms)
10:08:08   ├─ /trailers/zombie-land-saga-yumeginga-paradise-2025/index.html (+1ms)
10:08:08   ├─ /trailers/color-book-2024/index.html (+1ms)
10:08:08   ├─ /trailers/toy-story-5-2026/index.html (+1ms)
10:08:08   ├─ /trailers/your-fault-london-2026/index.html (+1ms)
10:08:08   ├─ /trailers/letras-robadas-2026/index.html (+1ms)
10:08:08   ├─ /trailers/las-100-noches-del-deseo-2025/index.html (+1ms)
10:08:08   ├─ /trailers/tetracampeones-brasil-volvio-a-creer-2026/index.html (+1ms)
10:08:08   ├─ /trailers/scarlet-2025/index.html (+1ms)
10:08:08   ├─ /trailers/mexico-86-2026/index.html (+1ms)
10:08:08   ├─ /trailers/office-romance-2026/index.html (+1ms)
10:08:08   ├─ /trailers/rio-de-sangre-2026/index.html (+1ms)
10:08:08   ├─ /trailers/the-marked-woman-2026/index.html (+1ms)
10:08:08   ├─ /trailers/pillion-2025/index.html (+1ms)
10:08:08   ├─ /trailers/amos-del-universo-2026/index.html (+1ms)
10:08:08   ├─ /trailers/el-pequeno-ninja-el-origen-2026/index.html (+1ms)
10:08:08   ├─ /trailers/los-bobos-2026/index.html (+1ms)
10:08:08   ├─ /trailers/poldi-2026/index.html (+1ms)
10:08:08   ├─ /trailers/scary-movie-6-2026/index.html (+1ms)
10:08:08   ├─ /trailers/the-amazing-digital-circus-el-ultimo-acto-2026/index.html (+1ms)
10:08:08   ├─ /trailers/hoppers-2026/index.html (+1ms)
10:08:08   ├─ /trailers/risa-y-la-cabina-del-viento-2025/index.html (+1ms)
10:08:08   ├─ /trailers/topuria-matador-2024/index.html (+1ms)
10:08:08   ├─ /trailers/roofman-un-buen-ladron-2025/index.html (+1ms)
10:08:08   ├─ /trailers/ven-a-volar-conmigo-2026/index.html (+1ms)
10:08:08   ├─ /trailers/amarga-navidad-2026/index.html (+1ms)
10:08:08   ├─ /trailers/backrooms-2026/index.html (+1ms)
10:08:08   ├─ /trailers/alpha-2025/index.html (+1ms)
10:08:08   ├─ /trailers/dolly-juega-contigo-2025/index.html (+1ms)
10:08:08   ├─ /trailers/el-gran-arco-2025/index.html (+1ms)
10:08:08   ├─ /trailers/ella-y-su-hijo-2025/index.html (+1ms)
10:08:08   ├─ /trailers/zona-de-riesgo-2025/index.html (+1ms)
10:08:08   ├─ /trailers/howls-moving-castle-2004/index.html (+1ms)
10:08:08   ├─ /trailers/aida-y-vuelta-2026/index.html (+1ms)
10:08:08   ├─ /trailers/las-damas-primero-2026/index.html (+1ms)
10:08:08   ├─ /trailers/el-partido-2026/index.html (+1ms)
10:08:08   ├─ /trailers/el-pasajero-del-diablo-2026/index.html (+1ms)
10:08:08   ├─ /trailers/nada-entre-los-dos-2026/index.html (+1ms)
10:08:08   ├─ /trailers/en-la-zona-gris-2026/index.html (+1ms)
10:08:08   ├─ /trailers/obsesion-2026/index.html (+1ms)
10:08:08   ├─ /trailers/exit-8-2025/index.html (+1ms)
10:08:08   ├─ /trailers/umamusume-pretty-derby-2024/index.html (+1ms)
10:08:08   ├─ /trailers/the-punisher-one-last-kill-2026/index.html (+1ms)
10:08:08   ├─ /trailers/overlord-el-reino-sagrado-2024/index.html (+1ms)
10:08:08   ├─ /trailers/no-es-pais-para-solteros-2026/index.html (+1ms)
10:08:08   ├─ /trailers/remarkably-bright-creatures-2026/index.html (+1ms)
10:08:08   ├─ /trailers/marty-supreme-2025/index.html (+1ms)
10:08:08   ├─ /trailers/playa-de-lobos-2025/index.html (+1ms)
10:08:08   ├─ /trailers/hokum-la-maldicion-de-la-bruja-2026/index.html (+1ms)
10:08:08   ├─ /trailers/las-ovejas-detectives-2026/index.html (+1ms)
10:08:08   ├─ /trailers/lipan-2026/index.html (+1ms)
10:08:08   ├─ /trailers/mortal-kombat-ii-2026/index.html (+1ms)
10:08:08   ├─ /trailers/sangre-asesina-2026/index.html (+1ms)
10:08:08   ├─ /trailers/suenos-de-oslo-2024/index.html (+1ms)
10:08:08   ├─ /trailers/la-larga-marcha-2025/index.html (+1ms)
10:08:08   ├─ /trailers/el-yerno-2026/index.html (+1ms)
10:08:08   ├─ /trailers/mi-querida-senorita-2026/index.html (+1ms)
10:08:08   ├─ /trailers/swapped-2026/index.html (+1ms)
10:08:08   ├─ /trailers/apex-2026/index.html (+1ms)
10:08:08   ├─ /trailers/el-mago-de-kremlin-2026/index.html (+1ms)
10:08:08   ├─ /trailers/michael-2026/index.html (+1ms)
10:08:08   ├─ /trailers/yiya-murano-muerte-a-la-hora-del-te-2026/index.html (+1ms)
10:08:08   ├─ /trailers/companeras-de-cuarto-2026/index.html (+1ms)
10:08:08   ├─ /trailers/la-caja-azul-2026/index.html (+1ms)
10:08:08   ├─ /trailers/la-posesion-de-la-momia-2026/index.html (+1ms)
10:08:08   ├─ /trailers/sarahs-oil-el-oro-negro-2025/index.html (+1ms)
10:08:08   ├─ /trailers/outcome-2026/index.html (+1ms)
10:08:08   ├─ /trailers/buena-suerte-diviertete-no-mueras-2026/index.html (+1ms)
10:08:08   ├─ /trailers/the-drama-2026/index.html (+1ms)
10:08:08   ├─ /trailers/la-casaca-de-dios-2026/index.html (+1ms)
10:08:08   ├─ /trailers/torrente-presidente-2026/index.html (+1ms)
10:08:08   ├─ /trailers/padre-madre-hermana-hermano-2025/index.html (+1ms)
10:08:08   ├─ /trailers/la-vida-de-chuck-2025/index.html (+1ms)
10:08:08   ├─ /trailers/jugada-maestra-2026/index.html (+1ms)
10:08:08   ├─ /trailers/super-mario-galaxy-2026/index.html (+1ms)
10:08:08   ├─ /trailers/el-ultimo-gigante-2026/index.html (+1ms)
10:08:08   ├─ /trailers/53-domingos-2026/index.html (+1ms)
10:08:08   ├─ /trailers/te-van-a-matar-2026/index.html (+1ms)
10:08:08   ├─ /trailers/nuremberg-2025/index.html (+1ms)
10:08:08   ├─ /trailers/pretty-lethal-2026/index.html (+1ms)
10:08:08   ├─ /trailers/peaky-blinders-the-immortal-man-2026/index.html (+1ms)
10:08:08   ├─ /trailers/boda-sangrienta-2-2026/index.html (+1ms)
10:08:08   ├─ /trailers/project-hail-mary-2026/index.html (+1ms)
10:08:08   ├─ /trailers/undertone-frecuencia-maldita-2026/index.html (+1ms)
10:08:08   ├─ /trailers/a-new-dawn-2026/index.html (+1ms)
10:08:08   ├─ /trailers/war-machine-2026/index.html (+1ms)
10:08:08   ├─ /trailers/parque-lezama-2026/index.html (+1ms)
10:08:08   ├─ /trailers/protector-2026/index.html (+1ms)
10:08:08   ├─ /trailers/the-bride-2026/index.html (+1ms)
10:08:08   ├─ /trailers/othello-2026/index.html (+1ms)
10:08:08   ├─ /trailers/gente-que-conocemos-en-vacaciones-2026/index.html (+1ms)
10:08:08   ├─ /trailers/scream-7-2026/index.html (+1ms)
10:08:08   ├─ /trailers/that-time-i-got-reincarnated-as-a-slime-tears-of-the-azure-sea-2026/index.html (+1ms)
10:08:08   ├─ /trailers/el-agente-secreto-2025/index.html (+1ms)
10:08:08   ├─ /trailers/el-botin-the-rip-2026/index.html (+1ms)
10:08:08   ├─ /trailers/the-swedish-connection-2026/index.html (+1ms)
10:08:08   ├─ /trailers/crime-101-2026/index.html (+1ms)
10:08:08   ├─ /trailers/eternity-2026/index.html (+1ms)
10:08:08   ├─ /trailers/goat-2026/index.html (+1ms)
10:08:08   ├─ /trailers/cumbres-borrascosas-2026/index.html (+2ms)
10:08:08   ├─ /trailers/dracula-2026/index.html (+1ms)
10:08:08   ├─ /trailers/solo-mio-2026/index.html (+1ms)
10:08:08   ├─ /trailers/the-strangers-chapter-3-2026/index.html (+1ms)
10:08:08   ├─ /trailers/whistle-2026/index.html (+3ms)
10:08:08   ├─ /trailers/iron-lung-2026/index.html (+2ms)
10:08:08   ├─ /trailers/send-help-2026/index.html (+1ms)
10:08:08   ├─ /trailers/shelter-2026/index.html (+1ms)
10:08:08   ├─ /trailers/the-wrecking-crew-2026/index.html (+1ms)
10:08:08   ├─ /trailers/mercy-2026/index.html (+1ms)
10:08:08   ├─ /trailers/return-to-silent-hill-2026/index.html (+1ms)
10:08:08   ├─ /trailers/la-princesa-kaguya-del-cosmos-2026/index.html (+1ms)
10:08:08   ├─ /trailers/28-years-later-the-bone-temple-2026/index.html (+1ms)
10:08:08   ├─ /trailers/cortafuego-2026/index.html (+1ms)
10:08:08   ├─ /trailers/greenland-2-migration-2026/index.html (+1ms)
10:08:08   ├─ /trailers/primate-2026/index.html (+1ms)
10:08:08   ├─ /trailers/we-bury-the-dead-2026/index.html (+1ms)
10:08:08   ├─ /trailers/unmarry-2025/index.html (+1ms)
10:08:08   ├─ /trailers/the-plague-2025/index.html (+1ms)
10:08:08   ├─ /trailers/jay-kelly-2025/index.html (+1ms)
10:08:08   ├─ /trailers/christy-el-combate-de-su-vida-2025/index.html (+1ms)
10:08:08   ├─ /trailers/el-conjuro-4-ultimos-ritos-2025/index.html (+1ms)
10:08:08   ├─ /trailers/sintio-algo-verdadero-2025/index.html (+1ms)
10:08:08   ├─ /trailers/y-donde-esta-el-policia-2025/index.html (+1ms)
10:08:08   ├─ /trailers/happy-gilmore-2-2025/index.html (+1ms)
10:08:08   ├─ /trailers/los-tipos-malos-2-2025/index.html (+1ms)
10:08:08   ├─ /trailers/40-acres-2024/index.html (+1ms)
10:08:08   ├─ /trailers/agente-infiltrado-2025/index.html (+1ms)
10:08:08   ├─ /trailers/28-years-later-2025/index.html (+1ms)
10:08:08   ├─ /trailers/a-minecraft-movie-2025/index.html (+1ms)
10:08:08   ├─ /trailers/adios-june-2025/index.html (+1ms)
10:08:08   ├─ /trailers/avatar-fuego-y-cenizas-2025/index.html (+1ms)
10:08:08   ├─ /trailers/back-in-action-2025/index.html (+1ms)
10:08:08   ├─ /trailers/ballerina-2025/index.html (+1ms)
10:08:08   ├─ /trailers/belen-2025/index.html (+1ms)
10:08:08   ├─ /trailers/black-bag-2025/index.html (+1ms)
10:08:08   ├─ /trailers/captain-america-brave-new-world-2025/index.html (+1ms)
10:08:08   ├─ /trailers/chainsaw-man-the-movie-reze-arc-2025/index.html (+1ms)
10:08:08   ├─ /trailers/companion-2025/index.html (+1ms)
10:08:08   ├─ /trailers/demon-slayer-kimetsu-no-yaiba-infinity-castle-2025/index.html (+1ms)
10:08:08   ├─ /trailers/drop-2025/index.html (+1ms)
10:08:08   ├─ /trailers/echo-valley-2025/index.html (+1ms)
10:08:08   ├─ /trailers/elio-2025/index.html (+1ms)
10:08:08   ├─ /trailers/f1-the-movie-2025/index.html (+1ms)
10:08:08   ├─ /trailers/fear-street-prom-queen-2025/index.html (+1ms)
10:08:08   ├─ /trailers/final-destination-bloodlines-2025/index.html (+1ms)
10:08:08   ├─ /trailers/frankenstein-2025/index.html (+1ms)
10:08:08   ├─ /trailers/g20-2025/index.html (+1ms)
10:08:08   ├─ /trailers/hamnet-2025/index.html (+1ms)
10:08:08   ├─ /trailers/havoc-2025/index.html (+1ms)
10:08:08   ├─ /trailers/heart-eyes-2025/index.html (+1ms)
10:08:08   ├─ /trailers/homo-argentum-2025/index.html (+1ms)
10:08:08   ├─ /trailers/how-to-train-your-dragon-2025/index.html (+1ms)
10:08:08   ├─ /trailers/jurassic-world-rebirth-2025/index.html (+1ms)
10:08:08   ├─ /trailers/karate-kid-legends-2025/index.html (+1ms)
10:08:08   ├─ /trailers/kpop-demon-hunters-2025/index.html (+1ms)
10:08:08   ├─ /trailers/lilo-and-stitch-2025/index.html (+1ms)
10:08:08   ├─ /trailers/los-ilusionistas-3-2025/index.html (+1ms)
10:08:08   ├─ /trailers/m3gan-2-0-2025/index.html (+1ms)
10:08:08   ├─ /trailers/me-has-robado-el-corazon-2025/index.html (+1ms)
10:08:08   ├─ /trailers/mickey-17-2025/index.html (+1ms)
10:08:08   ├─ /trailers/mission-impossible-the-final-reckoning-2025/index.html (+1ms)
10:08:08   ├─ /trailers/mountainhead-2025/index.html (+1ms)
10:08:08   ├─ /trailers/novocaine-2025/index.html (+1ms)
10:08:08   ├─ /trailers/one-battle-after-another-2025/index.html (+1ms)
10:08:08   ├─ /trailers/opus-2025/index.html (+1ms)
10:08:08   ├─ /trailers/otro-viernes-de-locos-2025/index.html (+1ms)
10:08:08   ├─ /trailers/sinners-2025/index.html (+1ms)
10:08:08   ├─ /trailers/snow-white-2025/index.html (+1ms)
10:08:08   ├─ /trailers/superman-2025/index.html (+1ms)
10:08:08   ├─ /trailers/the-accountant-2-2025/index.html (+1ms)
10:08:08   ├─ /trailers/the-amateur-2025/index.html (+1ms)
10:08:08   ├─ /trailers/the-electric-state-2025/index.html (+1ms)
10:08:08   ├─ /trailers/the-fantastic-four-first-steps-2025/index.html (+1ms)
10:08:08   ├─ /trailers/the-gorge-2025/index.html (+1ms)
10:08:08   ├─ /trailers/the-housemaid-2025/index.html (+1ms)
10:08:08   ├─ /trailers/the-monkey-2025/index.html (+1ms)
10:08:08   ├─ /trailers/the-woman-in-the-yard-2025/index.html (+1ms)
10:08:08   ├─ /trailers/thunderbolts-2025/index.html (+1ms)
10:08:08   ├─ /trailers/together-juntos-hasta-la-muerte-2025/index.html (+1ms)
10:08:08   ├─ /trailers/tron-ares-2025/index.html (+1ms)
10:08:08   ├─ /trailers/until-dawn-2025/index.html (+1ms)
10:08:08   ├─ /trailers/valor-sentimental-2025/index.html (+1ms)
10:08:08   ├─ /trailers/weapons-2025/index.html (+1ms)
10:08:08   ├─ /trailers/wicked-for-good-2025/index.html (+1ms)
10:08:08   ├─ /trailers/wolf-man-2025/index.html (+1ms)
10:08:08   ├─ /trailers/zootopia-2-2025/index.html (+1ms)
10:08:08   ├─ /trailers/sonic-3-la-pelicula-2024/index.html (+1ms)
10:08:08   ├─ /trailers/aun-estoy-aqui-2024/index.html (+1ms)
10:08:08   ├─ /trailers/music-by-john-williams-2024/index.html (+1ms)
10:08:08   ├─ /trailers/la-luz-que-imaginamos-2024/index.html (+1ms)
10:08:08   ├─ /trailers/super-man-the-christopher-reeve-story-2024/index.html (+1ms)
10:08:08   ├─ /trailers/the-substance-2024/index.html (+1ms)
10:08:08   ├─ /trailers/will-y-harper-2024/index.html (+1ms)
10:08:08   ├─ /trailers/la-habitacion-de-al-lado-2024/index.html (+1ms)
10:08:08   ├─ /trailers/borderlands-el-destino-del-universo-esta-en-juego-2024/index.html (+1ms)
10:08:08   ├─ /trailers/los-justos-2024/index.html (+1ms)
10:08:08   ├─ /trailers/jim-henson-idea-man-2024/index.html (+1ms)
10:08:08   ├─ /trailers/frida-2024/index.html (+1ms)
10:08:08   ├─ /trailers/spaceman-2024/index.html (+1ms)
10:08:08   ├─ /trailers/a-quiet-place-day-one-2024/index.html (+1ms)
10:08:08   ├─ /trailers/a-real-pain-2024/index.html (+1ms)
10:08:08   ├─ /trailers/alien-romulus-2024/index.html (+1ms)
10:08:08   ├─ /trailers/am-i-ok-2024/index.html (+1ms)
10:08:08   ├─ /trailers/anora-2024/index.html (+1ms)
10:08:08   ├─ /trailers/bad-boys-ride-or-die-2024/index.html (+1ms)
10:08:08   ├─ /trailers/beetlejuice-beetlejuice-2024/index.html (+1ms)
10:08:08   ├─ /trailers/beverly-hills-cop-axel-f-2024/index.html (+1ms)
10:08:08   ├─ /trailers/carry-on-2024/index.html (+1ms)
10:08:08   ├─ /trailers/challengers-2024/index.html (+1ms)
10:08:08   ├─ /trailers/civil-war-2024/index.html (+1ms)
10:08:08   ├─ /trailers/conclave-2024/index.html (+1ms)
10:08:08   ├─ /trailers/deadpool-and-wolverine-2024/index.html (+1ms)
10:08:08   ├─ /trailers/dune-part-two-2024/index.html (+1ms)
10:08:08   ├─ /trailers/el-jockey-2024/index.html (+1ms)
10:08:08   ├─ /trailers/emilia-perez-2024/index.html (+1ms)
10:08:08   ├─ /trailers/furiosa-a-mad-max-saga-2024/index.html (+1ms)
10:08:08   ├─ /trailers/gladiator-ii-2024/index.html (+1ms)
10:08:08   ├─ /trailers/godzilla-x-kong-the-new-empire-2024/index.html (+1ms)
10:08:08   ├─ /trailers/despicable-me-4-2024/index.html (+1ms)
10:08:08   ├─ /trailers/haikyu-the-dumpster-battle-2024/index.html (+1ms)
10:08:08   ├─ /trailers/here-2024/index.html (+1ms)
10:08:08   ├─ /trailers/heretic-2024/index.html (+1ms)
10:08:08   ├─ /trailers/hit-man-2024/index.html (+1ms)
10:08:08   ├─ /trailers/i-saw-the-tv-glow-2024/index.html (+1ms)
10:08:08   ├─ /trailers/immaculate-2024/index.html (+1ms)
10:08:08   ├─ /trailers/inside-out-2-2024/index.html (+1ms)
10:08:08   ├─ /trailers/joker-folie-a-deux-2024/index.html (+1ms)
10:08:08   ├─ /trailers/kingdom-of-the-planet-of-the-apes-2024/index.html (+1ms)
10:08:08   ├─ /trailers/kraven-the-hunter-2024/index.html (+1ms)
10:08:08   ├─ /trailers/kung-fu-panda-4-2024/index.html (+1ms)
10:08:08   ├─ /trailers/la-semilla-del-fruto-sagrado-2024/index.html (+1ms)
10:08:08   ├─ /trailers/longlegs-2024/index.html (+1ms)
10:08:08   ├─ /trailers/look-back-2024/index.html (+1ms)
10:08:08   ├─ /trailers/los-chicos-de-la-nickel-2024/index.html (+1ms)
10:08:08   ├─ /trailers/love-lies-bleeding-2024/index.html (+1ms)
10:08:08   ├─ /trailers/madame-web-2024/index.html (+1ms)
10:08:08   ├─ /trailers/megalopolis-2024/index.html (+1ms)
10:08:08   ├─ /trailers/moana-2-2024/index.html (+1ms)
10:08:08   ├─ /trailers/monkey-man-2024/index.html (+1ms)
10:08:08   ├─ /trailers/my-hero-academia-youre-next-2024/index.html (+1ms)
10:08:08   ├─ /trailers/nosferatu-2024/index.html (+1ms)
10:08:08   ├─ /trailers/road-house-2024/index.html (+1ms)
10:08:08   ├─ /trailers/sing-sing-2024/index.html (+1ms)
10:08:08   ├─ /trailers/smile-2-2024/index.html (+1ms)
10:08:08   ├─ /trailers/terrifier-3-2024/index.html (+1ms)
10:08:08   ├─ /trailers/the-apprentice-2024/index.html (+1ms)
10:08:08   ├─ /trailers/the-beekeeper-2024/index.html (+1ms)
10:08:08   ├─ /trailers/the-brutalist-2024/index.html (+1ms)
10:08:08   ├─ /trailers/the-first-omen-2024/index.html (+1ms)
10:08:08   ├─ /trailers/the-idea-of-you-2024/index.html (+1ms)
10:08:08   ├─ /trailers/the-instigators-2024/index.html (+1ms)
10:08:08   ├─ /trailers/the-wild-robot-2024/index.html (+1ms)
10:08:08   ├─ /trailers/transformers-one-2024/index.html (+1ms)
10:08:08   ├─ /trailers/turtles-all-the-way-down-2024/index.html (+1ms)
10:08:08   ├─ /trailers/twisters-2024/index.html (+1ms)
10:08:08   ├─ /trailers/venom-the-last-dance-2024/index.html (+1ms)
10:08:08   ├─ /trailers/wicked-2024/index.html (+1ms)
10:08:08   ├─ /trailers/wolfs-2024/index.html (+1ms)
10:08:08   ├─ /trailers/desconocidos-2023/index.html (+1ms)
10:08:08   ├─ /trailers/pollitos-en-fuga-el-origen-2023/index.html (+1ms)
10:08:08   ├─ /trailers/migracion-un-viaje-patas-arriba-2023/index.html (+1ms)
10:08:08   ├─ /trailers/poor-things-2023/index.html (+1ms)
10:08:08   ├─ /trailers/el-mal-no-existe-2023/index.html (+1ms)
10:08:08   ├─ /trailers/el-hombre-de-los-suenos-2023/index.html (+1ms)
10:08:08   ├─ /trailers/the-holdovers-2023/index.html (+1ms)
10:08:08   ├─ /trailers/recuerdos-del-mal-2022/index.html (+1ms)
10:08:08   ├─ /trailers/trolls-3-todos-juntos-2023/index.html (+1ms)
10:08:08   ├─ /trailers/the-killer-2023/index.html (+1ms)
10:08:08   ├─ /trailers/leo-2023/index.html (+1ms)
10:08:08   ├─ /trailers/coup-de-chance-2023/index.html (+1ms)
10:08:08   ├─ /trailers/elementos-2023/index.html (+1ms)
10:08:08   ├─ /trailers/transformers-el-despertar-de-las-bestias-2023/index.html (+1ms)
10:08:08   ├─ /trailers/vidas-pasadas-2023/index.html (+1ms)
10:08:08   ├─ /trailers/secretos-de-un-escandalo-2023/index.html (+1ms)
10:08:08   ├─ /trailers/fast-x-2023/index.html (+1ms)
10:08:08   ├─ /trailers/murder-mystery-2-2023/index.html (+1ms)
10:08:08   ├─ /trailers/el-asesino-del-ritual-2023/index.html (+1ms)
10:08:08   ├─ /trailers/scream-vi-2023/index.html (+1ms)
10:08:08   ├─ /trailers/embaucadores-2023/index.html (+1ms)
10:08:08   ├─ /trailers/el-gato-con-botas-el-ultimo-deseo-2022/index.html (+1ms)
10:08:08   ├─ /trailers/air-2023/index.html (+1ms)
10:08:08   ├─ /trailers/anatomia-de-una-caida-2023/index.html (+1ms)
10:08:08   ├─ /trailers/ant-man-and-the-wasp-quantumania-2023/index.html (+1ms)
10:08:08   ├─ /trailers/aquaman-and-the-lost-kingdom-2023/index.html (+1ms)
10:08:08   ├─ /trailers/barbie-2023/index.html (+1ms)
10:08:08   ├─ /trailers/blue-beetle-2023/index.html (+1ms)
10:08:08   ├─ /trailers/creed-iii-2023/index.html (+1ms)
10:08:08   ├─ /trailers/cuando-acecha-la-maldad-2023/index.html (+1ms)
10:08:08   ├─ /trailers/dias-perfectos-2023/index.html (+1ms)
10:08:08   ├─ /trailers/el-clan-de-hierro-2023/index.html (+1ms)
10:08:08   ├─ /trailers/en-tierra-de-santos-y-pecadores-2023/index.html (+1ms)
10:08:08   ├─ /trailers/golda-2023/index.html (+1ms)
10:08:08   ├─ /trailers/guardians-of-the-galaxy-vol-3-2023/index.html (+1ms)
10:08:08   ├─ /trailers/indiana-jones-and-the-dial-of-destiny-2023/index.html (+1ms)
10:08:08   ├─ /trailers/john-wick-chapter-4-2023/index.html (+1ms)
10:08:08   ├─ /trailers/killers-of-the-flower-moon-2023/index.html (+1ms)
10:08:08   ├─ /trailers/los-delincuentes-2023/index.html (+1ms)
10:08:08   ├─ /trailers/maestro-2023/index.html (+1ms)
10:08:08   ├─ /trailers/mission-impossible-dead-reckoning-part-one-2023/index.html (+1ms)
10:08:08   ├─ /trailers/napoleon-2023/index.html (+1ms)
10:08:08   ├─ /trailers/oppenheimer-2023/index.html (+1ms)
10:08:08   ├─ /trailers/piscina-infinita-2023/index.html (+1ms)
10:08:08   ├─ /trailers/puan-2023/index.html (+1ms)
10:08:08   ├─ /trailers/rascal-does-not-dream-of-a-sister-venturing-out-2023/index.html (+1ms)
10:08:08   ├─ /trailers/resistencia-2023/index.html (+1ms)
10:08:08   ├─ /trailers/saltburn-2023/index.html (+1ms)
10:08:08   ├─ /trailers/saw-x-2023/index.html (+1ms)
10:08:08   ├─ /trailers/shazam-fury-of-the-gods-2023/index.html (+1ms)
10:08:08   ├─ /trailers/spider-man-across-the-spider-verse-2023/index.html (+1ms)
10:08:08   ├─ /trailers/spy-x-family-code-white-2023/index.html (+1ms)
10:08:08   ├─ /trailers/tetris-2023/index.html (+1ms)
10:08:08   ├─ /trailers/the-boy-and-the-heron-2023/index.html (+1ms)
10:08:08   ├─ /trailers/the-flash-2023/index.html (+1ms)
10:08:08   ├─ /trailers/the-marvels-2023/index.html (+1ms)
10:08:08   ├─ /trailers/the-super-mario-bros-movie-2023/index.html (+1ms)
10:08:08   ├─ /trailers/the-zone-of-interest-2023/index.html (+1ms)
10:08:08   ├─ /trailers/wish-2023/index.html (+1ms)
10:08:08   ├─ /trailers/wonka-2023/index.html (+1ms)
10:08:08   ├─ /trailers/mundo-extrano-2022/index.html (+1ms)
10:08:08   ├─ /trailers/the-first-slam-dunk-2022/index.html (+1ms)
10:08:08   ├─ /trailers/pinocho-de-guillermo-del-toro-2022/index.html (+1ms)
10:08:08   ├─ /trailers/saint-omer-el-pueblo-contra-laurence-coly-2022/index.html (+1ms)
10:08:08   ├─ /trailers/el-menu-2022/index.html (+1ms)
10:08:08   ├─ /trailers/suzume-2022/index.html (+1ms)
10:08:08   ├─ /trailers/aftersun-2022/index.html (+1ms)
10:08:08   ├─ /trailers/viaje-al-paraiso-2022/index.html (+1ms)
10:08:08   ├─ /trailers/el-hijo-2022/index.html (+1ms)
10:08:08   ├─ /trailers/halloween-ends-2022/index.html (+1ms)
10:08:08   ├─ /trailers/personality-crisis-one-night-only-2022/index.html (+1ms)
10:08:08   ├─ /trailers/amsterdam-2022/index.html (+1ms)
10:08:08   ├─ /trailers/el-triangulo-de-la-tristeza-2022/index.html (+1ms)
10:08:08   ├─ /trailers/one-piece-film-red-2022/index.html (+1ms)
10:08:08   ├─ /trailers/dc-liga-de-supermascotas-2022/index.html (+1ms)
10:08:08   ├─ /trailers/minions-nace-un-villano-2022/index.html (+1ms)
10:08:08   ├─ /trailers/buena-suerte-leo-grande-2022/index.html (+1ms)
10:08:08   ├─ /trailers/lightyear-2022/index.html (+1ms)
10:08:08   ├─ /trailers/hustle-2022/index.html (+1ms)
10:08:08   ├─ /trailers/bubble-2022/index.html (+1ms)
10:08:08   ├─ /trailers/los-tipos-malos-2022/index.html (+1ms)
10:08:08   ├─ /trailers/everything-everywhere-all-at-once-2022/index.html (+1ms)
10:08:08   ├─ /trailers/ambulance-plan-de-huida-2022/index.html (+1ms)
10:08:08   ├─ /trailers/red-2022/index.html (+1ms)
10:08:08   ├─ /trailers/scream-2022/index.html (+1ms)
10:08:08   ├─ /trailers/all-quiet-on-the-western-front-2022/index.html (+1ms)
10:08:08   ├─ /trailers/argentina-1985-2022/index.html (+1ms)
10:08:08   ├─ /trailers/avatar-the-way-of-water-2022/index.html (+1ms)
10:08:08   ├─ /trailers/black-adam-2022/index.html (+1ms)
10:08:08   ├─ /trailers/black-panther-wakanda-forever-2022/index.html (+1ms)
10:08:08   ├─ /trailers/decision-de-partir-2022/index.html (+1ms)
10:08:08   ├─ /trailers/doctor-strange-in-the-multiverse-of-madness-2022/index.html (+1ms)
10:08:08   ├─ /trailers/ego-2022/index.html (+1ms)
10:08:08   ├─ /trailers/el-hombre-del-norte-2022/index.html (+1ms)
10:08:08   ├─ /trailers/el-hombre-gris-2022/index.html (+1ms)
10:08:08   ├─ /trailers/el-sastre-de-la-mafia-2022/index.html (+1ms)
10:08:08   ├─ /trailers/el-suplente-2022/index.html (+1ms)
10:08:08   ├─ /trailers/elvis-2022/index.html (+1ms)
10:08:08   ├─ /trailers/fantastic-beasts-the-secrets-of-dumbledore-2022/index.html (+1ms)
10:08:08   ├─ /trailers/glass-onion-a-knives-out-mystery-2022/index.html (+1ms)
10:08:08   ├─ /trailers/jurassic-world-dominion-2022/index.html (+1ms)
10:08:08   ├─ /trailers/la-memoria-de-un-asesino-2022/index.html (+1ms)
10:08:08   ├─ /trailers/morbius-2022/index.html (+1ms)
10:08:08   ├─ /trailers/nope-2022/index.html (+1ms)
10:08:08   ├─ /trailers/pearl-2022/index.html (+1ms)
10:08:08   ├─ /trailers/pinocho-2022/index.html (+1ms)
10:08:08   ├─ /trailers/sonic-2-la-pelicula-2022/index.html (+1ms)
10:08:08   ├─ /trailers/tar-2022/index.html (+1ms)
10:08:08   ├─ /trailers/terrifier-2-2022/index.html (+1ms)
10:08:08   ├─ /trailers/the-banshees-of-inisherin-2022/index.html (+1ms)
10:08:08   ├─ /trailers/the-batman-2022/index.html (+1ms)
10:08:08   ├─ /trailers/the-fabelmans-2022/index.html (+1ms)
10:08:08   ├─ /trailers/the-whale-2022/index.html (+1ms)
10:08:08   ├─ /trailers/thor-love-and-thunder-2022/index.html (+1ms)
10:08:08   ├─ /trailers/trenque-lauquen-2022/index.html (+1ms)
10:08:08   ├─ /trailers/uncharted-2022/index.html (+1ms)
10:08:08   ├─ /trailers/volcanes-la-tragedia-de-katia-y-maurice-krafft-2022/index.html (+1ms)
10:08:08   ├─ /trailers/sing-2-ven-y-canta-de-nuevo-2021/index.html (+1ms)
10:08:08   ├─ /trailers/halloween-kills-2021/index.html (+1ms)
10:08:08   ├─ /trailers/la-peor-persona-del-mundo-2021/index.html (+1ms)
10:08:08   ├─ /trailers/memoria-2021/index.html (+1ms)
10:08:08   ├─ /trailers/culpable-2021/index.html (+1ms)
10:08:08   ├─ /trailers/c-mon-c-mon-siempre-adelante-2021/index.html (+1ms)
10:08:08   ├─ /trailers/drive-my-car-2021/index.html (+1ms)
10:08:08   ├─ /trailers/vivo-2021/index.html (+1ms)
10:08:08   ├─ /trailers/belle-2021/index.html (+1ms)
10:08:08   ├─ /trailers/titane-2021/index.html (+1ms)
10:08:08   ├─ /trailers/un-jefe-en-panales-2-negocios-de-familia-2021/index.html (+1ms)
10:08:08   ├─ /trailers/el-conjuro-3-el-diablo-me-obligo-a-hacerlo-2021/index.html (+1ms)
10:08:08   ├─ /trailers/los-mitchell-contra-las-maquinas-2021/index.html (+1ms)
10:08:08   ├─ /trailers/una-noche-de-venganza-2021/index.html (+1ms)
10:08:08   ├─ /trailers/raya-y-el-ultimo-dragon-2021/index.html (+1ms)
10:08:08   ├─ /trailers/el-mauritano-2021/index.html (+1ms)
10:08:08   ├─ /trailers/belfast-2021/index.html (+1ms)
10:08:08   ├─ /trailers/black-widow-2021/index.html (+1ms)
10:08:08   ├─ /trailers/censor-2021/index.html (+1ms)
10:08:08   ├─ /trailers/coda-2021/index.html (+1ms)
10:08:08   ├─ /trailers/competencia-oficial-2021/index.html (+1ms)
10:08:08   ├─ /trailers/cruella-2021/index.html (+1ms)
10:08:08   ├─ /trailers/dont-look-up-2021/index.html (+1ms)
10:08:08   ├─ /trailers/dune-2021/index.html (+1ms)
10:08:08   ├─ /trailers/el-caballero-verde-2021/index.html (+1ms)
10:08:08   ├─ /trailers/el-perro-que-no-calla-2021/index.html (+1ms)
10:08:08   ├─ /trailers/el-protector-2021/index.html (+1ms)
10:08:08   ├─ /trailers/encanto-2021/index.html (+1ms)
10:08:08   ├─ /trailers/eternals-2021/index.html (+1ms)
10:08:08   ├─ /trailers/f9-the-fast-saga-2021/index.html (+1ms)
10:08:08   ├─ /trailers/free-guy-2021/index.html (+1ms)
10:08:08   ├─ /trailers/fue-la-mano-de-dios-2021/index.html (+1ms)
10:08:08   ├─ /trailers/godzilla-vs-kong-2021/index.html (+1ms)
10:08:08   ├─ /trailers/home-sweet-home-alone-2021/index.html (+1ms)
10:08:08   ├─ /trailers/ice-road-2021/index.html (+1ms)
10:08:08   ├─ /trailers/juegos-inocentes-2021/index.html (+1ms)
10:08:08   ├─ /trailers/jungle-cruise-2021/index.html (+1ms)
10:08:08   ├─ /trailers/king-richard-2021/index.html (+1ms)
10:08:08   ├─ /trailers/la-purga-por-siempre-2021/index.html (+1ms)
10:08:08   ├─ /trailers/luca-2021/index.html (+1ms)
10:08:08   ├─ /trailers/macbeth-2021/index.html (+1ms)
10:08:08   ├─ /trailers/nightmare-alley-2021/index.html (+1ms)
10:08:08   ├─ /trailers/no-time-to-die-2021/index.html (+1ms)
10:08:08   ├─ /trailers/pequenos-detalles-2021/index.html (+1ms)
10:08:08   ├─ /trailers/red-notice-2021/index.html (+1ms)
10:08:08   ├─ /trailers/shang-chi-and-the-legend-of-the-ten-rings-2021/index.html (+1ms)
10:08:08   ├─ /trailers/space-jam-a-new-legacy-2021/index.html (+1ms)
10:08:08   ├─ /trailers/spider-man-no-way-home-2021/index.html (+1ms)
10:08:08   ├─ /trailers/spiral-from-the-book-of-saw-2021/index.html (+1ms)
10:08:08   ├─ /trailers/the-matrix-resurrections-2021/index.html (+1ms)
10:08:08   ├─ /trailers/the-power-of-the-dog-2021/index.html (+1ms)
10:08:08   ├─ /trailers/the-suicide-squad-2021/index.html (+1ms)
10:08:08   ├─ /trailers/thunder-force-2021/index.html (+1ms)
10:08:08   ├─ /trailers/venom-let-there-be-carnage-2021/index.html (+1ms)
10:08:08   ├─ /trailers/west-side-story-2021/index.html (+1ms)
10:08:08   ├─ /trailers/zack-snyder-s-justice-league-2021/index.html (+1ms)
10:08:08   ├─ /trailers/earwig-and-the-witch-2020/index.html (+2ms)
10:08:08   ├─ /trailers/soul-2020/index.html (+1ms)
10:08:08   ├─ /trailers/el-padre-2020/index.html (+1ms)
10:08:08   ├─ /trailers/amor-bodas-y-otros-desastres-2020/index.html (+1ms)
10:08:08   ├─ /trailers/los-croods-una-nueva-era-2020/index.html (+1ms)
10:08:08   ├─ /trailers/la-ultima-estafa-2020/index.html (+1ms)
10:08:08   ├─ /trailers/bienvenidos-a-villa-capri-2017/index.html (+1ms)
10:08:08   ├─ /trailers/wolfwalkers-espiritu-de-lobo-2020/index.html (+1ms)
10:08:08   ├─ /trailers/demon-slayer-kimetsu-no-yaiba-the-movie-mugen-train-2020/index.html (+1ms)
10:08:08   ├─ /trailers/hubie-halloween-2020/index.html (+1ms)
10:08:08   ├─ /trailers/rifkin-s-festival-2020/index.html (+1ms)
10:08:08   ├─ /trailers/trolls-2-gira-mundial-2020/index.html (+1ms)
10:08:08   ├─ /trailers/unidos-2020/index.html (+1ms)
10:08:08   ├─ /trailers/sonic-la-pelicula-2020/index.html (+1ms)
10:08:08   ├─ /trailers/el-robo-del-siglo-2020/index.html (+1ms)
10:08:08   ├─ /trailers/birds-of-prey-and-the-fantabulous-emancipation-of-one-harley-quinn-2020/index.html (+1ms)
10:08:08   ├─ /trailers/el-profugo-2020/index.html (+1ms)
10:08:08   ├─ /trailers/estoy-pensando-en-dejarlo-2020/index.html (+1ms)
10:08:08   ├─ /trailers/la-casa-oscura-2020/index.html (+1ms)
10:08:08   ├─ /trailers/las-siamesas-2020/index.html (+1ms)
10:08:08   ├─ /trailers/minari-historia-de-mi-familia-2020/index.html (+1ms)
10:08:08   ├─ /trailers/nomadland-2020/index.html (+1ms)
10:08:08   ├─ /trailers/tenet-2020/index.html (+1ms)
10:08:08   ├─ /trailers/the-new-mutants-2020/index.html (+1ms)
10:08:08   ├─ /trailers/wonder-woman-1984-2020/index.html (+1ms)
10:08:08   ├─ /trailers/star-wars-episode-ix-the-rise-of-skywalker-2019/index.html (+2ms)
10:08:08   ├─ /trailers/los-dos-papas-2019/index.html (+1ms)
10:08:08   ├─ /trailers/punales-por-la-espalda-2019/index.html (+1ms)
10:08:08   ├─ /trailers/the-irishman-2019/index.html (+1ms)
10:08:08   ├─ /trailers/terminator-dark-fate-2019/index.html (+1ms)
10:08:08   ├─ /trailers/huerfanos-de-brooklyn-2019/index.html (+25ms)
10:08:08   ├─ /trailers/abominable-2019/index.html (+1ms)
10:08:08   ├─ /trailers/it-chapter-two-2019/index.html (+1ms)
10:08:08   ├─ /trailers/uncut-gems-2019/index.html (+1ms)
10:08:08   ├─ /trailers/fast-and-furious-presents-hobbs-and-shaw-2019/index.html (+1ms)
10:08:08   ├─ /trailers/the-angry-birds-movie-2-2019/index.html (+1ms)
10:08:08   ├─ /trailers/a-rainy-day-in-new-york-2019/index.html (+1ms)
10:08:08   ├─ /trailers/el-tiempo-contigo-2019/index.html (+1ms)
10:08:08   ├─ /trailers/la-despedida-2019/index.html (+1ms)
10:08:08   ├─ /trailers/la-vida-secreta-de-tus-mascotas-2-2019/index.html (+1ms)
10:08:08   ├─ /trailers/las-buenas-intenciones-2019/index.html (+1ms)
10:08:08   ├─ /trailers/child-s-play-2019/index.html (+1ms)
10:08:08   ├─ /trailers/rolling-thunder-revue-a-bob-dylan-story-by-martin-scorsese-2019/index.html (+1ms)
10:08:08   ├─ /trailers/parasite-2019/index.html (+1ms)
10:08:08   ├─ /trailers/murder-mystery-2019/index.html (+1ms)
10:08:08   ├─ /trailers/gloria-bell-2019/index.html (+1ms)
10:08:08   ├─ /trailers/how-to-train-your-dragon-the-hidden-world-2019/index.html (+1ms)
10:08:08   ├─ /trailers/la-gran-aventura-lego-2-2019/index.html (+1ms)
10:08:08   ├─ /trailers/glass-cristal-2019/index.html (+1ms)
10:08:08   ├─ /trailers/aladdin-2019/index.html (+1ms)
10:08:08   ├─ /trailers/avengers-endgame-2019/index.html (+1ms)
10:08:08   ├─ /trailers/captain-marvel-2019/index.html (+1ms)
10:08:08   ├─ /trailers/cats-2019/index.html (+1ms)
10:08:08   ├─ /trailers/dark-phoenix-2019/index.html (+1ms)
10:08:08   ├─ /trailers/dumbo-2019/index.html (+1ms)
10:08:08   ├─ /trailers/el-cuento-de-las-comadrejas-2019/index.html (+1ms)
10:08:08   ├─ /trailers/el-faro-2019/index.html (+1ms)
10:08:08   ├─ /trailers/el-sonido-del-metal-2019/index.html (+1ms)
10:08:08   ├─ /trailers/john-wick-chapter-3-parabellum-2019/index.html (+1ms)
10:08:08   ├─ /trailers/joker-2019/index.html (+1ms)
10:08:08   ├─ /trailers/la-cabana-siniestra-2019/index.html (+1ms)
10:08:08   ├─ /trailers/la-odisea-de-los-giles-2019/index.html (+1ms)
10:08:08   ├─ /trailers/lazos-de-familia-2019/index.html (+1ms)
10:08:08   ├─ /trailers/los-sonambulos-2019/index.html (+1ms)
10:08:08   ├─ /trailers/midsommar-el-terror-no-espera-la-noche-2019/index.html (+1ms)
10:08:08   ├─ /trailers/once-upon-a-time-in-hollywood-2019/index.html (+1ms)
10:08:08   ├─ /trailers/retrato-de-una-mujer-en-llamas-2019/index.html (+5ms)
10:08:08   ├─ /trailers/shazam-2019/index.html (+2ms)
10:08:08   ├─ /trailers/spider-man-far-from-home-2019/index.html (+1ms)
10:08:08   ├─ /trailers/the-assistant-2019/index.html (+1ms)
10:08:08   ├─ /trailers/the-vast-of-night-2019/index.html (+1ms)
10:08:08   ├─ /trailers/toy-story-4-2019/index.html (+1ms)
10:08:08   ├─ /trailers/velvet-buzzsaw-2019/index.html (+1ms)
10:08:08   ├─ /trailers/venganza-bajo-cero-2019/index.html (+1ms)
10:08:08   ├─ /trailers/el-vicepresidente-mas-alla-del-poder-2018/index.html (+1ms)
10:08:08   ├─ /trailers/dragon-ball-super-broly-2018/index.html (+1ms)
10:08:08   ├─ /trailers/la-mula-2018/index.html (+1ms)
10:08:08   ├─ /trailers/la-favorita-2018/index.html (+1ms)
10:08:08   ├─ /trailers/green-book-2018/index.html (+1ms)
10:08:08   ├─ /trailers/fantastic-beasts-the-crimes-of-grindelwald-2018/index.html (+1ms)
10:08:08   ├─ /trailers/el-grinch-2018/index.html (+1ms)
10:08:08   ├─ /trailers/halloween-2018/index.html (+1ms)
10:08:08   ├─ /trailers/mission-impossible-fallout-2018/index.html (+1ms)
10:08:08   ├─ /trailers/hotel-transylvania-3-summer-vacation-2018/index.html (+1ms)
10:08:08   ├─ /trailers/jurassic-world-fallen-kingdom-2018/index.html (+1ms)
10:08:08   ├─ /trailers/los-increibles-2-2018/index.html (+1ms)
10:08:08   ├─ /trailers/hotel-de-criminales-2018/index.html (+1ms)
10:08:08   ├─ /trailers/ocean-s-8-las-estafadoras-2018/index.html (+1ms)
10:08:08   ├─ /trailers/solo-a-star-wars-story-2018/index.html (+1ms)
10:08:08   ├─ /trailers/burning-2018/index.html (+1ms)
10:08:08   ├─ /trailers/the-week-of-2018/index.html (+1ms)
10:08:08   ├─ /trailers/isla-de-perros-2018/index.html (+1ms)
10:08:08   ├─ /trailers/ready-player-one-2018/index.html (+1ms)
10:08:08   ├─ /trailers/aniquilacion-2018/index.html (+1ms)
10:08:08   ├─ /trailers/no-te-preocupes-no-llegara-lejos-a-pie-2018/index.html (+1ms)
10:08:08   ├─ /trailers/12-horas-para-sobrevivir-el-inicio-2018/index.html (+1ms)
10:08:08   ├─ /trailers/ant-man-and-the-wasp-2018/index.html (+1ms)
10:08:08   ├─ /trailers/aquaman-2018/index.html (+1ms)
10:08:08   ├─ /trailers/avengers-infinity-war-2018/index.html (+1ms)
10:08:08   ├─ /trailers/black-panther-2018/index.html (+1ms)
10:08:08   ├─ /trailers/climax-2018/index.html (+1ms)
10:08:08   ├─ /trailers/creed-ii-2018/index.html (+1ms)
10:08:08   ├─ /trailers/deadpool-2-2018/index.html (+1ms)
10:08:08   ├─ /trailers/el-angel-2018/index.html (+1ms)
10:08:08   ├─ /trailers/el-pasajero-2018/index.html (+1ms)
10:08:08   ├─ /trailers/el-primer-hombre-en-la-luna-2018/index.html (+1ms)
10:08:08   ├─ /trailers/hereditary-2018/index.html (+1ms)
10:08:08   ├─ /trailers/la-noche-de-12-anos-2018/index.html (+1ms)
10:08:08   ├─ /trailers/mandy-2018/index.html (+1ms)
10:08:08   ├─ /trailers/mi-obra-maestra-2018/index.html (+1ms)
10:08:08   ├─ /trailers/perdona-que-te-moleste-2018/index.html (+1ms)
10:08:08   ├─ /trailers/rojo-2018/index.html (+1ms)
10:08:08   ├─ /trailers/spider-man-into-the-spider-verse-2018/index.html (+1ms)
10:08:08   ├─ /trailers/venom-2018/index.html (+1ms)
10:08:08   ├─ /trailers/the-post-2017/index.html (+1ms)
10:08:08   ├─ /trailers/ferdinand-2017/index.html (+1ms)
10:08:08   ├─ /trailers/star-wars-episode-viii-the-last-jedi-2017/index.html (+1ms)
10:08:08   ├─ /trailers/the-shape-of-water-2017/index.html (+1ms)
10:08:08   ├─ /trailers/coco-2017/index.html (+1ms)
10:08:08   ├─ /trailers/the-breadwinner-el-pan-de-la-guerra-2017/index.html (+1ms)
10:08:08   ├─ /trailers/el-sacrificio-de-un-ciervo-sagrado-2017/index.html (+1ms)
10:08:08   ├─ /trailers/wonder-wheel-2017/index.html (+1ms)
10:08:08   ├─ /trailers/the-meyerowitz-stories-2017/index.html (+1ms)
10:08:08   ├─ /trailers/el-proyecto-florida-2017/index.html (+1ms)
10:08:08   ├─ /trailers/cult-of-chucky-2017/index.html (+1ms)
10:08:08   ├─ /trailers/mas-fuerte-que-el-destino-2017/index.html (+1ms)
10:08:08   ├─ /trailers/it-2017/index.html (+1ms)
10:08:08   ├─ /trailers/el-otro-guardaespaldas-2017/index.html (+1ms)
10:08:08   ├─ /trailers/fireworks-2017/index.html (+1ms)
10:08:08   ├─ /trailers/war-for-the-planet-of-the-apes-2017/index.html (+1ms)
10:08:08   ├─ /trailers/mary-and-the-witch-s-flower-2017/index.html (+1ms)
10:08:08   ├─ /trailers/cars-3-2017/index.html (+1ms)
10:08:08   ├─ /trailers/mi-villano-favorito-3-2017/index.html (+1ms)
10:08:08   ├─ /trailers/nunca-estaras-a-salvo-2017/index.html (+1ms)
10:08:08   ├─ /trailers/pirates-of-the-caribbean-dead-men-tell-no-tales-2017/index.html (+1ms)
10:08:08   ├─ /trailers/mi-vida-de-calabacin-2016/index.html (+1ms)
10:08:08   ├─ /trailers/sandy-wexler-2017/index.html (+1ms)
10:08:08   ├─ /trailers/the-fate-of-the-furious-2017/index.html (+1ms)
10:08:08   ├─ /trailers/un-golpe-con-estilo-2017/index.html (+1ms)
10:08:08   ├─ /trailers/un-jefe-en-panales-2017/index.html (+1ms)
10:08:08   ├─ /trailers/life-vida-2017/index.html (+1ms)
10:08:08   ├─ /trailers/get-out-2017/index.html (+1ms)
10:08:08   ├─ /trailers/lego-batman-la-pelicula-2017/index.html (+1ms)
10:08:08   ├─ /trailers/alien-covenant-2017/index.html (+1ms)
10:08:08   ├─ /trailers/blade-runner-2049-2017/index.html (+1ms)
10:08:08   ├─ /trailers/dunkirk-2017/index.html (+1ms)
10:08:08   ├─ /trailers/el-reverendo-2017/index.html (+1ms)
10:08:08   ├─ /trailers/el-ritual-2017/index.html (+1ms)
10:08:08   ├─ /trailers/guardians-of-the-galaxy-vol-2-2017/index.html (+1ms)
10:08:08   ├─ /trailers/jigsaw-2017/index.html (+1ms)
10:08:08   ├─ /trailers/john-wick-chapter-2-2017/index.html (+1ms)
10:08:08   ├─ /trailers/justice-league-2017/index.html (+1ms)
10:08:08   ├─ /trailers/la-cordillera-2017/index.html (+1ms)
10:08:08   ├─ /trailers/lady-bird-2017/index.html (+1ms)
10:08:08   ├─ /trailers/llega-de-noche-2017/index.html (+1ms)
10:08:08   ├─ /trailers/logan-2017/index.html (+1ms)
10:08:08   ├─ /trailers/pequena-gran-vida-2017/index.html (+1ms)
10:08:08   ├─ /trailers/spider-man-homecoming-2017/index.html (+1ms)
10:08:08   ├─ /trailers/suburbicon-2017/index.html (+1ms)
10:08:08   ├─ /trailers/the-disaster-artist-2017/index.html (+1ms)
10:08:08   ├─ /trailers/the-square-2017/index.html (+1ms)
10:08:08   ├─ /trailers/thor-ragnarok-2017/index.html (+1ms)
10:08:08   ├─ /trailers/wonder-woman-2017/index.html (+1ms)
10:08:08   ├─ /trailers/zama-2017/index.html (+1ms)
10:08:08   ├─ /trailers/silence-2016/index.html (+1ms)
10:08:08   ├─ /trailers/moana-2016/index.html (+1ms)
10:08:08   ├─ /trailers/rogue-one-a-star-wars-story-2016/index.html (+1ms)
10:08:08   ├─ /trailers/la-la-land-2016/index.html (+1ms)
10:08:08   ├─ /trailers/sing-ven-y-canta-2016/index.html (+1ms)
10:08:08   ├─ /trailers/fantastic-beasts-and-where-to-find-them-2016/index.html (+1ms)
10:08:08   ├─ /trailers/arrival-2016/index.html (+1ms)
10:08:08   ├─ /trailers/trolls-2016/index.html (+1ms)
10:08:08   ├─ /trailers/moonlight-2016/index.html (+1ms)
10:08:08   ├─ /trailers/a-silent-voice-2016/index.html (+1ms)
10:08:08   ├─ /trailers/kubo-y-la-busqueda-del-samurai-2016/index.html (+1ms)
10:08:08   ├─ /trailers/your-name-2016/index.html (+1ms)
10:08:08   ├─ /trailers/la-era-de-hielo-choque-de-mundos-2016/index.html (+1ms)
10:08:08   ├─ /trailers/la-vida-secreta-de-tus-mascotas-2016/index.html (+1ms)
10:08:08   ├─ /trailers/buscando-a-dory-2016/index.html (+1ms)
10:08:08   ├─ /trailers/el-conjuro-2-2016/index.html (+1ms)
10:08:08   ├─ /trailers/the-bfg-2016/index.html (+1ms)
10:08:08   ├─ /trailers/the-do-over-2016/index.html (+1ms)
10:08:08   ├─ /trailers/el-plan-de-maggie-2016/index.html (+1ms)
10:08:08   ├─ /trailers/el-maestro-del-dinero-2016/index.html (+1ms)
10:08:08   ├─ /trailers/the-angry-birds-movie-2016/index.html (+1ms)
10:08:08   ├─ /trailers/cafe-society-2016/index.html (+1ms)
10:08:08   ├─ /trailers/capitan-koblic-2016/index.html (+1ms)
10:08:08   ├─ /trailers/la-tortuga-roja-2016/index.html (+1ms)
10:08:08   ├─ /trailers/kung-fu-panda-3-2016/index.html (+1ms)
10:08:08   ├─ /trailers/mi-abuelo-es-un-peligro-2016/index.html (+1ms)
10:08:08   ├─ /trailers/snoopy-y-charlie-brown-peanuts-la-pelicula-2015/index.html (+1ms)
10:08:08   ├─ /trailers/12-horas-para-sobrevivir-el-ano-de-la-eleccion-2016/index.html (+1ms)
10:08:08   ├─ /trailers/batman-v-superman-dawn-of-justice-2016/index.html (+1ms)
10:08:08   ├─ /trailers/belleza-inesperada-2016/index.html (+1ms)
10:08:08   ├─ /trailers/captain-america-civil-war-2016/index.html (+1ms)
10:08:08   ├─ /trailers/crimenes-oscuros-2016/index.html (+1ms)
10:08:08   ├─ /trailers/deadpool-2016/index.html (+1ms)
10:08:08   ├─ /trailers/doctor-strange-2016/index.html (+1ms)
10:08:08   ├─ /trailers/el-ciudadano-ilustre-2016/index.html (+1ms)
10:08:08   ├─ /trailers/el-extrano-2016/index.html (+1ms)
10:08:08   ├─ /trailers/el-vacio-2016/index.html (+1ms)
10:08:08   ├─ /trailers/la-doncella-2016/index.html (+1ms)
10:08:08   ├─ /trailers/miss-peregrines-home-for-peculiar-children-2016/index.html (+1ms)
10:08:08   ├─ /trailers/suicide-squad-2016/index.html (+1ms)
10:08:08   ├─ /trailers/sully-2016/index.html (+1ms)
10:08:08   ├─ /trailers/swiss-army-man-2016/index.html (+1ms)
10:08:08   ├─ /trailers/terrifier-2016/index.html (+1ms)
10:08:08   ├─ /trailers/the-love-witch-2016/index.html (+1ms)
10:08:08   ├─ /trailers/x-men-apocalypse-2016/index.html (+1ms)
10:08:08   ├─ /trailers/anomalisa-2015/index.html (+1ms)
10:08:08   ├─ /trailers/star-wars-episode-vii-the-force-awakens-2015/index.html (+1ms)
10:08:08   ├─ /trailers/the-ridiculous-6-2015/index.html (+1ms)
10:08:08   ├─ /trailers/un-gran-dinosaurio-2015/index.html (+1ms)
10:08:08   ├─ /trailers/una-dama-sobre-ruedas-2015/index.html (+1ms)
10:08:08   ├─ /trailers/spotlight-2015/index.html (+1ms)
10:08:08   ├─ /trailers/la-habitacion-2015/index.html (+1ms)
10:08:08   ├─ /trailers/bridge-of-spies-2015/index.html (+1ms)
10:08:08   ├─ /trailers/el-becario-2015/index.html (+1ms)
10:08:08   ├─ /trailers/hotel-transylvania-2-2015/index.html (+1ms)
10:08:08   ├─ /trailers/everest-2015/index.html (+1ms)
10:08:08   ├─ /trailers/la-reina-del-desierto-2015/index.html (+1ms)
10:08:08   ├─ /trailers/mission-impossible-rogue-nation-2015/index.html (+1ms)
10:08:08   ├─ /trailers/pixels-2015/index.html (+1ms)
10:08:08   ├─ /trailers/minions-2015/index.html (+1ms)
10:08:08   ├─ /trailers/terminator-genisys-2015/index.html (+1ms)
10:08:08   ├─ /trailers/intensa-mente-2015/index.html (+1ms)
10:08:08   ├─ /trailers/jurassic-world-2015/index.html (+1ms)
10:08:08   ├─ /trailers/carol-2015/index.html (+1ms)
10:08:08   ├─ /trailers/furious-7-2015/index.html (+1ms)
10:08:08   ├─ /trailers/caballero-de-copas-2015/index.html (+1ms)
10:08:08   ├─ /trailers/el-francotirador-2015/index.html (+1ms)
10:08:08   ├─ /trailers/la-pelicula-de-bob-esponja-un-heroe-fuera-del-agua-2015/index.html (+1ms)
10:08:08   ├─ /trailers/la-bruja-2015/index.html (+1ms)
10:08:08   ├─ /trailers/ant-man-2015/index.html (+1ms)
10:08:08   ├─ /trailers/avengers-age-of-ultron-2015/index.html (+1ms)
10:08:08   ├─ /trailers/creed-2015/index.html (+1ms)
10:08:08   ├─ /trailers/el-clan-2015/index.html (+1ms)
10:08:08   ├─ /trailers/el-renacido-2015/index.html (+1ms)
10:08:08   ├─ /trailers/fantastic-four-2015/index.html (+1ms)
10:08:08   ├─ /trailers/irrational-man-2015/index.html (+1ms)
10:08:08   ├─ /trailers/la-dama-de-oro-2015/index.html (+1ms)
10:08:08   ├─ /trailers/la-invitacion-2015/index.html (+1ms)
10:08:08   ├─ /trailers/langosta-2015/index.html (+1ms)
10:08:08   ├─ /trailers/mad-max-fury-road-2015/index.html (+1ms)
10:08:08   ├─ /trailers/mision-rescate-2015/index.html (+1ms)
10:08:08   ├─ /trailers/spectre-2015/index.html (+1ms)
10:08:08   ├─ /trailers/the-hateful-eight-2015/index.html (+1ms)
10:08:08   ├─ /trailers/the-human-centipede-3-final-sequence-2015/index.html (+1ms)
10:08:08   ├─ /trailers/truman-2015/index.html (+1ms)
10:08:08   ├─ /trailers/una-noche-para-sobrevivir-2015/index.html (+1ms)
10:08:08   ├─ /trailers/los-pinguinos-de-madagascar-2014/index.html (+1ms)
10:08:08   ├─ /trailers/tonto-y-retonto-2-2014/index.html (+1ms)
10:08:08   ├─ /trailers/primicia-mortal-2014/index.html (+1ms)
10:08:08   ├─ /trailers/birdman-or-the-unexpected-virtue-of-ignorance-2014/index.html (+1ms)
10:08:08   ├─ /trailers/men-women-and-children-2014/index.html (+1ms)
10:08:08   ├─ /trailers/el-libro-de-la-vida-2014/index.html (+1ms)
10:08:08   ├─ /trailers/el-patron-radiografia-de-un-crimen-2014/index.html (+1ms)
10:08:08   ├─ /trailers/whiplash-2014/index.html (+1ms)
10:08:08   ├─ /trailers/vicio-propio-2014/index.html (+1ms)
10:08:08   ├─ /trailers/the-cobbler-2014/index.html (+1ms)
10:08:08   ├─ /trailers/los-boxtrolls-2014/index.html (+1ms)
10:08:08   ├─ /trailers/dawn-of-the-planet-of-the-apes-2014/index.html (+1ms)
10:08:08   ├─ /trailers/asi-nos-va-2014/index.html (+1ms)
10:08:08   ├─ /trailers/magic-in-the-moonlight-2014/index.html (+1ms)
10:08:08   ├─ /trailers/el-recuerdo-de-marnie-2014/index.html (+1ms)
10:08:08   ├─ /trailers/la-cancion-del-mar-2014/index.html (+1ms)
10:08:08   ├─ /trailers/the-50-year-argument-2014/index.html (+1ms)
10:08:08   ├─ /trailers/blended-2014/index.html (+1ms)
10:08:08   ├─ /trailers/boulevard-2014/index.html (+1ms)
10:08:08   ├─ /trailers/rio-2-2014/index.html (+1ms)
10:08:08   ├─ /trailers/noe-2014/index.html (+1ms)
10:08:08   ├─ /trailers/redada-asesina-2-2014/index.html (+1ms)
10:08:08   ├─ /trailers/the-grand-budapest-hotel-2014/index.html (+1ms)
10:08:08   ├─ /trailers/las-aventuras-de-peabody-y-sherman-2014/index.html (+1ms)
10:08:08   ├─ /trailers/operacion-monumento-2014/index.html (+1ms)
10:08:08   ├─ /trailers/la-gran-aventura-lego-2014/index.html (+1ms)
10:08:08   ├─ /trailers/12-horas-para-sobrevivir-2014/index.html (+1ms)
10:08:08   ├─ /trailers/babadook-2014/index.html (+1ms)
10:08:08   ├─ /trailers/betibu-2014/index.html (+1ms)
10:08:08   ├─ /trailers/big-eyes-2014/index.html (+1ms)
10:08:08   ├─ /trailers/big-hero-6-2014/index.html (+1ms)
10:08:08   ├─ /trailers/boyhood-2014/index.html (+1ms)
10:08:08   ├─ /trailers/caminando-entre-las-tumbas-2014/index.html (+1ms)
10:08:08   ├─ /trailers/captain-america-the-winter-soldier-2014/index.html (+1ms)
10:08:08   ├─ /trailers/corazones-de-hierro-2014/index.html (+1ms)
10:08:08   ├─ /trailers/ex-machina-2014/index.html (+1ms)
10:08:08   ├─ /trailers/guardians-of-the-galaxy-2014/index.html (+1ms)
10:08:08   ├─ /trailers/how-to-train-your-dragon-2-2014/index.html (+1ms)
10:08:08   ├─ /trailers/interstellar-2014/index.html (+1ms)
10:08:08   ├─ /trailers/john-wick-2014/index.html (+1ms)
10:08:08   ├─ /trailers/non-stop-sin-escalas-2014/index.html (+1ms)
10:08:08   ├─ /trailers/relatos-salvajes-2014/index.html (+1ms)
10:08:08   ├─ /trailers/the-amazing-spider-man-2-2014/index.html (+1ms)
10:08:08   ├─ /trailers/una-chica-vuelve-a-casa-sola-de-noche-2014/index.html (+1ms)
10:08:08   ├─ /trailers/what-we-do-in-the-shadows-2014/index.html (+1ms)
10:08:08   ├─ /trailers/x-men-days-of-future-past-2014/index.html (+1ms)
10:08:08   ├─ /trailers/the-wolf-of-wall-street-2013/index.html (+1ms)
10:08:08   ├─ /trailers/la-gran-revancha-2013/index.html (+1ms)
10:08:08   ├─ /trailers/her-2013/index.html (+1ms)
10:08:08   ├─ /trailers/escandalo-americano-2013/index.html (+1ms)
10:08:08   ├─ /trailers/lluvia-de-hamburguesas-2-2013/index.html (+1ms)
10:08:08   ├─ /trailers/frozen-2013/index.html (+1ms)
10:08:08   ├─ /trailers/the-tale-of-the-princess-kaguya-2013/index.html (+2ms)
10:08:08   ├─ /trailers/plan-en-las-vegas-2013/index.html (+1ms)
10:08:08   ├─ /trailers/12-years-a-slave-2013/index.html (+1ms)
10:08:08   ├─ /trailers/gravedad-2013/index.html (+1ms)
10:08:08   ├─ /trailers/prisioneros-2013/index.html (+1ms)
10:08:08   ├─ /trailers/malavita-2013/index.html (+1ms)
10:08:08   ├─ /trailers/el-conjuro-2013/index.html (+1ms)
10:08:08   ├─ /trailers/curse-of-chucky-2013/index.html (+1ms)
10:08:08   ├─ /trailers/blue-jasmine-2013/index.html (+1ms)
10:08:08   ├─ /trailers/se-levanta-el-viento-2013/index.html (+1ms)
10:08:08   ├─ /trailers/crystal-fairy-y-el-cactus-magico-2013/index.html (+1ms)
10:08:08   ├─ /trailers/grown-ups-2-2013/index.html (+1ms)
10:08:08   ├─ /trailers/mi-villano-favorito-2-2013/index.html (+1ms)
10:08:08   ├─ /trailers/monsters-university-2013/index.html (+1ms)
10:08:08   ├─ /trailers/fast-and-furious-6-2013/index.html (+1ms)
10:08:08   ├─ /trailers/epic-el-mundo-secreto-2013/index.html (+1ms)
10:08:08   ├─ /trailers/los-croods-2013/index.html (+1ms)
10:08:08   ├─ /trailers/los-miserables-2012/index.html (+1ms)
10:08:08   ├─ /trailers/rompe-ralph-2012/index.html (+1ms)
10:08:08   ├─ /trailers/bienvenidos-al-fin-del-mundo-2013/index.html (+1ms)
10:08:08   ├─ /trailers/coherencia-2013/index.html (+1ms)
10:08:08   ├─ /trailers/corazon-de-leon-2013/index.html (+1ms)
10:08:08   ├─ /trailers/dolor-y-dinero-2013/index.html (+1ms)
10:08:08   ├─ /trailers/el-gran-gatsby-2013/index.html (+1ms)
10:08:08   ├─ /trailers/el-increible-burt-wonderstone-2013/index.html (+1ms)
10:08:08   ├─ /trailers/el-unico-superviviente-2013/index.html (+1ms)
10:08:08   ├─ /trailers/elysium-2013/index.html (+1ms)
10:08:08   ├─ /trailers/enemy-2013/index.html (+1ms)
10:08:08   ├─ /trailers/fuerza-antigangster-2013/index.html (+1ms)
10:08:08   ├─ /trailers/iron-man-3-2013/index.html (+1ms)
10:08:08   ├─ /trailers/la-noche-de-la-expiacion-2013/index.html (+1ms)
10:08:08   ├─ /trailers/man-of-steel-2013/index.html (+1ms)
10:08:08   ├─ /trailers/oblivion-2013/index.html (+1ms)
10:08:08   ├─ /trailers/red-2-2013/index.html (+1ms)
10:08:08   ├─ /trailers/septimo-2013/index.html (+1ms)
10:08:08   ├─ /trailers/sharknado-2013/index.html (+1ms)
10:08:08   ├─ /trailers/solo-dios-perdona-2013/index.html (+1ms)
10:08:08   ├─ /trailers/tesis-sobre-un-homicidio-2013/index.html (+1ms)
10:08:08   ├─ /trailers/the-wolverine-2013/index.html (+1ms)
10:08:08   ├─ /trailers/thor-the-dark-world-2013/index.html (+1ms)
10:08:08   ├─ /trailers/under-the-skin-2013/index.html (+1ms)
10:08:08   ├─ /trailers/hitchcock-2012/index.html (+1ms)
10:08:08   ├─ /trailers/el-origen-de-los-guardianes-2012/index.html (+1ms)
10:08:08   ├─ /trailers/lincoln-2012/index.html (+1ms)
10:08:08   ├─ /trailers/paranorman-2012/index.html (+1ms)
10:08:08   ├─ /trailers/argo-2012/index.html (+1ms)
10:08:08   ├─ /trailers/hotel-transylvania-2012/index.html (+1ms)
10:08:08   ├─ /trailers/sin-tregua-2012/index.html (+1ms)
10:08:08   ├─ /trailers/wolf-children-2012/index.html (+1ms)
10:08:08   ├─ /trailers/valiente-2012/index.html (+1ms)
10:08:08   ├─ /trailers/el-verano-de-sus-vidas-2012/index.html (+1ms)
10:08:08   ├─ /trailers/la-era-de-hielo-4-la-formacion-de-los-continentes-2012/index.html (+1ms)
10:08:08   ├─ /trailers/thats-my-boy-2012/index.html (+1ms)
10:08:08   ├─ /trailers/el-lorax-en-busca-de-la-trufula-perdida-2012/index.html (+1ms)
10:08:08   ├─ /trailers/la-vida-de-flynn-2012/index.html (+1ms)
10:08:08   ├─ /trailers/to-rome-with-love-2012/index.html (+4ms)
10:08:08   ├─ /trailers/contraband-2012/index.html (+1ms)
10:08:08   ├─ /trailers/cruce-de-caminos-2012/index.html (+1ms)
10:08:08   ├─ /trailers/dark-shadows-2012/index.html (+1ms)
10:08:08   ├─ /trailers/django-unchained-2012/index.html (+1ms)
10:08:08   ├─ /trailers/the-act-of-killing-2012/index.html (+1ms)
10:08:08   ├─ /trailers/el-vuelo-2012/index.html (+1ms)
10:08:08   ├─ /trailers/elefante-blanco-2012/index.html (+1ms)
10:08:08   ├─ /trailers/frankenweenie-2012/index.html (+1ms)
10:08:08   ├─ /trailers/infierno-blanco-2012/index.html (+1ms)
10:08:08   ├─ /trailers/la-cabana-del-terror-2012/index.html (+1ms)
10:08:08   ├─ /trailers/la-caza-2012/index.html (+1ms)
10:08:08   ├─ /trailers/looper-2012/index.html (+1ms)
10:08:08   ├─ /trailers/prometheus-2012/index.html (+1ms)
10:08:08   ├─ /trailers/skyfall-2012/index.html (+1ms)
10:08:08   ├─ /trailers/ted-2012/index.html (+1ms)
10:08:08   ├─ /trailers/the-amazing-spider-man-2012/index.html (+1ms)
10:08:08   ├─ /trailers/the-avengers-2012/index.html (+1ms)
10:08:08   ├─ /trailers/the-dark-knight-rises-2012/index.html (+1ms)
10:08:08   ├─ /trailers/the-master-2012/index.html (+1ms)
10:08:08   ├─ /trailers/tierra-prometida-2012/index.html (+1ms)
10:08:08   ├─ /trailers/war-horse-2011/index.html (+1ms)
10:08:08   ├─ /trailers/mission-impossible-ghost-protocol-2011/index.html (+1ms)
10:08:08   ├─ /trailers/hugo-2011/index.html (+1ms)
10:08:08   ├─ /trailers/un-dios-salvaje-2011/index.html (+1ms)
10:08:08   ├─ /trailers/jack-and-jill-2011/index.html (+1ms)
10:08:08   ├─ /trailers/arthur-christmas-operacion-regalo-2011/index.html (+1ms)
10:08:08   ├─ /trailers/un-golpe-de-altura-2011/index.html (+1ms)
10:08:08   ├─ /trailers/the-adventures-of-tintin-2011/index.html (+1ms)
10:08:08   ├─ /trailers/the-artist-2011/index.html (+1ms)
10:08:08   ├─ /trailers/george-harrison-living-in-the-material-world-2011/index.html (+1ms)
10:08:08   ├─ /trailers/drive-2011/index.html (+1ms)
10:08:08   ├─ /trailers/destino-final-5-2011/index.html (+1ms)
10:08:08   ├─ /trailers/rise-of-the-planet-of-the-apes-2011/index.html (+1ms)
10:08:08   ├─ /trailers/la-colina-de-las-amapolas-2011/index.html (+1ms)
10:08:08   ├─ /trailers/harry-potter-and-the-deathly-hallows-part-2-2011/index.html (+1ms)
10:08:08   ├─ /trailers/cars-2-2011/index.html (+1ms)
10:08:08   ├─ /trailers/kung-fu-panda-2-2011/index.html (+1ms)
10:08:08   ├─ /trailers/pirates-of-the-caribbean-on-stranger-tides-2011/index.html (+1ms)
10:08:08   ├─ /trailers/un-lugar-donde-quedarse-2011/index.html (+1ms)
10:08:08   ├─ /trailers/midnight-in-paris-2011/index.html (+1ms)
10:08:08   ├─ /trailers/el-castor-2011/index.html (+1ms)
10:08:08   ├─ /trailers/cruzadas-2011/index.html (+1ms)
10:08:08   ├─ /trailers/fast-five-2011/index.html (+1ms)
10:08:08   ├─ /trailers/scream-4-2011/index.html (+1ms)
10:08:08   ├─ /trailers/rio-2011/index.html (+1ms)
10:08:08   ├─ /trailers/winnie-the-pooh-2011/index.html (+1ms)
10:08:08   ├─ /trailers/rango-2011/index.html (+1ms)
10:08:08   ├─ /trailers/public-speaking-2010/index.html (+1ms)
10:08:08   ├─ /trailers/just-go-with-it-2011/index.html (+1ms)
10:08:08   ├─ /trailers/enredados-2010/index.html (+1ms)
10:08:08   ├─ /trailers/captain-america-the-first-avenger-2011/index.html (+1ms)
10:08:08   ├─ /trailers/el-juego-de-la-fortuna-2011/index.html (+1ms)
10:08:08   ├─ /trailers/ghost-rider-spirit-of-vengeance-2011/index.html (+1ms)
10:08:08   ├─ /trailers/green-lantern-2011/index.html (+1ms)
10:08:08   ├─ /trailers/hostel-part-iii-2011/index.html (+1ms)
10:08:08   ├─ /trailers/j-edgar-2011/index.html (+1ms)
10:08:08   ├─ /trailers/la-piel-que-habito-2011/index.html (+1ms)
10:08:08   ├─ /trailers/loco-y-estupido-amor-2011/index.html (+1ms)
10:08:08   ├─ /trailers/los-agentes-del-destino-2011/index.html (+1ms)
10:08:08   ├─ /trailers/los-idus-de-marzo-2011/index.html (+1ms)
10:08:08   ├─ /trailers/los-pinguinos-de-papa-2011/index.html (+1ms)
10:08:08   ├─ /trailers/medianeras-2011/index.html (+1ms)
10:08:08   ├─ /trailers/nader-y-simin-una-separacion-2011/index.html (+1ms)
10:08:08   ├─ /trailers/redada-asesina-the-raid-2011/index.html (+1ms)
10:08:08   ├─ /trailers/sin-identidad-2011/index.html (+1ms)
10:08:08   ├─ /trailers/tenemos-que-hablar-de-kevin-2011/index.html (+1ms)
10:08:08   ├─ /trailers/the-human-centipede-2-full-sequence-2011/index.html (+1ms)
10:08:08   ├─ /trailers/thor-2011/index.html (+1ms)
10:08:08   ├─ /trailers/un-cuento-chino-2011/index.html (+1ms)
10:08:08   ├─ /trailers/un-zoologico-en-casa-2011/index.html (+1ms)
10:08:08   ├─ /trailers/x-men-first-class-2011/index.html (+1ms)
10:08:08   ├─ /trailers/el-ilusionista-2010/index.html (+1ms)
10:08:08   ├─ /trailers/valor-de-ley-2010/index.html (+1ms)
10:08:08   ├─ /trailers/the-king-s-speech-2010/index.html (+1ms)
10:08:08   ├─ /trailers/amor-y-otras-drogas-2010/index.html (+1ms)
10:08:08   ├─ /trailers/harry-potter-and-the-deathly-hallows-part-1-2010/index.html (+2ms)
10:08:08   ├─ /trailers/megamente-2010/index.html (+1ms)
10:08:08   ├─ /trailers/the-social-network-2010/index.html (+1ms)
10:08:08   ├─ /trailers/a-letter-to-elia-2010/index.html (+1ms)
10:08:08   ├─ /trailers/el-americano-2010/index.html (+1ms)
10:08:08   ├─ /trailers/i-m-still-here-2010/index.html (+1ms)
10:08:08   ├─ /trailers/scott-pilgrim-contra-el-mundo-2010/index.html (+1ms)
10:08:08   ├─ /trailers/mi-villano-favorito-2010/index.html (+1ms)
10:08:08   ├─ /trailers/arrietty-y-el-mundo-de-los-diminutos-2010/index.html (+1ms)
10:08:08   ├─ /trailers/grown-ups-2010/index.html (+1ms)
10:08:08   ├─ /trailers/shrek-felices-para-siempre-2010/index.html (+1ms)
10:08:08   ├─ /trailers/el-principe-de-persia-las-arenas-del-tiempo-2010/index.html (+1ms)
10:08:08   ├─ /trailers/you-will-meet-a-tall-dark-stranger-2010/index.html (+1ms)
10:08:08   ├─ /trailers/robin-hood-2010/index.html (+1ms)
10:08:08   ├─ /trailers/a-nightmare-on-elm-street-2010/index.html (+1ms)
10:08:08   ├─ /trailers/how-to-train-your-dragon-2010/index.html (+1ms)
10:08:08   ├─ /trailers/shutter-island-2010/index.html (+1ms)
10:08:08   ├─ /trailers/invictus-2009/index.html (+1ms)
10:08:08   ├─ /trailers/a-serbian-film-2010/index.html (+1ms)
10:08:08   ├─ /trailers/alice-in-wonderland-2010/index.html (+1ms)
10:08:08   ├─ /trailers/blue-valentine-2010/index.html (+1ms)
10:08:08   ├─ /trailers/carancho-2010/index.html (+1ms)
10:08:08   ├─ /trailers/crimen-en-familia-2010/index.html (+1ms)
10:08:08   ├─ /trailers/el-equipo-a-2010/index.html (+1ms)
10:08:08   ├─ /trailers/el-libro-de-eli-2010/index.html (+1ms)
10:08:08   ├─ /trailers/imparable-2010/index.html (+1ms)
10:08:08   ├─ /trailers/inception-2010/index.html (+1ms)
10:08:08   ├─ /trailers/iron-man-2-2010/index.html (+1ms)
10:08:08   ├─ /trailers/jonah-hex-2010/index.html (+1ms)
10:08:08   ├─ /trailers/los-otros-dos-2010/index.html (+1ms)
10:08:08   ├─ /trailers/machete-2010/index.html (+1ms)
10:08:08   ├─ /trailers/saw-3d-2010/index.html (+1ms)
10:08:08   ├─ /trailers/the-fighter-2010/index.html (+1ms)
10:08:08   ├─ /trailers/toy-story-3-2010/index.html (+1ms)
10:08:08   ├─ /trailers/zona-verde-2010/index.html (+1ms)
10:08:08   ├─ /trailers/avatar-2009/index.html (+1ms)
10:08:08   ├─ /trailers/la-princesa-y-el-sapo-2009/index.html (+5ms)
10:08:08   ├─ /trailers/todos-estan-bien-2009/index.html (+1ms)
10:08:08   ├─ /trailers/nine-2009/index.html (+1ms)
10:08:08   ├─ /trailers/hermanos-2009/index.html (+1ms)
10:08:08   ├─ /trailers/amor-sin-escalas-2009/index.html (+1ms)
10:08:08   ├─ /trailers/halloween-ii-2009/index.html (+1ms)
10:08:08   ├─ /trailers/destino-final-4-2009/index.html (+1ms)
10:08:08   ├─ /trailers/lluvia-de-hamburguesas-2009/index.html (+1ms)
10:08:08   ├─ /trailers/rebelion-adolescente-2009/index.html (+1ms)
10:08:08   ├─ /trailers/districte-9-2009/index.html (+1ms)
10:08:08   ├─ /trailers/funny-people-2009/index.html (+1ms)
10:08:08   ├─ /trailers/harry-potter-and-the-half-blood-prince-2009/index.html (+1ms)
10:08:08   ├─ /trailers/enemigos-publicos-2009/index.html (+1ms)
10:08:08   ├─ /trailers/la-era-de-hielo-3-el-origen-de-los-dinosaurios-2009/index.html (+1ms)
10:08:08   ├─ /trailers/ano-uno-2009/index.html (+1ms)
10:08:08   ├─ /trailers/up-2009/index.html (+1ms)
10:08:08   ├─ /trailers/terminator-salvation-2009/index.html (+1ms)
10:08:08   ├─ /trailers/whatever-works-2009/index.html (+1ms)
10:08:08   ├─ /trailers/los-secretos-del-poder-2009/index.html (+1ms)
10:08:08   ├─ /trailers/fast-and-furious-2009/index.html (+1ms)
10:08:08   ├─ /trailers/friday-the-13th-2009/index.html (+1ms)
10:08:08   ├─ /trailers/el-secreto-de-kells-2009/index.html (+1ms)
10:08:08   ├─ /trailers/angeles-y-demonios-2009/index.html (+1ms)
10:08:08   ├─ /trailers/asalto-al-tren-pelham-123-2009/index.html (+1ms)
10:08:08   ├─ /trailers/desde-mi-cielo-2009/index.html (+1ms)
10:08:08   ├─ /trailers/el-hombre-de-al-lado-2009/index.html (+1ms)
10:08:09   ├─ /trailers/el-secreto-de-sus-ojos-2009/index.html (+1ms)
10:08:09   ├─ /trailers/enter-the-void-2009/index.html (+1ms)
10:08:09   ├─ /trailers/i-love-you-phillip-morris-2009/index.html (+1ms)
10:08:09   ├─ /trailers/inglourious-basterds-2009/index.html (+1ms)
10:08:09   ├─ /trailers/jennifer-s-body-2009/index.html (+1ms)
10:08:09   ├─ /trailers/the-house-of-the-devil-2009/index.html (+1ms)
10:08:09   ├─ /trailers/la-cinta-blanca-2009/index.html (+1ms)
10:08:09   ├─ /trailers/los-fantasmas-de-scrooge-2009/index.html (+1ms)
10:08:09   ├─ /trailers/los-mundos-de-coraline-2009/index.html (+1ms)
10:08:09   ├─ /trailers/los-sustitutos-2009/index.html (+1ms)
10:08:09   ├─ /trailers/luna-2009/index.html (+1ms)
10:08:09   ├─ /trailers/saw-vi-2009/index.html (+1ms)
10:08:09   ├─ /trailers/the-human-centipede-first-sequence-2009/index.html (+1ms)
10:08:09   ├─ /trailers/watchmen-2009/index.html (+1ms)
10:08:09   ├─ /trailers/x-men-origins-wolverine-2009/index.html (+1ms)
10:08:09   ├─ /trailers/bedtime-stories-2008/index.html (+1ms)
10:08:09   ├─ /trailers/gran-torino-2008/index.html (+1ms)
10:08:09   ├─ /trailers/ip-man-2008/index.html (+1ms)
10:08:09   ├─ /trailers/australia-2008/index.html (+1ms)
10:08:09   ├─ /trailers/bolt-un-perro-fuera-de-serie-2008/index.html (+1ms)
10:08:09   ├─ /trailers/slumdog-millionaire-2008/index.html (+1ms)
10:08:09   ├─ /trailers/algo-pasa-en-hollywood-2008/index.html (+1ms)
10:08:09   ├─ /trailers/the-hurt-locker-2008/index.html (+1ms)
10:08:09   ├─ /trailers/nick-y-norah-una-noche-de-musica-y-amor-2008/index.html (+1ms)
10:08:09   ├─ /trailers/asesinato-justo-2008/index.html (+1ms)
10:08:09   ├─ /trailers/quemese-despues-de-leerse-2008/index.html (+1ms)
10:08:09   ├─ /trailers/ponyo-y-el-secreto-de-la-sirenita-2008/index.html (+1ms)
10:08:09   ├─ /trailers/wall-e-2008/index.html (+1ms)
10:08:09   ├─ /trailers/you-dont-mess-with-the-zohan-2008/index.html (+1ms)
10:08:09   ├─ /trailers/vicky-cristina-barcelona-2008/index.html (+1ms)
10:08:09   ├─ /trailers/kung-fu-panda-2008/index.html (+1ms)
10:08:09   ├─ /trailers/shine-a-light-2008/index.html (+1ms)
10:08:09   ├─ /trailers/horton-y-el-mundo-de-los-quien-2008/index.html (+1ms)
10:08:09   ├─ /trailers/si-senor-2008/index.html (+1ms)
10:08:09   ├─ /trailers/dejame-entrar-2008/index.html (+1ms)
10:08:09   ├─ /trailers/el-curioso-caso-de-benjamin-button-2008/index.html (+1ms)
10:08:09   ├─ /trailers/el-incidente-2008/index.html (+1ms)
10:08:09   ├─ /trailers/indiana-jones-and-the-kingdom-of-the-crystal-skull-2008/index.html (+1ms)
10:08:09   ├─ /trailers/iron-man-2008/index.html (+1ms)
10:08:09   ├─ /trailers/leonera-2008/index.html (+1ms)
10:08:09   ├─ /trailers/martires-2008/index.html (+1ms)
10:08:09   ├─ /trailers/operacion-valquiria-2008/index.html (+1ms)
10:08:09   ├─ /trailers/punisher-war-zone-2008/index.html (+1ms)
10:08:09   ├─ /trailers/quantum-of-solace-2008/index.html (+1ms)
10:08:09   ├─ /trailers/rebobine-por-favor-2008/index.html (+1ms)
10:08:09   ├─ /trailers/red-de-mentiras-2008/index.html (+1ms)
10:08:09   ├─ /trailers/saw-v-2008/index.html (+1ms)
10:08:09   ├─ /trailers/solo-un-sueno-2008/index.html (+1ms)
10:08:09   ├─ /trailers/the-dark-knight-2008/index.html (+1ms)
10:08:09   ├─ /trailers/the-incredible-hulk-2008/index.html (+1ms)
10:08:09   ├─ /trailers/venganza-2008/index.html (+1ms)
10:08:09   ├─ /trailers/juno-embarazada-por-accidente-2007/index.html (+1ms)
10:08:09   ├─ /trailers/la-huella-2007/index.html (+1ms)
10:08:09   ├─ /trailers/leones-por-corderos-2007/index.html (+1ms)
10:08:09   ├─ /trailers/no-country-for-old-men-2007/index.html (+1ms)
10:08:09   ├─ /trailers/bee-movie-la-historia-de-una-abeja-2007/index.html (+1ms)
10:08:09   ├─ /trailers/cleaner-2007/index.html (+1ms)
10:08:09   ├─ /trailers/halloween-2007/index.html (+1ms)
10:08:09   ├─ /trailers/lo-que-perdimos-en-el-camino-2007/index.html (+1ms)
10:08:09   ├─ /trailers/elizabeth-la-edad-de-oro-2007/index.html (+1ms)
10:08:09   ├─ /trailers/la-extrana-que-hay-en-ti-2007/index.html (+1ms)
10:08:09   ├─ /trailers/expediente-anwar-2007/index.html (+1ms)
10:08:09   ├─ /trailers/supersalidos-2007/index.html (+1ms)
10:08:09   ├─ /trailers/los-simpson-la-pelicula-2007/index.html (+1ms)
10:08:09   ├─ /trailers/i-now-pronounce-you-chuck-and-larry-2007/index.html (+1ms)
10:08:09   ├─ /trailers/ratatouille-2007/index.html (+1ms)
10:08:09   ├─ /trailers/harry-potter-and-the-order-of-the-phoenix-2007/index.html (+1ms)
10:08:09   ├─ /trailers/persepolis-2007/index.html (+1ms)
10:08:09   ├─ /trailers/cassandra-s-dream-2007/index.html (+1ms)
10:08:09   ├─ /trailers/ahora-son-13-2007/index.html (+1ms)
10:08:09   ├─ /trailers/mr-brooks-2007/index.html (+1ms)
10:08:09   ├─ /trailers/pirates-of-the-caribbean-at-worlds-end-2007/index.html (+1ms)
10:08:09   ├─ /trailers/seduciendo-a-un-extrano-2007/index.html (+1ms)
10:08:09   ├─ /trailers/sunshine-2007/index.html (+1ms)
10:08:09   ├─ /trailers/la-familia-del-futuro-2007/index.html (+1ms)
10:08:09   ├─ /trailers/reign-over-me-2007/index.html (+1ms)
10:08:09   ├─ /trailers/zodiaco-2007/index.html (+1ms)
10:08:09   ├─ /trailers/flushed-away-lo-que-el-agua-se-llevo-2006/index.html (+1ms)
10:08:09   ├─ /trailers/american-gangster-2007/index.html (+1ms)
10:08:09   ├─ /trailers/crimen-perfecto-2007/index.html (+1ms)
10:08:09   ├─ /trailers/death-proof-2007/index.html (+1ms)
10:08:09   ├─ /trailers/el-asesinato-de-jesse-james-por-el-cobarde-robert-ford-2007/index.html (+1ms)
10:08:09   ├─ /trailers/el-orfanato-2007/index.html (+1ms)
10:08:09   ├─ /trailers/el-ultimatum-de-bourne-2007/index.html (+1ms)
10:08:09   ├─ /trailers/fantastic-four-rise-of-the-silver-surfer-2007/index.html (+1ms)
10:08:09   ├─ /trailers/ghost-rider-2007/index.html (+1ms)
10:08:09   ├─ /trailers/hostel-part-ii-2007/index.html (+1ms)
10:08:09   ├─ /trailers/inside-2007/index.html (+1ms)
10:08:09   ├─ /trailers/la-guerra-de-charlie-wilson-2007/index.html (+1ms)
10:08:09   ├─ /trailers/la-noche-es-nuestra-2007/index.html (+1ms)
10:08:09   ├─ /trailers/lars-y-la-chica-real-2007/index.html (+1ms)
10:08:09   ├─ /trailers/numero-23-la-revelacion-2007/index.html (+1ms)
10:08:09   ├─ /trailers/paranormal-activity-2007/index.html (+1ms)
10:08:09   ├─ /trailers/planet-terror-2007/index.html (+1ms)
10:08:09   ├─ /trailers/rec-2007/index.html (+1ms)
10:08:09   ├─ /trailers/saw-iv-2007/index.html (+1ms)
10:08:09   ├─ /trailers/shooter-el-tirador-2007/index.html (+1ms)
10:08:09   ├─ /trailers/spider-man-3-2007/index.html (+1ms)
10:08:09   ├─ /trailers/sweeney-todd-the-demon-barber-of-fleet-street-2007/index.html (+1ms)
10:08:09   ├─ /trailers/el-buen-aleman-2006/index.html (+1ms)
10:08:09   ├─ /trailers/the-prestige-2006/index.html (+1ms)
10:08:09   ├─ /trailers/the-departed-2006/index.html (+1ms)
10:08:09   ├─ /trailers/hijos-de-los-hombres-2006/index.html (+1ms)
10:08:09   ├─ /trailers/paprika-2006/index.html (+1ms)
10:08:09   ├─ /trailers/tales-from-earthsea-2006/index.html (+1ms)
10:08:09   ├─ /trailers/scoop-2006/index.html (+1ms)
10:08:09   ├─ /trailers/vecinos-invasores-2006/index.html (+1ms)
10:08:09   ├─ /trailers/the-girl-who-leapt-through-time-2006/index.html (+1ms)
10:08:09   ├─ /trailers/pirates-of-the-caribbean-dead-mans-chest-2006/index.html (+1ms)
10:08:09   ├─ /trailers/una-mirada-en-la-oscuridad-2006/index.html (+1ms)
10:08:09   ├─ /trailers/click-2006/index.html (+1ms)
10:08:09   ├─ /trailers/la-casa-del-lago-2006/index.html (+1ms)
10:08:09   ├─ /trailers/the-fast-and-the-furious-tokyo-drift-2006/index.html (+1ms)
10:08:09   ├─ /trailers/mission-impossible-iii-2006/index.html (+1ms)
10:08:09   ├─ /trailers/la-era-de-hielo-2-2006/index.html (+1ms)
10:08:09   ├─ /trailers/la-vida-de-los-otros-2006/index.html (+1ms)
10:08:09   ├─ /trailers/firewall-2006/index.html (+1ms)
10:08:09   ├─ /trailers/destino-final-3-2006/index.html (+1ms)
10:08:09   ├─ /trailers/amigos-con-dinero-2006/index.html (+1ms)
10:08:09   ├─ /trailers/casino-royale-2006/index.html (+1ms)
10:08:09   ├─ /trailers/deja-vu-2006/index.html (+1ms)
10:08:09   ├─ /trailers/el-buen-pastor-2006/index.html (+1ms)
10:08:09   ├─ /trailers/el-codigo-da-vinci-2006/index.html (+1ms)
10:08:09   ├─ /trailers/el-laberinto-del-fauno-2006/index.html (+1ms)
10:08:09   ├─ /trailers/invencible-2006/index.html (+1ms)
10:08:09   ├─ /trailers/la-otra-cara-de-nelson-2006/index.html (+1ms)
10:08:09   ├─ /trailers/paprika-detective-de-los-suenos-2006/index.html (+1ms)
10:08:09   ├─ /trailers/plan-oculto-2006/index.html (+1ms)
10:08:09   ├─ /trailers/rocky-balboa-2006/index.html (+1ms)
10:08:09   ├─ /trailers/saw-iii-2006/index.html (+1ms)
10:08:09   ├─ /trailers/superman-returns-2006/index.html (+1ms)
10:08:09   ├─ /trailers/the-fall-el-sueno-de-alexandria-2006/index.html (+1ms)
10:08:09   ├─ /trailers/x-men-the-last-stand-2006/index.html (+1ms)
10:08:09   ├─ /trailers/munich-2005/index.html (+1ms)
10:08:09   ├─ /trailers/la-joya-de-la-familia-2005/index.html (+1ms)
10:08:09   ├─ /trailers/harry-potter-and-the-goblet-of-fire-2005/index.html (+1ms)
10:08:09   ├─ /trailers/chicken-little-2005/index.html (+1ms)
10:08:09   ├─ /trailers/jarhead-el-infierno-espera-2005/index.html (+1ms)
10:08:09   ├─ /trailers/el-hombre-del-tiempo-2005/index.html (+1ms)
10:08:09   ├─ /trailers/secreto-en-la-montana-2005/index.html (+1ms)
10:08:09   ├─ /trailers/plan-de-vuelo-2005/index.html (+1ms)
10:08:09   ├─ /trailers/el-senor-de-la-guerra-2005/index.html (+1ms)
10:08:09   ├─ /trailers/wallace-y-gromit-la-batalla-de-los-vegetales-2005/index.html (+1ms)
10:08:09   ├─ /trailers/johnny-june-pasion-y-locura-2005/index.html (+1ms)
10:08:09   ├─ /trailers/no-direction-home-bob-dylan-2005/index.html (+1ms)
10:08:09   ├─ /trailers/war-of-the-worlds-2005/index.html (+1ms)
10:08:09   ├─ /trailers/the-longest-yard-2005/index.html (+1ms)
10:08:09   ├─ /trailers/star-wars-episode-iii-revenge-of-the-sith-2005/index.html (+1ms)
10:08:09   ├─ /trailers/match-point-2005/index.html (+1ms)
10:08:09   ├─ /trailers/crash-2005/index.html (+1ms)
10:08:09   ├─ /trailers/robots-2005/index.html (+1ms)
10:08:09   ├─ /trailers/la-balada-de-jack-y-rose-2005/index.html (+1ms)
10:08:09   ├─ /trailers/el-escondite-2005/index.html (+1ms)
10:08:09   ├─ /trailers/batman-begins-2005/index.html (+1ms)
10:08:09   ├─ /trailers/charlie-and-the-chocolate-factory-2005/index.html (+1ms)
10:08:09   ├─ /trailers/constantine-2005/index.html (+1ms)
10:08:09   ├─ /trailers/corpse-bride-2005/index.html (+1ms)
10:08:09   ├─ /trailers/cuatro-hermanos-2005/index.html (+1ms)
10:08:09   ├─ /trailers/el-aura-2005/index.html (+1ms)
10:08:09   ├─ /trailers/el-umbral-2005/index.html (+1ms)
10:08:09   ├─ /trailers/elektra-2005/index.html (+1ms)
10:08:09   ├─ /trailers/fantastic-four-2005/index.html (+1ms)
10:08:09   ├─ /trailers/grizzly-man-2005/index.html (+1ms)
10:08:09   ├─ /trailers/hostel-2005/index.html (+1ms)
10:08:09   ├─ /trailers/la-propuesta-2005/index.html (+1ms)
10:08:09   ├─ /trailers/las-locuras-de-dick-y-jane-2005/index.html (+1ms)
10:08:09   ├─ /trailers/los-renegados-del-diablo-2005/index.html (+1ms)
10:08:09   ├─ /trailers/saw-ii-2005/index.html (+1ms)
10:08:09   ├─ /trailers/the-descent-2005/index.html (+1ms)
10:08:09   ├─ /trailers/tiempo-de-valientes-2005/index.html (+1ms)
10:08:09   ├─ /trailers/the-aviator-2004/index.html (+1ms)
10:08:09   ├─ /trailers/spanglish-2004/index.html (+1ms)
10:08:09   ├─ /trailers/la-nueva-gran-estafa-2004/index.html (+1ms)
10:08:09   ├─ /trailers/life-aquatic-2004/index.html (+1ms)
10:08:09   ├─ /trailers/million-dollar-baby-2004/index.html (+1ms)
10:08:09   ├─ /trailers/the-incredibles-2004/index.html (+1ms)
10:08:09   ├─ /trailers/bailamos-2004/index.html (+1ms)
10:08:09   ├─ /trailers/primer-2004/index.html (+1ms)
10:08:09   ├─ /trailers/shark-tale-2004/index.html (+1ms)
10:08:09   ├─ /trailers/melinda-and-melinda-2004/index.html (+1ms)
10:08:09   ├─ /trailers/las-trillizas-de-belleville-2003/index.html (+1ms)
10:08:09   ├─ /trailers/the-terminal-2004/index.html (+1ms)
10:08:09   ├─ /trailers/napoleon-dynamite-2004/index.html (+1ms)
10:08:09   ├─ /trailers/harry-potter-and-the-prisoner-of-azkaban-2004/index.html (+1ms)
10:08:09   ├─ /trailers/el-dia-de-manana-2004/index.html (+1ms)
10:08:09   ├─ /trailers/shrek-2-2004/index.html (+1ms)
10:08:09   ├─ /trailers/eternal-sunshine-of-the-spotless-mind-2004/index.html (+1ms)
10:08:09   ├─ /trailers/el-abrazo-partido-2004/index.html (+1ms)
10:08:09   ├─ /trailers/50-first-dates-2004/index.html (+1ms)
10:08:09   ├─ /trailers/espiritus-ocultos-2003/index.html (+1ms)
10:08:09   ├─ /trailers/blade-trinity-2004/index.html (+1ms)
10:08:09   ├─ /trailers/catwoman-2004/index.html (+1ms)
10:08:09   ├─ /trailers/diario-de-una-pasion-2004/index.html (+1ms)
10:08:09   ├─ /trailers/el-fuego-de-la-venganza-2004/index.html (+1ms)
10:08:09   ├─ /trailers/el-maquinista-2004/index.html (+1ms)
10:08:09   ├─ /trailers/kill-bill-vol-2-2004/index.html (+1ms)
10:08:09   ├─ /trailers/kung-fu-sion-2004/index.html (+1ms)
10:08:09   ├─ /trailers/la-nina-santa-2004/index.html (+1ms)
10:08:09   ├─ /trailers/seed-of-chucky-2004/index.html (+1ms)
10:08:09   ├─ /trailers/la-supremacia-de-bourne-2004/index.html (+1ms)
10:08:09   ├─ /trailers/luna-de-avellaneda-2004/index.html (+1ms)
10:08:09   ├─ /trailers/saw-2004/index.html (+1ms)
10:08:09   ├─ /trailers/spider-man-2-2004/index.html (+1ms)
10:08:09   ├─ /trailers/the-punisher-2004/index.html (+1ms)
10:08:09   ├─ /trailers/troya-2004/index.html (+1ms)
10:08:09   ├─ /trailers/una-serie-de-eventos-desafortunados-2004/index.html (+1ms)
10:08:09   ├─ /trailers/shaun-of-the-dead-2004/index.html (+1ms)
10:08:09   ├─ /trailers/the-lord-of-the-rings-the-return-of-the-king-2003/index.html (+1ms)
10:08:09   ├─ /trailers/tokyo-godfathers-2003/index.html (+1ms)
10:08:09   ├─ /trailers/21-gramos-2003/index.html (+1ms)
10:08:09   ├─ /trailers/la-sonrisa-de-mona-lisa-2003/index.html (+1ms)
10:08:09   ├─ /trailers/oldboy-2003/index.html (+1ms)
10:08:09   ├─ /trailers/love-actually-2003/index.html (+1ms)
10:08:09   ├─ /trailers/matrix-revolutions-2003/index.html (+1ms)
10:08:09   ├─ /trailers/tierra-de-osos-2003/index.html (+1ms)
10:08:09   ├─ /trailers/la-mancha-humana-2003/index.html (+1ms)
10:08:09   ├─ /trailers/rio-mistico-2003/index.html (+1ms)
10:08:09   ├─ /trailers/crueldad-intolerable-2003/index.html (+1ms)
10:08:09   ├─ /trailers/the-blues-feel-like-going-home-2003/index.html (+1ms)
10:08:09   ├─ /trailers/elephant-2003/index.html (+1ms)
10:08:09   ├─ /trailers/todopoderoso-2003/index.html (+1ms)
10:08:09   ├─ /trailers/freddy-vs-jason-2003/index.html (+2ms)
10:08:09   ├─ /trailers/pacto-de-justicia-2003/index.html (+1ms)
10:08:09   ├─ /trailers/sinbad-la-leyenda-de-los-siete-mares-2003/index.html (+1ms)
10:08:09   ├─ /trailers/pirates-of-the-caribbean-the-curse-of-the-black-pearl-2003/index.html (+1ms)
10:08:09   ├─ /trailers/terminator-3-rise-of-the-machines-2003/index.html (+1ms)
10:08:09   ├─ /trailers/hollywood-departamento-de-homicidios-2003/index.html (+1ms)
10:08:09   ├─ /trailers/2-fast-2-furious-2003/index.html (+1ms)
10:08:09   ├─ /trailers/finding-nemo-2003/index.html (+1ms)
10:08:09   ├─ /trailers/desapariciones-2003/index.html (+1ms)
10:08:09   ├─ /trailers/matrix-reloaded-2003/index.html (+1ms)
10:08:09   ├─ /trailers/memories-of-murder-cronica-de-un-asesino-en-serie-2003/index.html (+1ms)
10:08:09   ├─ /trailers/anger-management-2003/index.html (+1ms)
10:08:09   ├─ /trailers/destino-final-2-2003/index.html (+1ms)
10:08:09   ├─ /trailers/ong-bak-el-guerrero-muay-thai-2003/index.html (+1ms)
10:08:09   ├─ /trailers/big-fish-2003/index.html (+1ms)
10:08:09   ├─ /trailers/daredevil-2003/index.html (+1ms)
10:08:09   ├─ /trailers/dos-policias-rebeldes-ii-2003/index.html (+1ms)
10:08:09   ├─ /trailers/hulk-2003/index.html (+1ms)
10:08:09   ├─ /trailers/kill-bill-vol-1-2003/index.html (+1ms)
10:08:09   ├─ /trailers/la-estafa-maestra-2003/index.html (+1ms)
10:08:09   ├─ /trailers/la-habitacion-the-room-2003/index.html (+1ms)
10:08:09   ├─ /trailers/anything-else-2003/index.html (+1ms)
10:08:09   ├─ /trailers/x2-2003/index.html (+1ms)
10:08:09   ├─ /trailers/atrapame-si-puedes-2002/index.html (+1ms)
10:08:09   ├─ /trailers/hero-2002/index.html (+1ms)
10:08:09   ├─ /trailers/gangs-of-new-york-2002/index.html (+1ms)
10:08:09   ├─ /trailers/juego-sucio-infernal-affairs-2002/index.html (+1ms)
10:08:09   ├─ /trailers/chicago-2002/index.html (+1ms)
10:08:09   ├─ /trailers/the-lord-of-the-rings-the-two-towers-2002/index.html (+1ms)
10:08:09   ├─ /trailers/eight-crazy-nights-2002/index.html (+1ms)
10:08:09   ├─ /trailers/el-planeta-del-tesoro-2002/index.html (+1ms)
10:08:09   ├─ /trailers/harry-potter-and-the-chamber-of-secrets-2002/index.html (+1ms)
10:08:09   ├─ /trailers/kamchatka-2002/index.html (+2ms)
10:08:09   ├─ /trailers/punch-drunk-love-2002/index.html (+1ms)
10:08:09   ├─ /trailers/el-dragon-rojo-2002/index.html (+1ms)
10:08:09   ├─ /trailers/the-banger-sisters-2002/index.html (+1ms)
10:08:09   ├─ /trailers/condenado-2002/index.html (+1ms)
10:08:09   ├─ /trailers/haru-en-el-reino-de-los-gatos-2002/index.html (+1ms)
10:08:09   ├─ /trailers/la-era-de-hielo-2002/index.html (+1ms)
10:08:09   ├─ /trailers/mr-deeds-2002/index.html (+1ms)
10:08:09   ├─ /trailers/lilo-stitch-2002/index.html (+1ms)
10:08:09   ├─ /trailers/minority-report-2002/index.html (+1ms)
10:08:09   ├─ /trailers/spirit-el-corcel-indomable-2002/index.html (+1ms)
10:08:09   ├─ /trailers/star-wars-episode-ii-attack-of-the-clones-2002/index.html (+1ms)
10:08:09   ├─ /trailers/hollywood-ending-2002/index.html (+1ms)
10:08:09   ├─ /trailers/kate-leopold-2001/index.html (+1ms)
10:08:09   ├─ /trailers/la-habitacion-del-panico-2002/index.html (+1ms)
10:08:09   ├─ /trailers/showtime-2002/index.html (+1ms)
10:08:09   ├─ /trailers/blade-ii-2002/index.html (+1ms)
10:08:09   ├─ /trailers/calculo-mortal-2002/index.html (+1ms)
10:08:09   ├─ /trailers/camino-a-la-perdicion-2002/index.html (+1ms)
10:08:09   ├─ /trailers/ciudad-de-dios-2002/index.html (+1ms)
10:08:09   ├─ /trailers/el-bonaerense-2002/index.html (+1ms)
10:08:09   ├─ /trailers/el-pianista-2002/index.html (+1ms)
10:08:09   ├─ /trailers/en-defensa-del-honor-2002/index.html (+1ms)
10:08:09   ├─ /trailers/exterminio-2002/index.html (+1ms)
10:08:09   ├─ /trailers/halloween-resurrection-2002/index.html (+1ms)
10:08:09   ├─ /trailers/identidad-desconocida-2002/index.html (+1ms)
10:08:09   ├─ /trailers/infiel-2002/index.html (+1ms)
10:08:09   ├─ /trailers/john-q-situacion-extrema-2002/index.html (+1ms)
10:08:09   ├─ /trailers/k-19-the-widowmaker-2002/index.html (+1ms)
10:08:09   ├─ /trailers/insomnia-2002/index.html (+1ms)
10:08:09   ├─ /trailers/spider-man-2002/index.html (+1ms)
10:08:09   ├─ /trailers/un-oso-rojo-2002/index.html (+1ms)
10:08:09   ├─ /trailers/yo-soy-sam-2001/index.html (+1ms)
10:08:09   ├─ /trailers/gosford-park-crimen-de-medianoche-2001/index.html (+1ms)
10:08:09   ├─ /trailers/the-lord-of-the-rings-the-fellowship-of-the-ring-2001/index.html (+1ms)
10:08:09   ├─ /trailers/a-beautiful-mind-2001/index.html (+1ms)
10:08:09   ├─ /trailers/la-gran-estafa-2001/index.html (+1ms)
10:08:09   ├─ /trailers/monsters-inc-2001/index.html (+1ms)
10:08:09   ├─ /trailers/buffalo-soldiers-2001/index.html (+1ms)
10:08:09   ├─ /trailers/la-pianista-2001/index.html (+1ms)
10:08:09   ├─ /trailers/the-curse-of-the-jade-scorpion-2001/index.html (+1ms)
10:08:09   ├─ /trailers/millennium-actress-2001/index.html (+1ms)
10:08:09   ├─ /trailers/jason-x-2001/index.html (+1ms)
10:08:09   ├─ /trailers/spirited-away-2001/index.html (+1ms)
10:08:09   ├─ /trailers/jurassic-park-iii-2001/index.html (+1ms)
10:08:09   ├─ /trailers/the-score-un-golpe-maestro-2001/index.html (+1ms)
10:08:09   ├─ /trailers/atlantis-el-imperio-perdido-2001/index.html (+1ms)
10:08:09   ├─ /trailers/shrek-2001/index.html (+1ms)
10:08:09   ├─ /trailers/a-i-artificial-intelligence-2001/index.html (+1ms)
10:08:09   ├─ /trailers/the-fast-and-the-furious-2001/index.html (+1ms)
10:08:09   ├─ /trailers/moulin-rouge-2001/index.html (+1ms)
10:08:09   ├─ /trailers/la-hora-de-la-arana-2001/index.html (+1ms)
10:08:09   ├─ /trailers/15-minutos-2001/index.html (+1ms)
10:08:09   ├─ /trailers/hannibal-2001/index.html (+1ms)
10:08:09   ├─ /trailers/donnie-darko-2001/index.html (+1ms)
10:08:09   ├─ /trailers/ali-2001/index.html (+1ms)
10:08:09   ├─ /trailers/amelie-2001/index.html (+1ms)
10:08:09   ├─ /trailers/dia-de-entrenamiento-2001/index.html (+1ms)
10:08:09   ├─ /trailers/el-creyente-2001/index.html (+1ms)
10:08:09   ├─ /trailers/el-hijo-de-la-novia-2001/index.html (+1ms)
10:08:09   ├─ /trailers/ghost-world-2001/index.html (+1ms)
10:08:09   ├─ /trailers/ichi-the-killer-2001/index.html (+1ms)
10:08:09   ├─ /trailers/la-cienaga-2001/index.html (+1ms)
10:08:09   ├─ /trailers/mulholland-drive-2001/index.html (+1ms)
10:08:09   ├─ /trailers/planet-of-the-apes-2001/index.html (+1ms)
10:08:09   ├─ /trailers/rock-star-2001/index.html (+1ms)
10:08:09   ├─ /trailers/the-majestic-2001/index.html (+1ms)
10:08:09   ├─ /trailers/vanilla-sky-2001/index.html (+1ms)
10:08:09   ├─ /trailers/donde-estas-hermano-2000/index.html (+1ms)
10:08:09   ├─ /trailers/las-locuras-del-emperador-2000/index.html (+1ms)
10:08:09   ├─ /trailers/el-grinch-2000/index.html (+1ms)
10:08:09   ├─ /trailers/little-nicky-2000/index.html (+1ms)
10:08:09   ├─ /trailers/very-important-perros-2000/index.html (+1ms)
10:08:09   ├─ /trailers/deseando-amar-2000/index.html (+1ms)
10:08:09   ├─ /trailers/casi-famosos-2000/index.html (+1ms)
10:08:09   ├─ /trailers/lo-que-la-verdad-esconde-2000/index.html (+1ms)
10:08:09   ├─ /trailers/tigre-y-dragon-2000/index.html (+1ms)
10:08:09   ├─ /trailers/destino-final-2000/index.html (+1ms)
10:08:09   ├─ /trailers/pollitos-en-fuga-2000/index.html (+1ms)
10:08:09   ├─ /trailers/dinosaurio-2000/index.html (+1ms)
10:08:09   ├─ /trailers/fantasia-2000-2000/index.html (+1ms)
10:08:09   ├─ /trailers/mission-impossible-ii-2000/index.html (+1ms)
10:08:09   ├─ /trailers/small-time-crooks-2000/index.html (+1ms)
10:08:09   ├─ /trailers/gladiator-2000/index.html (+1ms)
10:08:09   ├─ /trailers/south-park-mas-grande-mas-largo-y-sin-cortes-1999/index.html (+1ms)
10:08:09   ├─ /trailers/el-camino-hacia-el-dorado-2000/index.html (+1ms)
10:08:09   ├─ /trailers/una-mujer-audaz-2000/index.html (+1ms)
10:08:09   ├─ /trailers/colgadas-2000/index.html (+1ms)
10:08:09   ├─ /trailers/scream-3-2000/index.html (+1ms)
10:08:09   ├─ /trailers/amores-perros-2000/index.html (+1ms)
10:08:09   ├─ /trailers/battle-royale-2000/index.html (+1ms)
10:08:09   ├─ /trailers/la-tormenta-perfecta-2000/index.html (+1ms)
10:08:09   ├─ /trailers/memento-2000/index.html (+1ms)
10:08:09   ├─ /trailers/naufrago-2000/index.html (+1ms)
10:08:09   ├─ /trailers/nueve-reinas-2000/index.html (+1ms)
10:08:09   ├─ /trailers/plata-quemada-2000/index.html (+1ms)
10:08:09   ├─ /trailers/psicopata-americano-2000/index.html (+1ms)
10:08:09   ├─ /trailers/requiem-por-un-sueno-2000/index.html (+1ms)
10:08:09   ├─ /trailers/snatch-cerdos-y-diamantes-2000/index.html (+1ms)
10:08:09   ├─ /trailers/titanes-hicieron-historia-2000/index.html (+1ms)
10:08:09   ├─ /trailers/x-men-2000/index.html (+1ms)
10:08:09   ├─ /trailers/yo-yo-mismo-e-irene-2000/index.html (+1ms)
10:08:09   ├─ /trailers/heroes-fuera-de-orbita-1999/index.html (+1ms)
10:08:09   ├─ /trailers/un-domingo-cualquiera-1999/index.html (+1ms)
10:08:09   ├─ /trailers/magnolia-1999/index.html (+1ms)
10:08:09   ├─ /trailers/flawless-1999/index.html (+1ms)
10:08:09   ├─ /trailers/el-informante-1999/index.html (+1ms)
10:08:09   ├─ /trailers/como-ser-john-malkovich-1999/index.html (+1ms)
10:08:09   ├─ /trailers/bringing-out-the-dead-1999/index.html (+1ms)
10:08:09   ├─ /trailers/fight-club-1999/index.html (+1ms)
10:08:09   ├─ /trailers/american-beauty-1999/index.html (+1ms)
10:08:09   ├─ /trailers/my-voyage-to-italy-1999/index.html (+1ms)
10:08:09   ├─ /trailers/sweet-and-lowdown-1999/index.html (+1ms)
10:08:09   ├─ /trailers/garage-olimpo-1999/index.html (+1ms)
10:08:09   ├─ /trailers/the-sixth-sense-1999/index.html (+1ms)
10:08:09   ├─ /trailers/big-daddy-1999/index.html (+1ms)
10:08:09   ├─ /trailers/mundo-grua-1999/index.html (+1ms)
10:08:09   ├─ /trailers/tarzan-1999/index.html (+1ms)
10:08:09   ├─ /trailers/star-wars-episode-i-the-phantom-menace-1999/index.html (+1ms)
10:08:09   ├─ /trailers/the-matrix-1999/index.html (+1ms)
10:08:09   ├─ /trailers/una-terapia-peligrosa-1999/index.html (+1ms)
10:08:09   ├─ /trailers/silvia-prieto-1999/index.html (+1ms)
10:08:09   ├─ /trailers/mensaje-en-una-botella-1999/index.html (+4ms)
10:08:09   ├─ /trailers/cielo-de-octubre-1999/index.html (+1ms)
10:08:09   ├─ /trailers/trabajo-basura-1999/index.html (+1ms)
10:08:09   ├─ /trailers/audition-1999/index.html (+1ms)
10:08:09   ├─ /trailers/el-gigante-de-hierro-1999/index.html (+1ms)
10:08:09   ├─ /trailers/el-talento-de-mr-ripley-1999/index.html (+1ms)
10:08:09   ├─ /trailers/existenz-1999/index.html (+1ms)
10:08:09   ├─ /trailers/huracan-carter-1999/index.html (+1ms)
10:08:09   ├─ /trailers/la-milla-verde-1999/index.html (+1ms)
10:08:09   ├─ /trailers/man-on-the-moon-1999/index.html (+1ms)
10:08:09   ├─ /trailers/ojos-bien-cerrados-1999/index.html (+1ms)
10:08:09   ├─ /trailers/sleepy-hollow-1999/index.html (+1ms)
10:08:09   ├─ /trailers/the-blair-witch-project-1999/index.html (+1ms)
10:08:09   ├─ /trailers/toy-story-2-1999/index.html (+1ms)
10:08:09   ├─ /trailers/tres-reyes-1999/index.html (+1ms)
10:08:09   ├─ /trailers/quedate-a-mi-lado-1998/index.html (+1ms)
10:08:09   ├─ /trailers/la-delgada-linea-roja-1998/index.html (+1ms)
10:08:09   ├─ /trailers/el-principe-de-egipto-1998/index.html (+1ms)
10:08:09   ├─ /trailers/shakespeare-in-love-1998/index.html (+1ms)
10:08:09   ├─ /trailers/kiriku-y-la-bruja-1998/index.html (+1ms)
10:08:09   ├─ /trailers/bichos-una-aventura-en-miniatura-1998/index.html (+1ms)
10:08:09   ├─ /trailers/celebrity-1998/index.html (+1ms)
10:08:09   ├─ /trailers/antz-hormiguitaz-1998/index.html (+1ms)
10:08:09   ├─ /trailers/the-waterboy-1998/index.html (+1ms)
10:08:09   ├─ /trailers/ronin-1998/index.html (+1ms)
10:08:09   ├─ /trailers/elizabeth-1998/index.html (+1ms)
10:08:09   ├─ /trailers/seis-dias-y-siete-noches-1998/index.html (+1ms)
10:08:09   ├─ /trailers/saving-private-ryan-1998/index.html (+1ms)
10:08:09   ├─ /trailers/pokemon-la-pelicula-1998/index.html (+1ms)
10:08:09   ├─ /trailers/un-romance-peligroso-1998/index.html (+1ms)
10:08:09   ├─ /trailers/mulan-1998/index.html (+1ms)
10:08:09   ├─ /trailers/the-truman-show-1998/index.html (+1ms)
10:08:09   ├─ /trailers/beavis-y-butt-head-recorren-america-1996/index.html (+1ms)
10:08:09   ├─ /trailers/dark-city-1998/index.html (+1ms)
10:08:09   ├─ /trailers/esfera-1998/index.html (+1ms)
10:08:09   ├─ /trailers/the-wedding-singer-1998/index.html (+1ms)
10:08:09   ├─ /trailers/lluvia-permanente-1998/index.html (+1ms)
10:08:09   ├─ /trailers/blade-1998/index.html (+1ms)
10:08:09   ├─ /trailers/el-circulo-1998/index.html (+1ms)
10:08:09   ├─ /trailers/el-gran-lebowski-1998/index.html (+1ms)
10:08:09   ├─ /trailers/following-1998/index.html (+1ms)
10:08:09   ├─ /trailers/halloween-h20-20-years-later-1998/index.html (+1ms)
10:08:09   ├─ /trailers/bride-of-chucky-1998/index.html (+1ms)
10:08:09   ├─ /trailers/los-miserables-la-leyenda-nunca-muere-1998/index.html (+1ms)
10:08:09   ├─ /trailers/pi-fe-en-el-caos-1998/index.html (+1ms)
10:08:09   ├─ /trailers/poseidos-1998/index.html (+1ms)
10:08:09   ├─ /trailers/the-faculty-1998/index.html (+1ms)
10:08:09   ├─ /trailers/el-boxeador-1997/index.html (+1ms)
10:08:09   ├─ /trailers/kundun-1997/index.html (+1ms)
10:08:09   ├─ /trailers/titanic-1997/index.html (+1ms)
10:08:09   ├─ /trailers/la-cortina-de-humo-1997/index.html (+1ms)
10:08:09   ├─ /trailers/amistad-1997/index.html (+1ms)
10:08:09   ├─ /trailers/scream-2-1997/index.html (+1ms)
10:08:09   ├─ /trailers/good-will-hunting-1997/index.html (+1ms)
10:08:09   ├─ /trailers/anastasia-1997/index.html (+1ms)
10:08:09   ├─ /trailers/el-coleccionista-de-amantes-1997/index.html (+1ms)
10:08:09   ├─ /trailers/el-pacificador-1997/index.html (+1ms)
10:08:09   ├─ /trailers/deconstructing-harry-1997/index.html (+1ms)
10:08:09   ├─ /trailers/the-end-of-evangelion-1997/index.html (+1ms)
10:08:09   ├─ /trailers/princess-mononoke-1997/index.html (+1ms)
10:08:09   ├─ /trailers/contacto-1997/index.html (+1ms)
10:08:09   ├─ /trailers/gattaca-1997/index.html (+1ms)
10:08:09   ├─ /trailers/hercules-1997/index.html (+1ms)
10:08:09   ├─ /trailers/the-lost-world-jurassic-park-1997/index.html (+1ms)
10:08:09   ├─ /trailers/donnie-brasco-1997/index.html (+1ms)
10:08:09   ├─ /trailers/carretera-perdida-1997/index.html (+1ms)
10:08:09   ├─ /trailers/alien-resurrection-1997/index.html (+1ms)
10:08:09   ├─ /trailers/batman-and-robin-1997/index.html (+1ms)
10:08:09   ├─ /trailers/boogie-nights-1997/index.html (+1ms)
10:08:09   ├─ /trailers/cara-a-cara-1997/index.html (+1ms)
10:08:09   ├─ /trailers/cube-1997/index.html (+1ms)
10:08:09   ├─ /trailers/el-poder-de-la-justicia-1997/index.html (+1ms)
10:08:09   ├─ /trailers/el-quinto-elemento-1997/index.html (+1ms)
10:08:09   ├─ /trailers/gummo-1997/index.html (+1ms)
10:08:09   ├─ /trailers/horizonte-final-1997/index.html (+1ms)
10:08:09   ├─ /trailers/jackie-brown-1997/index.html (+1ms)
10:08:09   ├─ /trailers/la-vida-es-bella-1997/index.html (+1ms)
10:08:09   ├─ /trailers/los-angeles-al-desnudo-1997/index.html (+1ms)
10:08:09   ├─ /trailers/mentiroso-mentiroso-1997/index.html (+1ms)
10:08:09   ├─ /trailers/perfect-blue-1997/index.html (+1ms)
10:08:09   ├─ /trailers/retrato-de-una-dama-1996/index.html (+1ms)
10:08:09   ├─ /trailers/scream-1996/index.html (+1ms)
10:08:09   ├─ /trailers/la-habitacion-de-marvin-1996/index.html (+1ms)
10:08:09   ├─ /trailers/everyone-says-i-love-you-1996/index.html (+1ms)
10:08:09   ├─ /trailers/el-crisol-1996/index.html (+1ms)
10:08:09   ├─ /trailers/the-english-patient-1996/index.html (+1ms)
10:08:09   ├─ /trailers/el-club-de-las-primeras-esposas-1996/index.html (+1ms)
10:08:09   ├─ /trailers/bulletproof-1996/index.html (+1ms)
10:08:09   ├─ /trailers/fanatico-1996/index.html (+1ms)
10:08:09   ├─ /trailers/tin-cup-1996/index.html (+1ms)
10:08:09   ├─ /trailers/tiempo-de-matar-1996/index.html (+1ms)
10:08:09   ├─ /trailers/el-jorobado-de-notre-dame-1996/index.html (+1ms)
10:08:09   ├─ /trailers/la-roca-1996/index.html (+1ms)
10:08:09   ├─ /trailers/mission-impossible-1996/index.html (+1ms)
10:08:09   ├─ /trailers/trainspotting-1996/index.html (+1ms)
10:08:09   ├─ /trailers/happy-gilmore-1996/index.html (+1ms)
10:08:09   ├─ /trailers/crash-extranos-placeres-1996/index.html (+1ms)
10:08:09   ├─ /trailers/el-insoportable-1996/index.html (+1ms)
10:08:09   ├─ /trailers/en-honor-a-la-verdad-1996/index.html (+1ms)
10:08:09   ├─ /trailers/from-dusk-till-dawn-1996/index.html (+1ms)
10:08:09   ├─ /trailers/jovenes-y-brujas-1996/index.html (+1ms)
10:08:09   ├─ /trailers/mars-attacks-1996/index.html (+1ms)
10:08:09   ├─ /trailers/michael-collins-1996/index.html (+2ms)
10:08:09   ├─ /trailers/pasion-obsesiva-1996/index.html (+1ms)
10:08:09   ├─ /trailers/romeo-julieta-de-william-shakespeare-1996/index.html (+1ms)
10:08:09   ├─ /trailers/nixon-1995/index.html (+1ms)
10:08:09   ├─ /trailers/sabrina-y-sus-amores-1995/index.html (+1ms)
10:08:09   ├─ /trailers/sentido-y-sensibilidad-1995/index.html (+1ms)
10:08:09   ├─ /trailers/casino-1995/index.html (+1ms)
10:08:09   ├─ /trailers/toy-story-1995/index.html (+1ms)
10:08:09   ├─ /trailers/ghost-in-the-shell-1995/index.html (+1ms)
10:08:09   ├─ /trailers/ace-ventura-un-loco-en-africa-1995/index.html (+1ms)
10:08:09   ├─ /trailers/mighty-aphrodite-1995/index.html (+1ms)
10:08:09   ├─ /trailers/a-personal-journey-with-martin-scorsese-through-american-movies-1995/index.html (+1ms)
10:08:09   ├─ /trailers/halloween-the-curse-of-michael-myers-1995/index.html (+1ms)
10:08:09   ├─ /trailers/lancelot-el-primer-caballero-1995/index.html (+1ms)
10:08:09   ├─ /trailers/se7en-1995/index.html (+1ms)
10:08:09   ├─ /trailers/todo-por-un-sueno-1995/index.html (+1ms)
10:08:09   ├─ /trailers/mundo-acuatico-1995/index.html (+1ms)
10:08:09   ├─ /trailers/susurros-del-corazon-1995/index.html (+1ms)
10:08:09   ├─ /trailers/pocahontas-1995/index.html (+1ms)
10:08:09   ├─ /trailers/el-odio-1995/index.html (+1ms)
10:08:09   ├─ /trailers/braveheart-1995/index.html (+1ms)
10:08:09   ├─ /trailers/jungla-de-cristal-la-venganza-1995/index.html (+1ms)
10:08:09   ├─ /trailers/carrington-1995/index.html (+1ms)
10:08:09   ├─ /trailers/mientras-dormias-1995/index.html (+1ms)
10:08:09   ├─ /trailers/a-goofy-movie-1995/index.html (+1ms)
10:08:09   ├─ /trailers/billy-madison-1995/index.html (+1ms)
10:08:09   ├─ /trailers/antes-de-amanecer-1995/index.html (+1ms)
10:08:09   ├─ /trailers/apolo-13-1995/index.html (+1ms)
10:08:09   ├─ /trailers/batman-forever-1995/index.html (+1ms)
10:08:09   ├─ /trailers/caballos-salvajes-1995/index.html (+1ms)
10:08:09   ├─ /trailers/como-conquistar-hollywood-1995/index.html (+1ms)
10:08:09   ├─ /trailers/el-demonio-vestido-de-azul-1995/index.html (+1ms)
10:08:09   ├─ /trailers/el-dia-de-la-bestia-1995/index.html (+1ms)
10:08:09   ├─ /trailers/four-rooms-1995/index.html (+1ms)
10:08:09   ├─ /trailers/fuego-contra-fuego-1995/index.html (+1ms)
10:08:09   ├─ /trailers/la-ciudad-de-los-ninos-perdidos-1995/index.html (+1ms)
10:08:09   ├─ /trailers/marea-roja-1995/index.html (+1ms)
10:08:09   ├─ /trailers/rob-roy-la-pasion-de-un-rebelde-1995/index.html (+1ms)
10:08:09   ├─ /trailers/showgirls-1995/index.html (+1ms)
10:08:09   ├─ /trailers/junior-1994/index.html (+1ms)
10:08:09   ├─ /trailers/frankenstein-de-mary-shelley-1994/index.html (+1ms)
10:08:09   ├─ /trailers/dependientes-1994/index.html (+1ms)
10:08:09   ├─ /trailers/the-shawshank-redemption-1994/index.html (+1ms)
10:08:09   ├─ /trailers/bullets-over-broadway-1994/index.html (+1ms)
10:08:09   ├─ /trailers/peligro-inminente-1994/index.html (+1ms)
10:08:09   ├─ /trailers/el-cliente-1994/index.html (+1ms)
10:08:09   ├─ /trailers/chungking-express-1994/index.html (+1ms)
10:08:09   ├─ /trailers/volar-por-los-aires-1994/index.html (+1ms)
10:08:09   ├─ /trailers/wyatt-earp-1994/index.html (+1ms)
10:08:09   ├─ /trailers/forrest-gump-1994/index.html (+1ms)
10:08:09   ├─ /trailers/the-lion-king-1994/index.html (+1ms)
10:08:09   ├─ /trailers/maverick-1994/index.html (+1ms)
10:08:09   ├─ /trailers/ace-ventura-un-detective-diferente-1994/index.html (+1ms)
10:08:09   ├─ /trailers/ed-wood-1994/index.html (+1ms)
10:08:09   ├─ /trailers/el-cuervo-1994/index.html (+1ms)
10:08:09   ├─ /trailers/el-especialista-1994/index.html (+1ms)
10:08:09   ├─ /trailers/hoop-dreams-1994/index.html (+1ms)
10:08:09   ├─ /trailers/la-locura-del-rey-jorge-1994/index.html (+1ms)
10:08:09   ├─ /trailers/la-mascara-1994/index.html (+1ms)
10:08:09   ├─ /trailers/wes-craven-s-new-nightmare-1994/index.html (+1ms)
10:08:09   ├─ /trailers/las-cosas-que-nunca-mueren-1994/index.html (+1ms)
10:08:09   ├─ /trailers/pulp-fiction-1994/index.html (+1ms)
10:08:09   ├─ /trailers/tonto-y-retonto-1994/index.html (+1ms)
10:08:09   ├─ /trailers/en-el-nombre-del-padre-1993/index.html (+1ms)
10:08:09   ├─ /trailers/batman-la-mascara-del-fantasma-1993/index.html (+1ms)
10:08:09   ├─ /trailers/schindler-s-list-1993/index.html (+1ms)
10:08:09   ├─ /trailers/un-mundo-perfecto-1993/index.html (+1ms)
10:08:09   ├─ /trailers/atrapado-por-su-pasado-1993/index.html (+1ms)
10:08:09   ├─ /trailers/lo-que-queda-del-dia-1993/index.html (+1ms)
10:08:09   ├─ /trailers/el-extrano-mundo-de-jack-1993/index.html (+1ms)
10:08:09   ├─ /trailers/el-demoledor-1993/index.html (+1ms)
10:08:09   ├─ /trailers/the-age-of-innocence-1993/index.html (+1ms)
10:08:09   ├─ /trailers/manhattan-murder-mystery-1993/index.html (+1ms)
10:08:09   ├─ /trailers/el-fugitivo-1993/index.html (+1ms)
10:08:09   ├─ /trailers/jurassic-park-1993/index.html (+1ms)
10:08:09   ├─ /trailers/mucho-ruido-y-pocas-nueces-1993/index.html (+1ms)
10:08:09   ├─ /trailers/funes-un-gran-amor-1993/index.html (+1ms)
10:08:09   ├─ /trailers/la-chica-del-gangster-1993/index.html (+1ms)
10:08:09   ├─ /trailers/el-informe-pelicano-1993/index.html (+1ms)
10:08:09   ├─ /trailers/el-piano-1993/index.html (+1ms)
10:08:09   ├─ /trailers/filadelfia-1993/index.html (+1ms)
10:08:09   ├─ /trailers/seis-grados-de-separacion-1993/index.html (+1ms)
10:08:09   ├─ /trailers/super-mario-bros-la-pelicula-1993/index.html (+1ms)
10:08:09   ├─ /trailers/tango-feroz-la-leyenda-de-tanguito-1993/index.html (+1ms)
10:08:09   ├─ /trailers/un-dia-de-furia-1993/index.html (+1ms)
10:08:09   ├─ /trailers/jason-goes-to-hell-the-final-friday-1993/index.html (+1ms)
10:08:09   ├─ /trailers/dracula-de-bram-stoker-1992/index.html (+1ms)
10:08:09   ├─ /trailers/exito-a-cualquier-precio-1992/index.html (+1ms)
10:08:09   ├─ /trailers/husbands-and-wives-1992/index.html (+1ms)
10:08:09   ├─ /trailers/el-ultimo-mohicano-1992/index.html (+1ms)
10:08:09   ├─ /trailers/unforgiven-1992/index.html (+1ms)
10:08:09   ├─ /trailers/porco-rosso-1992/index.html (+1ms)
10:08:09   ├─ /trailers/aladdin-1992/index.html (+2ms)
10:08:09   ├─ /trailers/un-equipo-muy-especial-1992/index.html (+1ms)
10:08:09   ├─ /trailers/juego-de-patriotas-1992/index.html (+1ms)
10:08:09   ├─ /trailers/el-juego-de-hollywood-1992/index.html (+1ms)
10:08:09   ├─ /trailers/hard-boiled-1992/index.html (+1ms)
10:08:09   ├─ /trailers/un-lugar-en-el-mundo-1992/index.html (+1ms)
10:08:09   ├─ /trailers/los-amigos-de-peter-1992/index.html (+1ms)
10:08:09   ├─ /trailers/alien-3-1992/index.html (+1ms)
10:08:09   ├─ /trailers/batman-returns-1992/index.html (+1ms)
10:08:09   ├─ /trailers/candyman-1992/index.html (+1ms)
10:08:09   ├─ /trailers/el-ejercito-de-las-tinieblas-1992/index.html (+1ms)
10:08:09   ├─ /trailers/instinto-basico-1992/index.html (+1ms)
10:08:09   ├─ /trailers/la-muerte-le-sienta-bien-1992/index.html (+1ms)
10:08:09   ├─ /trailers/malcolm-x-1992/index.html (+1ms)
10:08:09   ├─ /trailers/reservoir-dogs-1992/index.html (+1ms)
10:08:09   ├─ /trailers/tu-madre-se-ha-comido-a-mi-perro-1992/index.html (+1ms)
10:08:09   ├─ /trailers/jfk-caso-abierto-1991/index.html (+1ms)
10:08:09   ├─ /trailers/shadows-and-fog-1991/index.html (+1ms)
10:08:09   ├─ /trailers/cape-fear-1991/index.html (+1ms)
10:08:09   ├─ /trailers/la-bella-y-la-bestia-1991/index.html (+1ms)
10:08:09   ├─ /trailers/el-pequeno-tate-1991/index.html (+1ms)
10:08:09   ├─ /trailers/morir-todavia-1991/index.html (+1ms)
10:08:09   ├─ /trailers/una-segunda-oportunidad-1991/index.html (+1ms)
10:08:09   ├─ /trailers/barton-fink-1991/index.html (+1ms)
10:08:09   ├─ /trailers/recuerdos-del-ayer-1991/index.html (+1ms)
10:08:09   ├─ /trailers/extermineitors-iii-la-gran-pelea-final-1991/index.html (+1ms)
10:08:09   ├─ /trailers/thelma-y-louise-1991/index.html (+1ms)
10:08:09   ├─ /trailers/hook-1991/index.html (+1ms)
10:08:09   ├─ /trailers/the-silence-of-the-lambs-1991/index.html (+1ms)
10:08:09   ├─ /trailers/delicatessen-1991/index.html (+1ms)
10:08:09   ├─ /trailers/el-almuerzo-desnudo-1991/index.html (+1ms)
10:08:09   ├─ /trailers/child-s-play-3-1991/index.html (+1ms)
10:08:09   ├─ /trailers/freddy-s-dead-the-final-nightmare-1991/index.html (+1ms)
10:08:09   ├─ /trailers/alice-1990/index.html (+1ms)
10:08:09   ├─ /trailers/el-padrino-parte-iii-1990/index.html (+1ms)
10:08:09   ├─ /trailers/despertares-1990/index.html (+1ms)
10:08:09   ├─ /trailers/dances-with-wolves-1990/index.html (+1ms)
10:08:09   ├─ /trailers/it-1990/index.html (+1ms)
10:08:09   ├─ /trailers/los-rescatadores-en-cangurolandia-1990/index.html (+1ms)
10:08:09   ├─ /trailers/home-alone-1990/index.html (+1ms)
10:08:09   ├─ /trailers/calda-emocion-1990/index.html (+1ms)
10:08:09   ├─ /trailers/muerte-entre-las-flores-1990/index.html (+1ms)
10:08:09   ├─ /trailers/postales-desde-el-filo-1990/index.html (+2ms)
10:08:09   ├─ /trailers/goodfellas-1990/index.html (+1ms)
10:08:09   ├─ /trailers/corazon-salvaje-1990/index.html (+1ms)
10:08:09   ├─ /trailers/extermineitors-ii-la-venganza-del-dragon-1990/index.html (+1ms)
10:08:09   ├─ /trailers/back-to-the-future-part-iii-1990/index.html (+1ms)
10:08:09   ├─ /trailers/mujer-bonita-1990/index.html (+1ms)
10:08:09   ├─ /trailers/captain-america-1990/index.html (+1ms)
10:08:09   ├─ /trailers/darkman-1990/index.html (+1ms)
10:08:09   ├─ /trailers/desafio-total-1990/index.html (+1ms)
10:08:09   ├─ /trailers/dias-de-trueno-1990/index.html (+1ms)
10:08:09   ├─ /trailers/edward-scissorhands-1990/index.html (+1ms)
10:08:09   ├─ /trailers/la-escalera-de-jacob-1990/index.html (+1ms)
10:08:09   ├─ /trailers/child-s-play-2-1990/index.html (+1ms)
10:08:09   ├─ /trailers/paris-is-burning-1990/index.html (+1ms)
10:08:09   ├─ /trailers/rocky-v-1990/index.html (+1ms)
10:08:09   ├─ /trailers/troll-2-1990/index.html (+1ms)
10:08:09   ├─ /trailers/always-1989/index.html (+1ms)
10:08:09   ├─ /trailers/nunca-fuimos-angeles-1989/index.html (+1ms)
10:08:09   ├─ /trailers/driving-miss-daisy-1989/index.html (+1ms)
10:08:09   ├─ /trailers/santa-sangre-1989/index.html (+1ms)
10:08:09   ├─ /trailers/back-to-the-future-part-ii-1989/index.html (+2ms)
10:08:09   ├─ /trailers/la-sirenita-1989/index.html (+1ms)
10:08:09   ├─ /trailers/noches-de-harlem-1989/index.html (+1ms)
10:08:09   ├─ /trailers/going-overboard-1989/index.html (+1ms)
10:08:09   ├─ /trailers/crimes-and-misdemeanors-1989/index.html (+1ms)
10:08:09   ├─ /trailers/el-cocinero-el-ladron-su-mujer-y-su-amante-1989/index.html (+1ms)
10:08:09   ├─ /trailers/abyss-1989/index.html (+1ms)
10:08:09   ├─ /trailers/nicky-la-aprendiz-de-bruja-1989/index.html (+1ms)
10:08:09   ├─ /trailers/los-extermineitors-1989/index.html (+1ms)
10:08:09   ├─ /trailers/do-the-right-thing-1989/index.html (+1ms)
10:08:09   ├─ /trailers/karate-kid-iii-el-desafio-final-1989/index.html (+1ms)
10:08:09   ├─ /trailers/baneros-ii-la-playa-loca-1989/index.html (+2ms)
10:08:09   ├─ /trailers/escuela-de-rebeldes-1989/index.html (+1ms)
10:08:09   ├─ /trailers/batman-1989/index.html (+1ms)
10:08:09   ├─ /trailers/halloween-5-the-revenge-of-michael-myers-1989/index.html (+1ms)
10:08:09   ├─ /trailers/indiana-jones-and-the-last-crusade-1989/index.html (+1ms)
10:08:09   ├─ /trailers/la-guerra-de-los-rose-1989/index.html (+1ms)
10:08:09   ├─ /trailers/a-nightmare-on-elm-street-5-the-dream-child-1989/index.html (+1ms)
10:08:09   ├─ /trailers/tetsuo-the-iron-man-1989/index.html (+1ms)
10:08:09   ├─ /trailers/the-punisher-1989/index.html (+1ms)
10:08:09   ├─ /trailers/tiempos-de-gloria-1989/index.html (+1ms)
10:08:09   ├─ /trailers/friday-the-13th-part-viii-jason-takes-manhattan-1989/index.html (+1ms)
10:08:09   ├─ /trailers/el-turista-accidental-1988/index.html (+1ms)
10:08:09   ├─ /trailers/armas-de-mujer-1988/index.html (+1ms)
10:08:09   ├─ /trailers/jungla-de-cristal-1988/index.html (+1ms)
10:08:09   ├─ /trailers/rain-man-1988/index.html (+1ms)
10:08:09   ├─ /trailers/agarralo-como-puedas-1988/index.html (+1ms)
10:08:09   ├─ /trailers/en-busca-del-valle-encantado-1988/index.html (+1ms)
10:08:09   ├─ /trailers/oliver-y-su-pandilla-1988/index.html (+1ms)
10:08:09   ├─ /trailers/conexion-tequila-1988/index.html (+1ms)
10:08:09   ├─ /trailers/acusados-1988/index.html (+1ms)
10:08:09   ├─ /trailers/the-last-temptation-of-christ-1988/index.html (+1ms)
10:08:09   ├─ /trailers/el-sendero-de-la-traicion-1988/index.html (+1ms)
10:08:09   ├─ /trailers/akira-1988/index.html (+1ms)
10:08:09   ├─ /trailers/arturo-el-millonario-seductor-2-1988/index.html (+1ms)
10:08:09   ├─ /trailers/los-bufalos-de-durham-1988/index.html (+1ms)
10:08:09   ├─ /trailers/busqueda-frenetica-1988/index.html (+1ms)
10:08:09   ├─ /trailers/la-insoportable-levedad-del-ser-1988/index.html (+1ms)
10:08:09   ├─ /trailers/beetlejuice-1988/index.html (+1ms)
10:08:09   ├─ /trailers/cinema-paradiso-1988/index.html (+1ms)
10:08:09   ├─ /trailers/desaparecida-1988/index.html (+1ms)
10:08:09   ├─ /trailers/estan-vivos-1988/index.html (+1ms)
10:08:09   ├─ /trailers/grave-of-the-fireflies-1988/index.html (+1ms)
10:08:09   ├─ /trailers/halloween-4-the-return-of-michael-myers-1988/index.html (+1ms)
10:08:09   ├─ /trailers/inseparables-1988/index.html (+1ms)
10:08:09   ├─ /trailers/child-s-play-1988/index.html (+1ms)
10:08:09   ├─ /trailers/another-woman-1988/index.html (+1ms)
10:08:09   ├─ /trailers/a-nightmare-on-elm-street-4-the-dream-master-1988/index.html (+1ms)
10:08:09   ├─ /trailers/the-thin-blue-line-1988/index.html (+1ms)
10:08:09   ├─ /trailers/friday-the-13th-part-vii-the-new-blood-1988/index.html (+1ms)
10:08:09   ├─ /trailers/september-1987/index.html (+1ms)
10:08:09   ├─ /trailers/empire-of-the-sun-1987/index.html (+1ms)
10:08:09   ├─ /trailers/el-cielo-sobre-berlin-1987/index.html (+1ms)
10:08:09   ├─ /trailers/baby-tu-vales-mucho-1987/index.html (+1ms)
10:08:09   ├─ /trailers/las-brujas-de-eastwick-1987/index.html (+1ms)
10:08:09   ├─ /trailers/los-intocables-de-eliot-ness-1987/index.html (+1ms)
10:08:09   ├─ /trailers/arizona-baby-1987/index.html (+1ms)
10:08:09   ├─ /trailers/radio-days-1987/index.html (+1ms)
10:08:09   ├─ /trailers/a-nightmare-on-elm-street-3-dream-warriors-1987/index.html (+1ms)
10:08:09   ├─ /trailers/depredador-1987/index.html (+1ms)
10:08:09   ├─ /trailers/la-chaqueta-metalica-1987/index.html (+1ms)
10:08:09   ├─ /trailers/la-princesa-prometida-1987/index.html (+1ms)
10:08:09   ├─ /trailers/robocop-el-defensor-del-futuro-1987/index.html (+1ms)
10:08:09   ├─ /trailers/superman-iv-the-quest-for-peace-1987/index.html (+1ms)
10:08:09   ├─ /trailers/terrorificamente-muertos-1987/index.html (+1ms)
10:08:09   ├─ /trailers/the-last-emperor-1987/index.html (+1ms)
10:08:09   ├─ /trailers/wall-street-1987/index.html (+1ms)
10:08:09   ├─ /trailers/platoon-1986/index.html (+1ms)
10:08:09   ├─ /trailers/la-costa-mosquito-1986/index.html (+1ms)
10:08:09   ├─ /trailers/la-mision-1986/index.html (+1ms)
10:08:09   ├─ /trailers/vellut-blau-1986/index.html (+1ms)
10:08:09   ├─ /trailers/the-color-of-money-1986/index.html (+1ms)
10:08:09   ├─ /trailers/peggy-sue-se-caso-1986/index.html (+1ms)
10:08:09   ├─ /trailers/la-noche-de-los-lapices-1986/index.html (+1ms)
10:08:09   ├─ /trailers/stand-by-me-1986/index.html (+1ms)
10:08:09   ├─ /trailers/castle-in-the-sky-1986/index.html (+1ms)
10:08:09   ├─ /trailers/taron-y-el-caldero-magico-1985/index.html (+1ms)
10:08:09   ├─ /trailers/basil-el-gran-detective-1986/index.html (+1ms)
10:08:09   ├─ /trailers/karate-kid-ii-la-historia-continua-1986/index.html (+1ms)
10:08:09   ├─ /trailers/peligrosamente-juntos-1986/index.html (+1ms)
10:08:09   ├─ /trailers/golpe-en-la-pequena-china-1986/index.html (+1ms)
10:08:09   ├─ /trailers/crossroads-1986/index.html (+1ms)
10:08:09   ├─ /trailers/hannah-and-her-sisters-1986/index.html (+1ms)
10:08:09   ├─ /trailers/aliens-1986/index.html (+1ms)
10:08:09   ├─ /trailers/howard-the-duck-1986/index.html (+1ms)
10:08:09   ├─ /trailers/la-mosca-1986/index.html (+1ms)
10:08:09   ├─ /trailers/friday-the-13th-part-vi-jason-lives-1986/index.html (+1ms)
10:08:09   ├─ /trailers/out-of-africa-1985/index.html (+1ms)
10:08:09   ├─ /trailers/the-color-purple-1985/index.html (+1ms)
10:08:09   ├─ /trailers/armas-invencibles-police-story-1985/index.html (+1ms)
10:08:09   ├─ /trailers/masacre-ven-y-mira-1985/index.html (+1ms)
10:08:09   ├─ /trailers/after-hours-1985/index.html (+1ms)
10:08:09   ├─ /trailers/silverado-1985/index.html (+1ms)
10:08:09   ├─ /trailers/back-to-the-future-1985/index.html (+1ms)
10:08:09   ├─ /trailers/los-goonies-1985/index.html (+1ms)
10:08:09   ├─ /trailers/testigo-en-peligro-1985/index.html (+1ms)
10:08:09   ├─ /trailers/lady-halcon-1985/index.html (+1ms)
10:08:09   ├─ /trailers/the-purple-rose-of-cairo-1985/index.html (+1ms)
10:08:09   ├─ /trailers/brazil-la-pelicula-1985/index.html (+1ms)
10:08:09   ├─ /trailers/the-breakfast-club-1985/index.html (+1ms)
10:08:09   ├─ /trailers/a-nightmare-on-elm-street-2-freddy-s-revenge-1985/index.html (+1ms)
10:08:09   ├─ /trailers/esperando-la-carroza-1985/index.html (+1ms)
10:08:09   ├─ /trailers/la-historia-oficial-1985/index.html (+1ms)
10:08:09   ├─ /trailers/mad-max-beyond-thunderdome-1985/index.html (+1ms)
10:08:09   ├─ /trailers/mordiscos-peligrosos-1985/index.html (+1ms)
10:08:09   ├─ /trailers/pee-wees-big-adventure-1985/index.html (+1ms)
10:08:09   ├─ /trailers/re-animator-1985/index.html (+1ms)
10:08:09   ├─ /trailers/rocky-iv-1985/index.html (+1ms)
10:08:09   ├─ /trailers/shoah-1985/index.html (+1ms)
10:08:09   ├─ /trailers/friday-the-13th-a-new-beginning-1985/index.html (+1ms)
10:08:09   ├─ /trailers/enamorarse-1984/index.html (+1ms)
10:08:09   ├─ /trailers/the-terminator-1984/index.html (+1ms)
10:08:09   ├─ /trailers/en-un-lugar-del-corazon-1984/index.html (+1ms)
10:08:09   ├─ /trailers/amadeus-1984/index.html (+1ms)
10:08:09   ├─ /trailers/karate-kid-el-momento-de-la-verdad-1984/index.html (+1ms)
10:08:09   ├─ /trailers/erase-una-vez-en-america-1984/index.html (+1ms)
10:08:09   ├─ /trailers/el-mejor-1984/index.html (+1ms)
10:08:09   ├─ /trailers/la-historia-sin-fin-1984/index.html (+1ms)
10:08:09   ├─ /trailers/nausicaa-of-the-valley-of-the-wind-1984/index.html (+1ms)
10:08:09   ├─ /trailers/broadway-danny-rose-1984/index.html (+1ms)
10:08:09   ├─ /trailers/camila-1984/index.html (+1ms)
10:08:09   ├─ /trailers/cazafantasmas-1984/index.html (+1ms)
10:08:09   ├─ /trailers/indiana-jones-and-the-temple-of-doom-1984/index.html (+1ms)
10:08:09   ├─ /trailers/paris-texas-1984/index.html (+1ms)
10:08:09   ├─ /trailers/a-nightmare-on-elm-street-1984/index.html (+1ms)
10:08:09   ├─ /trailers/stop-making-sense-1984/index.html (+1ms)
10:08:09   ├─ /trailers/supergirl-1984/index.html (+1ms)
10:08:09   ├─ /trailers/the-toxic-avenger-1984/index.html (+1ms)
10:08:09   ├─ /trailers/this-is-spinal-tap-1984/index.html (+1ms)
10:08:09   ├─ /trailers/friday-the-13th-the-final-chapter-1984/index.html (+1ms)
10:08:09   ├─ /trailers/terms-of-endearment-1983/index.html (+1ms)
10:08:09   ├─ /trailers/la-zona-muerta-1983/index.html (+1ms)
10:08:09   ├─ /trailers/zelig-1983/index.html (+1ms)
10:08:09   ├─ /trailers/star-wars-episode-vi-return-of-the-jedi-1983/index.html (+1ms)
10:08:09   ├─ /trailers/el-ansia-1983/index.html (+1ms)
10:08:09   ├─ /trailers/el-ano-que-vivimos-peligrosamente-1982/index.html (+1ms)
10:08:09   ├─ /trailers/el-precio-del-poder-1983/index.html (+1ms)
10:08:09   ├─ /trailers/superman-iii-1983/index.html (+1ms)
10:08:09   ├─ /trailers/videodrome-1983/index.html (+1ms)
10:08:09   ├─ /trailers/the-king-of-comedy-1982/index.html (+1ms)
10:08:09   ├─ /trailers/el-secreto-de-nimh-1982/index.html (+1ms)
10:08:09   ├─ /trailers/limite-48-horas-1982/index.html (+1ms)
10:08:09   ├─ /trailers/gandhi-1982/index.html (+1ms)
10:08:09   ├─ /trailers/el-ultimo-unicornio-1982/index.html (+1ms)
10:08:09   ├─ /trailers/aquel-excitante-curso-1982/index.html (+1ms)
10:08:09   ├─ /trailers/friday-the-13th-part-iii-1982/index.html (+4ms)
10:08:09   ├─ /trailers/oficial-y-caballero-1982/index.html (+1ms)
10:08:09   ├─ /trailers/a-midsummer-night-s-sex-comedy-1982/index.html (+1ms)
10:08:09   ├─ /trailers/blade-runner-1982/index.html (+1ms)
10:08:09   ├─ /trailers/la-cosa-el-enigma-de-otro-mundo-1982/index.html (+1ms)
10:08:09   ├─ /trailers/e-t-the-extra-terrestrial-1982/index.html (+1ms)
10:08:09   ├─ /trailers/grease-2-1982/index.html (+1ms)
10:08:09   ├─ /trailers/basket-case-1982/index.html (+1ms)
10:08:09   ├─ /trailers/halloween-iii-season-of-the-witch-1982/index.html (+1ms)
10:08:09   ├─ /trailers/poltergeist-1982/index.html (+1ms)
10:08:09   ├─ /trailers/rocky-iii-1982/index.html (+1ms)
10:08:09   ├─ /trailers/the-dark-crystal-1982/index.html (+1ms)
10:08:09   ├─ /trailers/tootsie-1982/index.html (+1ms)
10:08:09   ├─ /trailers/confesiones-verdaderas-1981/index.html (+1ms)
10:08:09   ├─ /trailers/heavy-metal-1981/index.html (+1ms)
10:08:09   ├─ /trailers/el-zorro-y-el-sabueso-1981/index.html (+1ms)
10:08:09   ├─ /trailers/la-posesion-1981/index.html (+1ms)
10:08:09   ├─ /trailers/1997-rescate-en-nueva-york-1981/index.html (+1ms)
10:08:09   ├─ /trailers/chariots-of-fire-1981/index.html (+1ms)
10:08:09   ├─ /trailers/friday-the-13th-part-2-1981/index.html (+1ms)
10:08:09   ├─ /trailers/el-cartero-siempre-llama-dos-veces-1981/index.html (+1ms)
10:08:09   ├─ /trailers/el-mas-alla-1981/index.html (+1ms)
10:08:09   ├─ /trailers/halloween-ii-1981/index.html (+1ms)
10:08:09   ├─ /trailers/impacto-1981/index.html (+1ms)
10:08:09   ├─ /trailers/mad-max-2-1981/index.html (+1ms)
10:08:09   ├─ /trailers/the-evil-dead-1981/index.html (+1ms)
10:08:09   ├─ /trailers/raiders-of-the-lost-ark-1981/index.html (+1ms)
10:08:09   ├─ /trailers/scanners-1981/index.html (+1ms)
10:08:09   ├─ /trailers/los-perros-de-la-guerra-1980/index.html (+1ms)
10:08:09   ├─ /trailers/raging-bull-1980/index.html (+1ms)
10:08:09   ├─ /trailers/stardust-memories-1980/index.html (+1ms)
10:08:09   ├─ /trailers/ordinary-people-1980/index.html (+1ms)
10:08:09   ├─ /trailers/aterriza-como-puedas-1980/index.html (+1ms)
10:08:09   ├─ /trailers/the-shining-1980/index.html (+1ms)
10:08:09   ├─ /trailers/star-wars-episode-v-the-empire-strikes-back-1980/index.html (+1ms)
10:08:09   ├─ /trailers/friday-the-13th-1980/index.html (+1ms)
10:08:09   ├─ /trailers/el-hombre-elefante-1980/index.html (+1ms)
10:08:09   ├─ /trailers/holocausto-canibal-1980/index.html (+1ms)
10:08:09   ├─ /trailers/superman-ii-1980/index.html (+1ms)
10:08:09   ├─ /trailers/empieza-el-espectaculo-1979/index.html (+1ms)
10:08:09   ├─ /trailers/1941-1979/index.html (+1ms)
10:08:09   ├─ /trailers/kramer-vs-kramer-1979/index.html (+1ms)
10:08:09   ├─ /trailers/comenzar-de-nuevo-1979/index.html (+1ms)
10:08:09   ├─ /trailers/la-vida-de-brian-1979/index.html (+1ms)
10:08:09   ├─ /trailers/alien-1979/index.html (+1ms)
10:08:09   ├─ /trailers/stalker-1979/index.html (+1ms)
10:08:09   ├─ /trailers/apocalypse-now-1979/index.html (+1ms)
10:08:09   ├─ /trailers/la-calle-del-adios-1979/index.html (+1ms)
10:08:09   ├─ /trailers/manhattan-1979/index.html (+1ms)
10:08:09   ├─ /trailers/the-warriors-los-amos-de-la-noche-1979/index.html (+1ms)
10:08:09   ├─ /trailers/mad-max-1979/index.html (+1ms)
10:08:09   ├─ /trailers/rocky-ii-1979/index.html (+1ms)
10:08:09   ├─ /trailers/the-brood-1979/index.html (+1ms)
10:08:09   ├─ /trailers/the-deer-hunter-1978/index.html (+1ms)
10:08:09   ├─ /trailers/halloween-1978/index.html (+1ms)
10:08:09   ├─ /trailers/watership-down-1978/index.html (+1ms)
10:08:09   ├─ /trailers/american-boy-a-profile-of-steven-prince-1978/index.html (+1ms)
10:08:09   ├─ /trailers/dias-del-cielo-1978/index.html (+1ms)
10:08:09   ├─ /trailers/interiors-1978/index.html (+1ms)
10:08:09   ├─ /trailers/camino-del-sur-1978/index.html (+1ms)
10:08:09   ├─ /trailers/the-last-waltz-1978/index.html (+1ms)
10:08:09   ├─ /trailers/superman-1978/index.html (+1ms)
10:08:09   ├─ /trailers/close-encounters-of-the-third-kind-1977/index.html (+1ms)
10:08:09   ├─ /trailers/house-1977/index.html (+1ms)
10:08:09   ├─ /trailers/los-rescatadores-1977/index.html (+1ms)
10:08:09   ├─ /trailers/new-york-new-york-1977/index.html (+1ms)
10:08:09   ├─ /trailers/star-wars-episode-iv-a-new-hope-1977/index.html (+1ms)
10:08:09   ├─ /trailers/annie-hall-1977/index.html (+1ms)
10:08:09   ├─ /trailers/cabeza-borradora-1977/index.html (+1ms)
10:08:09   ├─ /trailers/fiebre-del-sabado-noche-1977/index.html (+1ms)
10:08:09   ├─ /trailers/suspiria-1977/index.html (+1ms)
10:08:09   ├─ /trailers/rocky-1976/index.html (+1ms)
10:08:09   ├─ /trailers/network-un-mundo-implacable-1976/index.html (+1ms)
10:08:09   ├─ /trailers/taxi-driver-1976/index.html (+1ms)
10:08:09   ├─ /trailers/one-flew-over-the-cuckoo-s-nest-1975/index.html (+1ms)
10:08:09   ├─ /trailers/tarde-de-perros-1975/index.html (+1ms)
10:08:09   ├─ /trailers/jaws-1975/index.html (+1ms)
10:08:09   ├─ /trailers/love-and-death-1975/index.html (+1ms)
10:08:09   ├─ /trailers/los-caballeros-de-la-mesa-cuadrada-y-sus-locos-seguidores-1975/index.html (+1ms)
10:08:09   ├─ /trailers/barry-lyndon-1975/index.html (+1ms)
10:08:09   ├─ /trailers/el-espectaculo-de-imagenes-de-terror-de-rocky-1975/index.html (+1ms)
10:08:09   ├─ /trailers/grey-gardens-1975/index.html (+1ms)
10:08:09   ├─ /trailers/alice-doesnt-live-here-anymore-1974/index.html (+1ms)
10:08:09   ├─ /trailers/italianamerican-1974/index.html (+1ms)
10:08:09   ├─ /trailers/robin-hood-1973/index.html (+1ms)
10:08:09   ├─ /trailers/chinatown-1974/index.html (+1ms)
10:08:09   ├─ /trailers/la-patagonia-rebelde-1974/index.html (+1ms)
10:08:09   ├─ /trailers/the-sugarland-express-1974/index.html (+1ms)
10:08:09   ├─ /trailers/la-conversacion-1974/index.html (+1ms)
10:08:09   ├─ /trailers/la-matanza-de-texas-1974/index.html (+1ms)
10:08:09   ├─ /trailers/the-exorcist-1973/index.html (+1ms)
10:08:09   ├─ /trailers/the-sting-1973/index.html (+1ms)
10:08:09   ├─ /trailers/sleeper-1973/index.html (+1ms)
10:08:09   ├─ /trailers/el-hombre-de-mimbre-1973/index.html (+1ms)
10:08:09   ├─ /trailers/el-planeta-salvaje-1973/index.html (+1ms)
10:08:09   ├─ /trailers/la-montana-sagrada-1973/index.html (+1ms)
10:08:09   ├─ /trailers/mean-streets-1973/index.html (+1ms)
10:08:09   ├─ /trailers/boxcar-bertha-1972/index.html (+1ms)
10:08:09   ├─ /trailers/suenos-de-un-seductor-1972/index.html (+1ms)
10:08:09   ├─ /trailers/solaris-1972/index.html (+1ms)
10:08:09   ├─ /trailers/the-godfather-1972/index.html (+1ms)
10:08:09   ├─ /trailers/los-aristogatos-1970/index.html (+1ms)
10:08:09   ├─ /trailers/pink-flamingos-1972/index.html (+1ms)
10:08:09   ├─ /trailers/everything-you-always-wanted-to-know-about-sex-but-were-afraid-to-ask-1972/index.html (+1ms)
10:08:09   ├─ /trailers/perros-de-paja-1971/index.html (+1ms)
10:08:09   ├─ /trailers/duel-1971/index.html (+1ms)
10:08:09   ├─ /trailers/la-naranja-mecanica-1971/index.html (+1ms)
10:08:09   ├─ /trailers/the-french-connection-1971/index.html (+1ms)
10:08:09   ├─ /trailers/la-ultima-pelicula-1971/index.html (+1ms)
10:08:09   ├─ /trailers/bananas-1971/index.html (+1ms)
10:08:09   ├─ /trailers/el-topo-1970/index.html (+1ms)
10:08:09   ├─ /trailers/street-scenes-1970-1970/index.html (+1ms)
10:08:09   ├─ /trailers/hola-mama-1970/index.html (+1ms)
10:08:09   ├─ /trailers/patton-1970/index.html (+1ms)
10:08:09   ├─ /trailers/dos-hombres-y-un-destino-1969/index.html (+1ms)
10:08:09   ├─ /trailers/grupo-salvaje-1969/index.html (+1ms)
10:08:09   ├─ /trailers/el-libro-de-la-selva-1967/index.html (+1ms)
10:08:09   ├─ /trailers/midnight-cowboy-1969/index.html (+1ms)
10:08:09   ├─ /trailers/el-incinerador-de-cadaveres-1969/index.html (+1ms)
10:08:09   ├─ /trailers/take-the-money-and-run-1969/index.html (+1ms)
10:08:09   ├─ /trailers/hasta-que-llego-su-hora-1968/index.html (+1ms)
10:08:09   ├─ /trailers/oliver-1968/index.html (+1ms)
10:08:09   ├─ /trailers/whos-that-knocking-at-my-door-1967/index.html (+1ms)
10:08:09   ├─ /trailers/yellow-submarine-1968/index.html (+1ms)
10:08:09   ├─ /trailers/el-bebe-de-rosemary-1968/index.html (+1ms)
10:08:09   ├─ /trailers/2001-a-space-odyssey-1968/index.html (+1ms)
10:08:09   ├─ /trailers/el-silencio-de-un-hombre-1967/index.html (+1ms)
10:08:09   ├─ /trailers/in-the-heat-of-the-night-1967/index.html (+1ms)
10:08:09   ├─ /trailers/dont-look-back-1967/index.html (+1ms)
10:08:09   ├─ /trailers/el-graduado-1967/index.html (+1ms)
10:08:09   ├─ /trailers/las-margaritas-1966/index.html (+1ms)
10:08:09   ├─ /trailers/el-bueno-el-feo-y-el-malo-1966/index.html (+1ms)
10:08:09   ├─ /trailers/a-man-for-all-seasons-1966/index.html (+1ms)
10:08:09   ├─ /trailers/what-s-up-tiger-lily-1966/index.html (+1ms)
10:08:09   ├─ /trailers/el-pecado-compartido-1966/index.html (+1ms)
10:08:09   ├─ /trailers/la-batalla-de-argel-1966/index.html (+1ms)
10:08:09   ├─ /trailers/batman-1966/index.html (+1ms)
10:08:09   ├─ /trailers/the-sound-of-music-1965/index.html (+1ms)
10:08:09   ├─ /trailers/my-fair-lady-1964/index.html (+1ms)
10:08:09   ├─ /trailers/telefono-rojo-volamos-hacia-moscu-1964/index.html (+1ms)
10:08:09   ├─ /trailers/tom-jones-1963/index.html (+1ms)
10:08:09   ├─ /trailers/fellini-ocho-y-medio-1963/index.html (+1ms)
10:08:09   ├─ /trailers/la-gran-evasion-1963/index.html (+1ms)
10:08:09   ├─ /trailers/lawrence-of-arabia-1962/index.html (+1ms)
10:08:09   ├─ /trailers/west-side-story-1961/index.html (+1ms)
10:08:09   ├─ /trailers/101-dalmatas-1961/index.html (+1ms)
10:08:09   ├─ /trailers/la-bella-durmiente-1959/index.html (+1ms)
10:08:09   ├─ /trailers/psycho-1960/index.html (+1ms)
10:08:09   ├─ /trailers/the-apartment-1960/index.html (+1ms)
10:08:09   ├─ /trailers/al-final-de-la-escapada-1960/index.html (+1ms)
10:08:09   ├─ /trailers/la-dolce-vita-1960/index.html (+1ms)
10:08:09   ├─ /trailers/ben-hur-1959/index.html (+1ms)
10:08:09   ├─ /trailers/north-by-northwest-1959/index.html (+1ms)
10:08:09   ├─ /trailers/los-cuatrocientos-golpes-1959/index.html (+1ms)
10:08:09   ├─ /trailers/con-faldas-y-a-lo-loco-1959/index.html (+1ms)
10:08:09   ├─ /trailers/gigi-1958/index.html (+1ms)
10:08:09   ├─ /trailers/vertigo-1958/index.html (+1ms)
10:08:09   ├─ /trailers/senderos-de-gloria-1957/index.html (+1ms)
10:08:09   ├─ /trailers/the-bridge-on-the-river-kwai-1957/index.html (+1ms)
10:08:09   ├─ /trailers/12-angry-men-1957/index.html (+1ms)
10:08:09   ├─ /trailers/el-septimo-sello-1957/index.html (+1ms)
10:08:09   ├─ /trailers/around-the-world-in-80-days-1956/index.html (+1ms)
10:08:09   ├─ /trailers/la-dama-y-el-vagabundo-1955/index.html (+1ms)
10:08:09   ├─ /trailers/la-ventana-indiscreta-1954/index.html (+1ms)
10:08:09   ├─ /trailers/marty-1955/index.html (+1ms)
10:08:09   ├─ /trailers/la-noche-del-cazador-1955/index.html (+1ms)
10:08:09   ├─ /trailers/on-the-waterfront-1954/index.html (+1ms)
10:08:09   ├─ /trailers/los-siete-samurais-1954/index.html (+1ms)
10:08:09   ├─ /trailers/seven-samurai-1954/index.html (+1ms)
10:08:09   ├─ /trailers/cuentos-de-tokio-1953/index.html (+1ms)
10:08:09   ├─ /trailers/from-here-to-eternity-1953/index.html (+1ms)
10:08:09   ├─ /trailers/peter-pan-1953/index.html (+1ms)
10:08:09   ├─ /trailers/cantando-bajo-la-lluvia-1952/index.html (+1ms)
10:08:09   ├─ /trailers/the-greatest-show-on-earth-1952/index.html (+1ms)
10:08:09   ├─ /trailers/an-american-in-paris-1951/index.html (+1ms)
10:08:09   ├─ /trailers/la-cenicienta-1950/index.html (+1ms)
10:08:09   ├─ /trailers/el-crepusculo-de-los-dioses-1950/index.html (+1ms)
10:08:09   ├─ /trailers/all-about-eve-1950/index.html (+1ms)
10:08:09   ├─ /trailers/rashomon-1950/index.html (+1ms)
10:08:09   ├─ /trailers/el-tercer-hombre-1949/index.html (+1ms)
10:08:09   ├─ /trailers/all-the-king-s-men-1949/index.html (+1ms)
10:08:09   ├─ /trailers/ladron-de-bicicletas-1948/index.html (+1ms)
10:08:09   ├─ /trailers/hamlet-1948/index.html (+1ms)
10:08:09   ├─ /trailers/las-zapatillas-rojas-1948/index.html (+1ms)
10:08:09   ├─ /trailers/gentleman-s-agreement-1947/index.html (+1ms)
10:08:09   ├─ /trailers/the-best-years-of-our-lives-1946/index.html (+1ms)
10:08:09   ├─ /trailers/el-sueno-eterno-1946/index.html (+1ms)
10:08:09   ├─ /trailers/the-lost-weekend-1945/index.html (+1ms)
10:08:09   ├─ /trailers/pacto-de-sangre-1944/index.html (+1ms)
10:08:09   ├─ /trailers/going-my-way-1944/index.html (+1ms)
10:08:09   ├─ /trailers/bambi-1942/index.html (+1ms)
10:08:09   ├─ /trailers/casablanca-1943/index.html (+1ms)
10:08:09   ├─ /trailers/dumbo-1941/index.html (+1ms)
10:08:09   ├─ /trailers/mrs-miniver-1942/index.html (+1ms)
10:08:09   ├─ /trailers/how-green-was-my-valley-1941/index.html (+1ms)
10:08:09   ├─ /trailers/citizen-kane-1941/index.html (+1ms)
10:08:09   ├─ /trailers/el-halcon-maltes-1941/index.html (+1ms)
10:08:09   ├─ /trailers/fantasia-1940/index.html (+1ms)
10:08:09   ├─ /trailers/rebecca-1940/index.html (+1ms)
10:08:09   ├─ /trailers/pinocho-1940/index.html (+1ms)
10:08:09   ├─ /trailers/gone-with-the-wind-1939/index.html (+1ms)
10:08:10   ├─ /trailers/the-wizard-of-oz-1939/index.html (+1ms)
10:08:10   ├─ /trailers/you-can-t-take-it-with-you-1938/index.html (+2ms)
10:08:10   ├─ /trailers/the-life-of-emile-zola-1937/index.html (+1ms)
10:08:10   ├─ /trailers/blancanieves-y-los-siete-enanitos-1937/index.html (+1ms)
10:08:10   ├─ /trailers/the-great-ziegfeld-1936/index.html (+1ms)
10:08:10   ├─ /trailers/tiempos-modernos-1936/index.html (+1ms)
10:08:10   ├─ /trailers/mutiny-on-the-bounty-1935/index.html (+1ms)
10:08:10   ├─ /trailers/it-happened-one-night-1934/index.html (+1ms)
10:08:10   ├─ /trailers/cavalcade-1933/index.html (+1ms)
10:08:10   ├─ /trailers/grand-hotel-1932/index.html (+1ms)
10:08:10   ├─ /trailers/freaks-1932/index.html (+1ms)
10:08:10   ├─ /trailers/cimarron-1931/index.html (+1ms)
10:08:10   ├─ /trailers/m-el-vampiro-de-dusseldorf-1931/index.html (+1ms)
10:08:10   ├─ /trailers/all-quiet-on-the-western-front-1930/index.html (+1ms)
10:08:10   ├─ /trailers/the-broadway-melody-1929/index.html (+1ms)
10:08:10   ├─ /trailers/man-with-a-movie-camera-1929/index.html (+1ms)
10:08:10   ├─ /trailers/la-pasion-de-juana-de-arco-1928/index.html (+1ms)
10:08:10   ├─ /trailers/wings-1927/index.html (+1ms)
10:08:10   ├─ /trailers/metropolis-1927/index.html (+1ms)
10:08:10   ├─ /trailers/el-maquinista-de-la-general-1926/index.html (+1ms)
10:08:10   ├─ /trailers/nosferatu-1922/index.html (+1ms)
10:08:10   ├─ /index.html (+6.01s)
10:08:16 ✓ Completed in 4m 41s.

10:08:16 [build] ✓ Completed in 4m 49s.
10:08:16 [build] 7621 page(s) built in 4m 53s
10:08:16 [build] Complete!
